 PEER Ground Motion Database, Time Series Search Report -- NGA-West2 -- 2025-09-12,,,,,,,,,,,,,,,,,,,,,,,,,,,,,,,,,,,,,,,,,,,,,,,,,,,,,,,,,,,,,,
,,,,,,,,,,,,,,,,,,,,,,,,,,,,,,,,,,,,,,,,,,,,,,,,,,,,,,,,,,,,,,,
,,,,,,,,,,,,,,,,,,,,,,,,,,,,,,,,,,,,,,,,,,,,,,,,,,,,,,,,,,,,,,,
 -- Summary of PEER Ground Motion Database Search Criteria --,,,,,,,,,,,,,,,,,,,,,,,,,,,,,,,,,,,,,,,,,,,,,,,,,,,,,,,,,,,,,,,
Magnitude Min:,5,,,,,,,,,,,,,,,,,,,,,,,,,,,,,,,,,,,,,,,,,,,,,,,,,,,,,,,,,,,,,,
Magnitude Max:,8,,,,,,,,,,,,,,,,,,,,,,,,,,,,,,,,,,,,,,,,,,,,,,,,,,,,,,,,,,,,,,
Rrup Min (km):,0,,,,,,,,,,,,,,,,,,,,,,,,,,,,,,,,,,,,,,,,,,,,,,,,,,,,,,,,,,,,,,
Rrup Max (km):,45,,,,,,,,,,,,,,,,,,,,,,,,,,,,,,,,,,,,,,,,,,,,,,,,,,,,,,,,,,,,,,
Rjb Min (km):,0,,,,,,,,,,,,,,,,,,,,,,,,,,,,,,,,,,,,,,,,,,,,,,,,,,,,,,,,,,,,,,
Rjb Max (km):,45,,,,,,,,,,,,,,,,,,,,,,,,,,,,,,,,,,,,,,,,,,,,,,,,,,,,,,,,,,,,,,
Vs30 Min (m/sec):,600,,,,,,,,,,,,,,,,,,,,,,,,,,,,,,,,,,,,,,,,,,,,,,,,,,,,,,,,,,,,,,
Vs30 Max (m/sec):,1550,,,,,,,,,,,,,,,,,,,,,,,,,,,,,,,,,,,,,,,,,,,,,,,,,,,,,,,,,,,,,,
D9-95 Min (sec):,-1.00E-06,,,,,,,,,,,,,,,,,,,,,,,,,,,,,,,,,,,,,,,,,,,,,,,,,,,,,,,,,,,,,,
D9-95 Max (sec):,99999,,,,,,,,,,,,,,,,,,,,,,,,,,,,,,,,,,,,,,,,,,,,,,,,,,,,,,,,,,,,,,
Scale Factor Min:,-1.00E-06,,,,,,,,,,,,,,,,,,,,,,,,,,,,,,,,,,,,,,,,,,,,,,,,,,,,,,,,,,,,,,
Scale Factor Max:,99999,,,,,,,,,,,,,,,,,,,,,,,,,,,,,,,,,,,,,,,,,,,,,,,,,,,,,,,,,,,,,,
Period Array:, ,,,,,,,,,,,,,,,,,,,,,,,,,,,,,,,,,,,,,,,,,,,,,,,,,,,,,,,,,,,,,,
Weight Array:, ,,,,,,,,,,,,,,,,,,,,,,,,,,,,,,,,,,,,,,,,,,,,,,,,,,,,,,,,,,,,,,
Record Sequence Number:, ,,,,,,,,,,,,,,,,,,,,,,,,,,,,,,,,,,,,,,,,,,,,,,,,,,,,,,,,,,,,,,
Earthquake Name:, ,,,,,,,,,,,,,,,,,,,,,,,,,,,,,,,,,,,,,,,,,,,,,,,,,,,,,,,,,,,,,,
Station Name:, ,,,,,,,,,,,,,,,,,,,,,,,,,,,,,,,,,,,,,,,,,,,,,,,,,,,,,,,,,,,,,,
User-Defined Maximum Number of Records:, ,,,,,,,,,,,,,,,,,,,,,,,,,,,,,,,,,,,,,,,,,,,,,,,,,,,,,,,,,,,,,,
Pulse:,3,,,,,,,,,,,,,,,,,,,,,,,,,,,,,,,,,,,,,,,,,,,,,,,,,,,,,,,,,,,,,,
Damping Ratio:,0.05,,,,,,,,,,,,,,,,,,,,,,,,,,,,,,,,,,,,,,,,,,,,,,,,,,,,,,,,,,,,,,
Scaling Method:, No Scaling,,,,,,,,,,,,,,,,,,,,,,,,,,,,,,,,,,,,,,,,,,,,,,,,,,,,,,,,,,,,,,
Suite Average:, Arithmetic,,,,,,,,,,,,,,,,,,,,,,,,,,,,,,,,,,,,,,,,,,,,,,,,,,,,,,,,,,,,,,
Single-Period-Scaling Period (sec):, ,,,,,,,,,,,,,,,,,,,,,,,,,,,,,,,,,,,,,,,,,,,,,,,,,,,,,,,,,,,,,,
Component:, SRSS,,,,,,,,,,,,,,,,,,,,,,,,,,,,,,,,,,,,,,,,,,,,,,,,,,,,,,,,,,,,,,
Fault Type:, Normal/Oblique,,,,,,,,,,,,,,,,,,,,,,,,,,,,,,,,,,,,,,,,,,,,,,,,,,,,,,,,,,,,,,
,,,,,,,,,,,,,,,,,,,,,,,,,,,,,,,,,,,,,,,,,,,,,,,,,,,,,,,,,,,,,,,
,,,,,,,,,,,,,,,,,,,,,,,,,,,,,,,,,,,,,,,,,,,,,,,,,,,,,,,,,,,,,,,
 -- Summary of Metadata of Selected Records --,,,,,,,,,,,,,,,,,,,,,,,,,,,,,,,,,,,,,,,,,,,,,,,,,,,,,,,,,,,,,,,
Result ID, Spectral Ordinate, Record Sequence Number, Mean Squared Error, Scale Factor, Tp-Pulse Period (sec), 5-75% Duration (sec), 5-95% Duration (sec), Arias Intensity (m/sec), Earthquake Name, Year, Station Name, Magnitude, Mechanism, Rjb (km), Rrup (km), Vs30 (m/sec), Lowest Useable Frequency (Hz), Initial-search Scale Factor, Horizontal-1 Acc. Filename, Horizontal-2 Acc. Filename, Vertical Acc. Filename,,,,,,,,,,,,,,,,,,,,,,,,,,,,,,,,,,,,,,,,,,
1, SRSS,106, -,1, -,1.5,3.4,0," ""Oroville-01""",1975," ""Oroville Seismograph Station""",5.89, Normal,7.79,7.99,680.37,3.75,1, RSN106_OROVILLE_A-ORV037.AT2, RSN106_OROVILLE_A-ORV307.AT2 ,  -----   ,,,,,,,,,,,,,,,,,,,,,,,,,,,,,,,,,,,,,,,,,,
2, SRSS,296, -,1, -,7.8,21.8,0," ""Irpinia_ Italy-02""",1980," ""Bagnoli Irpinio""",6.2, Normal,17.79,19.56,649.67,0.4125,1, RSN296_ITALY_B-BAG000.AT2, RSN296_ITALY_B-BAG270.AT2 , RSN296_ITALY_B-BAG-UP.AT2  ,,,,,,,,,,,,,,,,,,,,,,,,,,,,,,,,,,,,,,,,,,
3, SRSS,1126, -,1, -,3.3,8.6,0.3," ""Kozani_ Greece-01""",1995," ""Kozani""",6.4, Normal,14.13,19.54,649.67,0.75,1, RSN1126_KOZANI_KOZ--L.AT2, RSN1126_KOZANI_KOZ--T.AT2 , RSN1126_KOZANI_KOZ-UP.AT2  ,,,,,,,,,,,,,,,,,,,,,,,,,,,,,,,,,,,,,,,,,,
4, SRSS,4312, -,1, -,3.3,6.8,0," ""Umbria-03_ Italy""",1984," ""Gubbio""",5.6, Normal,14.67,15.72,922,0.2875,1, RSN4312_UMBRIA.P_I-GBB000.AT2, RSN4312_UMBRIA.P_I-GBB090.AT2 , RSN4312_UMBRIA.P_I-GBB-UP.AT2  ,,,,,,,,,,,,,,,,,,,,,,,,,,,,,,,,,,,,,,,,,,
5, SRSS,4369, -,1, -,2,5.1,0.1," ""Umbria Marche (aftershock 1)_ Italy""",1997," ""Nocera Umbra-Salmata""",5.5, Normal,11.72,12.45,694,0.5,1, RSN4369_UBMARCHE.P_E-NCM000.AT2, RSN4369_UBMARCHE.P_E-NCM270.AT2 , RSN4369_UBMARCHE.P_E-NCM-DN.AT2  ,,,,,,,,,,,,,,,,,,,,,,,,,,,,,,,,,,,,,,,,,,
6, SRSS,4380, -,1, -,2.5,6.6,0," ""Umbria Marche (aftershock 8)_ Italy""",1997," ""Norcia""",5.2, Normal,15.98,17.12,678,0.1375,1, RSN4380_UBMARCHE.P_I-NRC000.AT2, RSN4380_UBMARCHE.P_I-NRC270.AT2 , RSN4380_UBMARCHE.P_I-NRC-DN.AT2  ,,,,,,,,,,,,,,,,,,,,,,,,,,,,,,,,,,,,,,,,,,
7, SRSS,4390, -,1, -,3,10.6,0.1," ""Umbria Marche (aftershock 2)_ Italy""",1997," ""Norcia""",5.6, Normal,16.91,19.06,678,0.1625,1, RSN4390_UBMARCHE.P_J-NRC000.AT2, RSN4390_UBMARCHE.P_J-NRC270.AT2 , RSN4390_UBMARCHE.P_J-NRCDWN.AT2  ,,,,,,,,,,,,,,,,,,,,,,,,,,,,,,,,,,,,,,,,,,
8, SRSS,4472, -,1, -,3.9,7.9,0," ""L'Aquila_ Italy""",2009," ""Celano""",6.3, Normal,17.82,21.4,612.78,0.0375,1, RSN4472_L-AQUILA_TK003XTE.AT2, RSN4472_L-AQUILA_TK003YLN.AT2 , RSN4472_L-AQUILA_TK003ZUP.AT2  ,,,,,,,,,,,,,,,,,,,,,,,,,,,,,,,,,,,,,,,,,,
9, SRSS,4475, -,1, -,10.3,22.4,0," ""L'Aquila_ Italy""",2009," ""Fiamignano""",6.3, Normal,19.08,22.92,638.39,0.125,1, RSN4475_L-AQUILA_BX007XTE.AT2, RSN4475_L-AQUILA_BX007YLN.AT2 , RSN4475_L-AQUILA_BX007ZUP.AT2  ,,,,,,,,,,,,,,,,,,,,,,,,,,,,,,,,,,,,,,,,,,
10, SRSS,4481, -,1, -,4.3,8.4,1.4," ""L'Aquila_ Italy""",2009," ""L'Aquila - V. Aterno -Colle Grilli""",6.3, Normal,0,6.81,685,0.05,1, RSN4481_L-AQUILA_FA030XTE.AT2, RSN4481_L-AQUILA_FA030YLN.AT2 , RSN4481_L-AQUILA_FA030ZUP.AT2  ,,,,,,,,,,,,,,,,,,,,,,,,,,,,,,,,,,,,,,,,,,
11, SRSS,4485, -,1, -,10.2,29.1,0," ""L'Aquila_ Italy""",2009," ""Leonessa""",6.3, Normal,33.98,35.95,649.67,0.1,1, RSN4485_L-AQUILA_ZC002XTE.AT2, RSN4485_L-AQUILA_ZC002YLN.AT2 , RSN4485_L-AQUILA_ZC002ZUP.AT2  ,,,,,,,,,,,,,,,,,,,,,,,,,,,,,,,,,,,,,,,,,,
12, SRSS,4503, -,1, -,6.8,14.1,0," ""L'Aquila_ Italy""",2009," ""Sulmona""",6.3, Normal,39.04,39.05,612.78,0.025,1, RSN4503_L-AQUILA_CR003XTE.AT2, RSN4503_L-AQUILA_CR003YLN.AT2 , RSN4503_L-AQUILA_CR003ZUP.AT2  ,,,,,,,,,,,,,,,,,,,,,,,,,,,,,,,,,,,,,,,,,,
13, SRSS,4509, -,1, -,2,5.5,0.1," ""L'Aquila (aftershock 1)_ Italy""",2009," ""L'Aquila - V. Aterno -Colle Grilli""",5.6, Normal Oblique,11.13,14.95,685,0.125,1, RSN4509_L-AQUILA.A_FA194XTE.AT2, RSN4509_L-AQUILA.A_FA194YLN.AT2 , RSN4509_L-AQUILA.A_FA194ZUP.AT2  ,,,,,,,,,,,,,,,,,,,,,,,,,,,,,,,,,,,,,,,,,,
14, SRSS,4513, -,1, -,4.3,13.4,0.1," ""L'Aquila (aftershock 1)_ Italy""",2009," ""L'Aquila - Parking""",5.6, Normal Oblique,5.07,11.19,717,0.0625,1, RSN4513_L-AQUILA.A_AM383XTE.AT2, RSN4513_L-AQUILA.A_AM383YLN.AT2 , RSN4513_L-AQUILA.A_AM383ZUP.AT2  ,,,,,,,,,,,,,,,,,,,,,,,,,,,,,,,,,,,,,,,,,,
15, SRSS,4518, -,1, -,4.7,8.3,0," ""L'Aquila (aftershock 1)_ Italy""",2009," ""Celano""",5.6, Normal Oblique,19.95,25.08,612.78,0.1,1, RSN4518_L-AQUILA.A_TK011XTE.AT2, RSN4518_L-AQUILA.A_TK011YLN.AT2 , RSN4518_L-AQUILA.A_TK011ZUP.AT2  ,,,,,,,,,,,,,,,,,,,,,,,,,,,,,,,,,,,,,,,,,,
16, SRSS,4520, -,1, -,4,10.1,0," ""L'Aquila (aftershock 1)_ Italy""",2009," ""Sulmona""",5.6, Normal Oblique,39.71,42.06,612.78,0.03125,1, RSN4520_L-AQUILA.A_CR007XTE.AT2, RSN4520_L-AQUILA.A_CR007YLN.AT2 , RSN4520_L-AQUILA.A_CR007ZUP.AT2  ,,,,,,,,,,,,,,,,,,,,,,,,,,,,,,,,,,,,,,,,,,
17, SRSS,4524, -,1, -,6.9,16.5,0," ""L'Aquila (aftershock 1)_ Italy""",2009," ""Fiamignano""",5.6, Normal Oblique,26.15,29.36,638.39,0.03125,1, RSN4524_L-AQUILA.A_BX017XTE.AT2, RSN4524_L-AQUILA.A_BX017YLN.AT2 , RSN4524_L-AQUILA.A_BX017ZUP.AT2  ,,,,,,,,,,,,,,,,,,,,,,,,,,,,,,,,,,,,,,,,,,
18, SRSS,4551, -,1, -,3.4,6.5,0," ""L'Aquila (aftershock 2)_ Italy""",2009," ""L'Aquila - V. Aterno -Colle Grilli""",5.4, Normal,10.76,18.16,685,0.25,1, RSN4551_L-AQUILA.B_FA237XTE.AT2, RSN4551_L-AQUILA.B_FA237YLN.AT2 , RSN4551_L-AQUILA.B_FA237ZUP.AT2  ,,,,,,,,,,,,,,,,,,,,,,,,,,,,,,,,,,,,,,,,,,
19, SRSS,4554, -,1, -,7.8,15.4,0," ""L'Aquila (aftershock 2)_ Italy""",2009," ""L'Aquila - Parking""",5.4, Normal,13.99,19.97,717,0.0625,1, RSN4554_L-AQUILA.B_AM440XTE.AT2, RSN4554_L-AQUILA.B_AM440YLN.AT2 , RSN4554_L-AQUILA.B_AM440ZUP.AT2  ,,,,,,,,,,,,,,,,,,,,,,,,,,,,,,,,,,,,,,,,,,
20, SRSS,4558, -,1, -,5.1,11.7,0," ""L'Aquila (aftershock 2)_ Italy""",2009," ""Leonessa""",5.4, Normal,29.36,33.18,649.67,0.0625,1, RSN4558_L-AQUILA.B_ZC008XTE.AT2, RSN4558_L-AQUILA.B_ZC008YLN.AT2 , RSN4558_L-AQUILA.B_ZC008ZUP.AT2  ,,,,,,,,,,,,,,,,,,,,,,,,,,,,,,,,,,,,,,,,,,
21, SRSS,4566, -,1, -,12.3,24.7,0," ""L'Aquila (aftershock 2)_ Italy""",2009," ""Fiamignano""",5.4, Normal,30.08,33.81,638.39,0.05,1, RSN4566_L-AQUILA.B_BX019XTE.AT2, RSN4566_L-AQUILA.B_BX019YLN.AT2 , RSN4566_L-AQUILA.B_BX019ZUP.AT2  ,,,,,,,,,,,,,,,,,,,,,,,,,,,,,,,,,,,,,,,,,,
,,,,,,,,,,,,,,,,,,,,,,,,,,,,,,,,,,,,,,,,,,,,,,,,,,,,,,,,,,,,,,,
 These records were obtained from the NGA-West2 On-Line Ground-Motion Database Tool,,,,,,,,,,,,,,,,,,,,,,,,,,,,,,,,,,,,,,,,,,,,,,,,,,,,,,,,,,,,,,,
 These records are UNSCALED, AS RECORDED,,,,,,,,,,,,,,,,,,,,,,,,,,,,,,,,,,,,,,,,,,,,,,,,,,,,,,,,,,,,,,
 Filename Extension: ,,,,,,,,,,,,,,,,,,,,,,,,,,,,,,,,,,,,,,,,,,,,,,,,,,,,,,,,,,,,,,,
   ,AT2 = Acceleration,,,,,,,,,,,,,,,,,,,,,,,,,,,,,,,,,,,,,,,,,,,,,,,,,,,,,,,,,,,,,,
   ,VT2 = Velocity,,,,,,,,,,,,,,,,,,,,,,,,,,,,,,,,,,,,,,,,,,,,,,,,,,,,,,,,,,,,,,
   ,DT2 = Displacement,,,,,,,,,,,,,,,,,,,,,,,,,,,,,,,,,,,,,,,,,,,,,,,,,,,,,,,,,,,,,,
 The users of the NGA-West2 databases, flatfiles, models and reports are requested to acknowledge the Pacific Earthquake Engineering Research Center (PEER) in their work and publications.,,,,,,,,,,,,,,,,,,,,,,,,,,,,,,,,,,,,,,,,,,,,,,,,,,,,,,,,,,,,,
,,,,,,,,,,,,,,,,,,,,,,,,,,,,,,,,,,,,,,,,,,,,,,,,,,,,,,,,,,,,,,,
 -- Scaled Spectra used in Search & Scaling --,,,,,,,,,,,,,,,,,,,,,,,,,,,,,,,,,,,,,,,,,,,,,,,,,,,,,,,,,,,,,,,
Period (sec),Arithmetic Mean pSa (g),Arithmetic Mean + Sigma pSa (g),Arithmetic Mean - Sigma pSa (g),RSN-106 SRSS pSa (g),RSN-296 SRSS pSa (g),RSN-1126 SRSS pSa (g),RSN-4312 SRSS pSa (g),RSN-4369 SRSS pSa (g),RSN-4380 SRSS pSa (g),RSN-4390 SRSS pSa (g),RSN-4472 SRSS pSa (g),RSN-4475 SRSS pSa (g),RSN-4481 SRSS pSa (g),RSN-4485 SRSS pSa (g),RSN-4503 SRSS pSa (g),RSN-4509 SRSS pSa (g),RSN-4513 SRSS pSa (g),RSN-4518 SRSS pSa (g),RSN-4520 SRSS pSa (g),RSN-4524 SRSS pSa (g),RSN-4551 SRSS pSa (g),RSN-4554 SRSS pSa (g),RSN-4558 SRSS pSa (g),RSN-4566 SRSS pSa (g),,,,,,,,,,,,,,,,,,,,,,,,,,,,,,,,,,,,,,,
0.01,0.12040594,0.42157326,0.03438925,0.11363978,0.0749919,0.25033187,0.08417565,0.25526246,0.07849864,0.16452829,0.12414994,0.03622783,0.71509795,0.01261938,0.04423688,0.18293716,0.12335249,0.03947241,0.03239132,0.01590688,0.09860473,0.06482258,0.01249871,0.00477784,,,,,,,,,,,,,,,,,,,,,,,,,,,,,,,,,,,,,,,
0.02,0.13646094,0.56029224,0.03323549,0.11582356,0.07560863,0.25473201,0.08640616,0.26251826,0.07904953,0.16514235,0.12733918,0.03659193,0.92730755,0.01278417,0.044621,0.23125648,0.12645593,0.04148543,0.03397255,0.01602572,0.14221143,0.06790974,0.01359672,0.00484149,,,,,,,,,,,,,,,,,,,,,,,,,,,,,,,,,,,,,,,
0.022,0.14386127,0.6688866,0.03094107,0.11655016,0.07650441,0.2523692,0.08536738,0.26327793,0.07914311,0.16537057,0.13108076,0.03661266,1.07026953,0.01304568,0.04480445,0.24254492,0.12832521,0.042987,0.03447936,0.01606183,0.13351079,0.06981643,0.01409996,0.00486536,,,,,,,,,,,,,,,,,,,,,,,,,,,,,,,,,,,,,,,
0.025,0.14772188,0.66909327,0.03261392,0.11746418,0.07676223,0.25394514,0.08761567,0.28888871,0.07924775,0.16562376,0.13632293,0.03688138,1.07565961,0.01310493,0.04511763,0.25832546,0.13186881,0.04208252,0.03575463,0.01612799,0.15239957,0.06955857,0.01452552,0.00488246,,,,,,,,,,,,,,,,,,,,,,,,,,,,,,,,,,,,,,,
0.029,0.14921991,0.63908909,0.03484112,0.11804269,0.0758204,0.26292767,0.09119278,0.31397851,0.07935956,0.16594474,0.1447691,0.03793272,1.04437965,0.01406604,0.0459991,0.24469381,0.14029004,0.04690941,0.03804501,0.01623927,0.1456938,0.08324091,0.0191333,0.00495951,,,,,,,,,,,,,,,,,,,,,,,,,,,,,,,,,,,,,,,
0.03,0.15339317,0.68986875,0.03410716,0.11793648,0.07609471,0.26830369,0.09272171,0.31704012,0.07944758,0.16613689,0.14394519,0.03816185,1.11311503,0.01413113,0.04623396,0.24060679,0.14235806,0.04830981,0.03898847,0.01625762,0.15038704,0.08681349,0.01929257,0.00497435,,,,,,,,,,,,,,,,,,,,,,,,,,,,,,,,,,,,,,,
0.032,0.15403776,0.70125785,0.03383582,0.11761339,0.07638581,0.26858192,0.09263956,0.32696616,0.07966557,0.16646067,0.13569869,0.0386096,1.12757834,0.01445893,0.04628001,0.2331403,0.14700981,0.05117455,0.04382025,0.01627291,0.13469286,0.09269461,0.02006153,0.00498748,,,,,,,,,,,,,,,,,,,,,,,,,,,,,,,,,,,,,,,
0.035,0.15532188,0.66548056,0.03625183,0.12001182,0.07655515,0.27343826,0.1022626,0.31821002,0.07985496,0.16677371,0.13550756,0.03967089,1.09297304,0.01500462,0.04671175,0.24209507,0.15316282,0.05732115,0.04658743,0.0163726,0.15088878,0.10111396,0.02208985,0.00515346,,,,,,,,,,,,,,,,,,,,,,,,,,,,,,,,,,,,,,,
0.036,0.15844277,0.66769853,0.03759797,0.12072523,0.07689472,0.28887082,0.10295112,0.31856415,0.07993177,0.16684673,0.14325219,0.03966417,1.10074081,0.01517985,0.04666069,0.25312482,0.15373943,0.05783962,0.04891946,0.01646547,0.15831168,0.11096045,0.02242181,0.00523315,,,,,,,,,,,,,,,,,,,,,,,,,,,,,,,,,,,,,,,
0.04,0.16687741,0.75624502,0.03682413,0.12519954,0.07584689,0.30037688,0.10053197,0.30020183,0.08056189,0.16723596,0.15785759,0.04431754,1.22378691,0.01490121,0.04872909,0.27344742,0.15171527,0.04899308,0.05284596,0.01653532,0.15002715,0.14275753,0.02323724,0.00531925,,,,,,,,,,,,,,,,,,,,,,,,,,,,,,,,,,,,,,,
0.042,0.16471165,0.72564617,0.03738727,0.12398152,0.07694036,0.29348687,0.10429644,0.32383433,0.08085774,0.16768885,0.15853888,0.04295177,1.18255272,0.01570869,0.04990647,0.26571266,0.15081176,0.05277393,0.04854867,0.01659411,0.12973018,0.14212413,0.02642612,0.00547842,,,,,,,,,,,,,,,,,,,,,,,,,,,,,,,,,,,,,,,
0.044,0.1671655,0.70932736,0.0393955,0.13350093,0.07909334,0.30935342,0.10784365,0.37120727,0.08125833,0.16858524,0.16541422,0.04312731,1.16178792,0.01638278,0.05123479,0.23980095,0.16269611,0.05183634,0.04987842,0.0168129,0.11531385,0.15189685,0.02805444,0.00539636,,,,,,,,,,,,,,,,,,,,,,,,,,,,,,,,,,,,,,,
0.045,0.16964925,0.71889128,0.04003508,0.13850691,0.07947612,0.32577853,0.11108614,0.39442885,0.08156235,0.16911393,0.16675353,0.04260302,1.17313856,0.01638964,0.05110002,0.2235545,0.16184583,0.05310066,0.05050862,0.01675405,0.11627713,0.15790835,0.0273911,0.00535641,,,,,,,,,,,,,,,,,,,,,,,,,,,,,,,,,,,,,,,
0.046,0.17316461,0.73791331,0.04063618,0.14123858,0.07975105,0.33734735,0.11298698,0.43018968,0.08195605,0.16964323,0.16667304,0.04196102,1.19470755,0.01697616,0.0506909,0.21507629,0.15701225,0.05436599,0.04882266,0.01671911,0.12322183,0.16522301,0.0264366,0.00545746,,,,,,,,,,,,,,,,,,,,,,,,,,,,,,,,,,,,,,,
0.048,0.17910919,0.78418555,0.04090882,0.14088476,0.07896887,0.33956951,0.11407635,0.47245369,0.08273434,0.17076089,0.16071153,0.0416812,1.25422982,0.01759745,0.05033547,0.20417754,0.16131565,0.06163768,0.04750086,0.01716738,0.1357095,0.18011567,0.0237564,0.00590849,,,,,,,,,,,,,,,,,,,,,,,,,,,,,,,,,,,,,,,
0.05,0.18058315,0.7792713,0.04184714,0.13619182,0.08073855,0.341991,0.11370094,0.46972373,0.08350447,0.17142888,0.15878706,0.042427,1.25351443,0.01791181,0.05086448,0.21395997,0.17015494,0.06514666,0.04964282,0.01793533,0.14452706,0.18022885,0.02374461,0.00612165,,,,,,,,,,,,,,,,,,,,,,,,,,,,,,,,,,,,,,,
0.055,0.18792881,0.77063468,0.04582877,0.14992656,0.08481289,0.32904985,0.10828401,0.48512894,0.0865308,0.17226517,0.14430779,0.04574853,1.25700136,0.01904473,0.05460902,0.26519142,0.20170368,0.06928855,0.05526439,0.01836646,0.14428133,0.22191798,0.0276613,0.00612015,,,,,,,,,,,,,,,,,,,,,,,,,,,,,,,,,,,,,,,
0.06,0.18871562,0.71650853,0.04970434,0.16260671,0.09061191,0.33545224,0.13029322,0.52243818,0.08912197,0.17278269,0.16948071,0.05457652,1.17307777,0.01838994,0.05463515,0.30386648,0.2082858,0.06034179,0.05914653,0.01784159,0.12389205,0.18392589,0.02564695,0.00661395,,,,,,,,,,,,,,,,,,,,,,,,,,,,,,,,,,,,,,,
0.065,0.20371546,0.70853389,0.05857164,0.20086982,0.09449001,0.35939681,0.13484047,0.71063045,0.09139471,0.17535489,0.21170552,0.05685956,1.09588806,0.01847263,0.05893008,0.35069178,0.21803291,0.06100615,0.06207388,0.01875732,0.14599109,0.17707345,0.02863261,0.00693251,,,,,,,,,,,,,,,,,,,,,,,,,,,,,,,,,,,,,,,
0.067,0.21009274,0.72121735,0.06120064,0.22623659,0.09414346,0.38281341,0.13600234,0.74044364,0.09224956,0.1749871,0.2108532,0.06076214,1.10423097,0.02019554,0.06047712,0.37280917,0.23300847,0.06311283,0.06442793,0.02011601,0.15041214,0.16575347,0.03179765,0.00711486,,,,,,,,,,,,,,,,,,,,,,,,,,,,,,,,,,,,,,,
0.07,0.21159437,0.71633346,0.06250187,0.24247217,0.0934472,0.39743302,0.12777854,0.74180045,0.09410791,0.17945157,0.20173876,0.06232088,1.09332138,0.02363786,0.060915,0.36862275,0.26473081,0.06865088,0.06247835,0.02028016,0.15261445,0.14710992,0.03339247,0.00717732,,,,,,,,,,,,,,,,,,,,,,,,,,,,,,,,,,,,,,,
0.075,0.20772169,0.71510193,0.06033867,0.23901097,0.12065929,0.3786499,0.13300446,0.65454007,0.10606816,0.20302626,0.17076259,0.05566192,1.15148259,0.02628576,0.0617237,0.28743135,0.27158346,0.06387141,0.06300014,0.02191736,0.1659544,0.14409234,0.0362606,0.00716879,,,,,,,,,,,,,,,,,,,,,,,,,,,,,,,,,,,,,,,
0.08,0.19646355,0.60856595,0.06342439,0.23192442,0.13119912,0.37767401,0.14886015,0.54903532,0.11764895,0.22854514,0.1678647,0.05625423,1.00668188,0.02418937,0.05834261,0.2777853,0.23819141,0.0622894,0.06508374,0.02203854,0.17301234,0.14396843,0.03795514,0.00719039,,,,,,,,,,,,,,,,,,,,,,,,,,,,,,,,,,,,,,,
0.085,0.19245626,0.54687941,0.06772866,0.22864949,0.13094525,0.37097598,0.15102763,0.5277882,0.13132555,0.26725525,0.17954695,0.06246989,0.89148403,0.0261418,0.05616284,0.29083935,0.2324741,0.06032123,0.06391808,0.02087488,0.1517528,0.15172423,0.03854767,0.00735616,,,,,,,,,,,,,,,,,,,,,,,,,,,,,,,,,,,,,,,
0.09,0.20216455,0.58327326,0.07007094,0.23187218,0.12143567,0.40015659,0.14090677,0.54819595,0.1567503,0.29485387,0.20436279,0.06646023,0.9549483,0.02868657,0.07291663,0.28626566,0.24686993,0.06685469,0.06523102,0.02036941,0.14996661,0.14584054,0.03552544,0.00698631,,,,,,,,,,,,,,,,,,,,,,,,,,,,,,,,,,,,,,,
0.095,0.22251308,0.6539155,0.07571632,0.27152386,0.1213376,0.46238325,0.14676482,0.60224826,0.19518436,0.2993035,0.24858116,0.06520276,1.06816525,0.03263035,0.0843201,0.28860597,0.27576852,0.07803553,0.06171559,0.02315295,0.15999576,0.14924563,0.03067088,0.00793865,,,,,,,,,,,,,,,,,,,,,,,,,,,,,,,,,,,,,,,
0.1,0.23675684,0.67838347,0.08262849,0.31208923,0.13635124,0.58008367,0.15366388,0.54971207,0.24195017,0.2973702,0.27232934,0.07423112,1.10944111,0.02908443,0.08897998,0.29711435,0.27624268,0.08364653,0.0633688,0.02422983,0.19128139,0.15261874,0.02913634,0.00896845,,,,,,,,,,,,,,,,,,,,,,,,,,,,,,,,,,,,,,,
0.11,0.23862316,0.61014205,0.09332419,0.35959644,0.15925173,0.69504247,0.1554556,0.43836799,0.31756287,0.32344012,0.26973186,0.0864457,0.91651637,0.02986627,0.09353674,0.31439476,0.30054575,0.07509593,0.07784527,0.0250904,0.193274,0.1433631,0.02712242,0.00954052,,,,,,,,,,,,,,,,,,,,,,,,,,,,,,,,,,,,,,,
0.12,0.23328668,0.58025972,0.0937902,0.41703687,0.16630467,0.6693451,0.16496248,0.42907896,0.26433674,0.32208487,0.23789426,0.08922626,0.84118978,0.02821933,0.08388401,0.32380538,0.32071306,0.07450365,0.07265892,0.02688463,0.19808224,0.13453265,0.02424671,0.01002972,,,,,,,,,,,,,,,,,,,,,,,,,,,,,,,,,,,,,,,
0.13,0.23893929,0.61147966,0.09336694,0.5091982,0.11971272,0.59005915,0.1892395,0.46680621,0.23473345,0.32320995,0.23144509,0.09000392,0.92960757,0.02639797,0.08588784,0.32513081,0.30233263,0.07699062,0.06890756,0.02990395,0.24392835,0.14053714,0.02337985,0.01031271,,,,,,,,,,,,,,,,,,,,,,,,,,,,,,,,,,,,,,,
0.133,0.24073695,0.61516367,0.09420953,0.50094775,0.11660983,0.560741,0.19406008,0.47994033,0.22210942,0.3500357,0.24017601,0.0897455,0.94582533,0.02678614,0.08504009,0.33636938,0.29214511,0.07855913,0.06411301,0.03060541,0.26527561,0.1429666,0.02275004,0.01067455,,,,,,,,,,,,,,,,,,,,,,,,,,,,,,,,,,,,,,,
0.14,0.24876299,0.66048913,0.09369272,0.49328653,0.13443302,0.5290328,0.18468372,0.50080748,0.19974321,0.37409481,0.26355643,0.08775351,1.06078346,0.02612509,0.08207333,0.35420095,0.2711868,0.08638982,0.06370594,0.03229511,0.30104544,0.14060025,0.02619101,0.01203407,,,,,,,,,,,,,,,,,,,,,,,,,,,,,,,,,,,,,,,
0.15,0.26052274,0.73104641,0.09284239,0.43347708,0.12787362,0.67342177,0.19088462,0.46883574,0.18718402,0.39862147,0.28503292,0.07316553,1.15924571,0.03134824,0.0771765,0.44546843,0.26847811,0.08543908,0.06138637,0.03315898,0.3170986,0.11525361,0.026242,0.01218507,,,,,,,,,,,,,,,,,,,,,,,,,,,,,,,,,,,,,,,
0.16,0.25417898,0.66501164,0.09715162,0.36878315,0.15103263,0.64402088,0.24190952,0.43516127,0.18400365,0.47071287,0.24400947,0.07672071,1.01830823,0.02921675,0.08387936,0.49262775,0.26962163,0.08503308,0.06865923,0.03012279,0.28207584,0.1268422,0.0235367,0.01148096,,,,,,,,,,,,,,,,,,,,,,,,,,,,,,,,,,,,,,,
0.17,0.25600146,0.64932419,0.1009307,0.36814304,0.1487445,0.73545585,0.29453707,0.45888443,0.16375761,0.47055446,0.20582848,0.0726089,0.90041878,0.02677834,0.0926326,0.51784011,0.28438295,0.10119002,0.07753858,0.03354008,0.27944232,0.10701055,0.02545496,0.01128702,,,,,,,,,,,,,,,,,,,,,,,,,,,,,,,,,,,,,,,
0.18,0.26130566,0.68445577,0.09975903,0.33618186,0.16003707,0.76693771,0.33305334,0.47611983,0.14603705,0.49888431,0.19570557,0.0685821,0.97015524,0.02833031,0.0962243,0.50299291,0.29697715,0.11472768,0.07456789,0.03737938,0.25032485,0.09914849,0.0251203,0.00993148,,,,,,,,,,,,,,,,,,,,,,,,,,,,,,,,,,,,,,,
0.19,0.27455937,0.80297636,0.09387928,0.32681383,0.13531722,0.90281759,0.29958564,0.51604541,0.15176081,0.48535442,0.20796289,0.07647635,1.18573891,0.02785753,0.08936741,0.4477472,0.32149993,0.11339054,0.06881064,0.0399521,0.22874136,0.10721191,0.02324252,0.01005249,,,,,,,,,,,,,,,,,,,,,,,,,,,,,,,,,,,,,,,
0.2,0.26909869,0.82209489,0.08808485,0.30212675,0.1221196,0.87341461,0.25809651,0.50681916,0.15395999,0.46975531,0.24664152,0.07803297,1.25132287,0.02695761,0.07464806,0.42317085,0.28761703,0.10197052,0.06955283,0.04580882,0.22683278,0.10132408,0.01988471,0.01101589,,,,,,,,,,,,,,,,,,,,,,,,,,,,,,,,,,,,,,,
0.22,0.26253474,0.87958911,0.07835987,0.21859978,0.0935268,0.84158107,0.30771531,0.40333453,0.16126329,0.38100943,0.31314887,0.07285961,1.38846329,0.03519961,0.06796994,0.46941589,0.21062197,0.08895298,0.06624958,0.05461156,0.20237544,0.10746737,0.01672569,0.01213752,,,,,,,,,,,,,,,,,,,,,,,,,,,,,,,,,,,,,,,
0.24,0.24798288,0.80390671,0.07649583,0.15611513,0.09316804,0.74832098,0.33118681,0.38857065,0.16967189,0.30462913,0.3448383,0.06165925,1.25530328,0.0348679,0.07590821,0.54067022,0.21255759,0.0735394,0.05334869,0.03765795,0.19901023,0.09906809,0.01626238,0.01128636,,,,,,,,,,,,,,,,,,,,,,,,,,,,,,,,,,,,,,,
0.25,0.2444594,0.76538744,0.07807863,0.15515586,0.10276107,0.71102258,0.31351863,0.39047932,0.15356609,0.3079019,0.33766812,0.06527723,1.17492561,0.03058161,0.07884681,0.6000144,0.24258838,0.06846199,0.04756169,0.03299786,0.19079996,0.10434172,0.0141218,0.01105483,,,,,,,,,,,,,,,,,,,,,,,,,,,,,,,,,,,,,,,
0.26,0.23894688,0.74067186,0.07708624,0.15527751,0.12048276,0.65927854,0.28257507,0.39797452,0.12719565,0.30456662,0.32364421,0.06371367,1.13463673,0.02622176,0.08362104,0.6251413,0.25917915,0.06710818,0.04426302,0.03148878,0.17510111,0.11359995,0.01239338,0.01042147,,,,,,,,,,,,,,,,,,,,,,,,,,,,,,,,,,,,,,,
0.28,0.22816627,0.76682098,0.06789048,0.14069224,0.12225589,0.59206198,0.2159819,0.40554707,0.10076888,0.27395548,0.28612039,0.06904219,1.21348985,0.02825783,0.08419373,0.58862686,0.25178734,0.07387249,0.03775761,0.02854215,0.13428088,0.1230962,0.01170322,0.00945747,,,,,,,,,,,,,,,,,,,,,,,,,,,,,,,,,,,,,,,
0.29,0.22578663,0.80143562,0.06361036,0.14518235,0.11423785,0.56549238,0.1930161,0.41321326,0.09646874,0.25067597,0.25581338,0.06950988,1.29117085,0.02769795,0.09124461,0.54878497,0.25561007,0.07863889,0.03751009,0.03021379,0.13569508,0.12025054,0.01139904,0.00969353,,,,,,,,,,,,,,,,,,,,,,,,,,,,,,,,,,,,,,,
0.3,0.21817088,0.78051626,0.06098339,0.14415454,0.10478638,0.53386352,0.17689048,0.4083066,0.09857769,0.23772631,0.23851341,0.07205021,1.27075948,0.02934365,0.09705206,0.50381962,0.24941032,0.08829345,0.03357954,0.03045753,0.12903177,0.11261394,0.01224049,0.0101174,,,,,,,,,,,,,,,,,,,,,,,,,,,,,,,,,,,,,,,
0.32,0.20024686,0.68579378,0.05847065,0.13146277,0.09204581,0.45783327,0.17361971,0.37498551,0.10860957,0.2185206,0.21258597,0.07850421,1.14604047,0.02971138,0.10198947,0.42133482,0.2443357,0.10485755,0.02625223,0.03144619,0.12371886,0.10485405,0.01303912,0.00943683,,,,,,,,,,,,,,,,,,,,,,,,,,,,,,,,,,,,,,,
0.34,0.1904089,0.64756903,0.05598716,0.10578876,0.09775712,0.42105113,0.18161554,0.33157813,0.10352224,0.20616618,0.20120121,0.08683295,1.09908973,0.03088857,0.08744491,0.3835264,0.22686878,0.11010409,0.02520694,0.03570139,0.14852037,0.0915062,0.01302478,0.01119143,,,,,,,,,,,,,,,,,,,,,,,,,,,,,,,,,,,,,,,
0.35,0.18747642,0.63636411,0.0552316,0.09906036,0.09977919,0.38456132,0.18170058,0.33642625,0.10198239,0.20267261,0.18977737,0.09022182,1.08781503,0.034723,0.08248908,0.38112926,0.21230747,0.10782599,0.02512516,0.03877461,0.16261602,0.09395241,0.0127461,0.01131883,,,,,,,,,,,,,,,,,,,,,,,,,,,,,,,,,,,,,,,
0.36,0.18663546,0.62713951,0.05554234,0.09595031,0.10633587,0.37557651,0.18952859,0.33844155,0.10485775,0.19930499,0.17668738,0.08830639,1.07735413,0.03869481,0.0809446,0.37604327,0.19770332,0.10574211,0.02673246,0.04057892,0.17845119,0.09645172,0.01278329,0.0128754,,,,,,,,,,,,,,,,,,,,,,,,,,,,,,,,,,,,,,,
0.38,0.18210221,0.56253682,0.05894941,0.08870623,0.1177414,0.37606436,0.1839941,0.33045587,0.11015438,0.20784652,0.145932,0.08227193,0.97220222,0.03753739,0.08316116,0.35331314,0.21516656,0.10304086,0.02711218,0.04430777,0.20189354,0.11666691,0.01304473,0.01353317,,,,,,,,,,,,,,,,,,,,,,,,,,,,,,,,,,,,,,,
0.4,0.17396343,0.54287256,0.05574655,0.07800271,0.12258519,0.3548293,0.16263608,0.33061898,0.11510976,0.21803497,0.12334898,0.07482253,0.94054462,0.03085624,0.0824724,0.30953034,0.19353127,0.09676553,0.02811101,0.04219919,0.20267083,0.12377429,0.01098033,0.01180739,,,,,,,,,,,,,,,,,,,,,,,,,,,,,,,,,,,,,,,
0.42,0.17086029,0.57640439,0.05064715,0.06518451,0.12381829,0.32745865,0.13781211,0.33597623,0.12154717,0.22618667,0.10626444,0.0609032,0.99294127,0.02768509,0.07507243,0.27689511,0.21406994,0.08638966,0.03036142,0.03874339,0.2028801,0.11748165,0.00966674,0.01072809,,,,,,,,,,,,,,,,,,,,,,,,,,,,,,,,,,,,,,,
0.44,0.16444724,0.55105464,0.04907479,0.05000693,0.12188492,0.29553443,0.11403675,0.35268363,0.12960328,0.24607079,0.12041473,0.0546016,0.94275343,0.02796061,0.07170981,0.26313136,0.19501991,0.07855287,0.02910128,0.0352745,0.19822907,0.10815665,0.00830953,0.01035586,,,,,,,,,,,,,,,,,,,,,,,,,,,,,,,,,,,,,,,
0.45,0.16157137,0.54386114,0.04799995,0.04614579,0.1227191,0.27160841,0.10342081,0.35585473,0.13554466,0.25719163,0.12277459,0.05294893,0.92712683,0.02930512,0.07184557,0.26528812,0.19159572,0.07609174,0.02799742,0.03284389,0.1888227,0.09474397,0.00830446,0.01082462,,,,,,,,,,,,,,,,,,,,,,,,,,,,,,,,,,,,,,,
0.46,0.15975211,0.54517241,0.04681223,0.0429512,0.13176822,0.24546334,0.0962094,0.35527344,0.13772553,0.26788342,0.12197634,0.05239254,0.92715521,0.03269373,0.07299242,0.26858995,0.19058254,0.07322373,0.02730361,0.02989211,0.17795637,0.08237909,0.0087514,0.01163065,,,,,,,,,,,,,,,,,,,,,,,,,,,,,,,,,,,,,,,
0.48,0.15708009,0.54236836,0.04549335,0.03608574,0.15356484,0.20188256,0.09186921,0.34639152,0.13044761,0.28261646,0.10932687,0.0595527,0.9206888,0.0354286,0.07507744,0.2710471,0.18731567,0.06750329,0.02733503,0.02638735,0.18002082,0.07502817,0.00879621,0.01231594,,,,,,,,,,,,,,,,,,,,,,,,,,,,,,,,,,,,,,,
0.5,0.16024827,0.57255186,0.04485097,0.03141704,0.17310992,0.20777984,0.0918319,0.33694058,0.12979071,0.28894937,0.09605624,0.06274275,0.97157823,0.03234019,0.07930378,0.25900468,0.19263851,0.06403753,0.02886622,0.02628196,0.18953212,0.08275393,0.0078952,0.01236303,,,,,,,,,,,,,,,,,,,,,,,,,,,,,,,,,,,,,,,
0.55,0.15158086,0.50156142,0.04581046,0.02272673,0.17641017,0.1912724,0.08587767,0.27754198,0.13067042,0.30789564,0.10478235,0.07585237,0.8601671,0.02372573,0.08762421,0.23289798,0.18584571,0.05243201,0.02867469,0.0255516,0.20599836,0.09205837,0.00504867,0.01014394,,,,,,,,,,,,,,,,,,,,,,,,,,,,,,,,,,,,,,,
0.6,0.14363979,0.46117354,0.04473889,0.01784705,0.12599615,0.18794923,0.07567881,0.24335397,0.12204268,0.32711233,0.09971647,0.09600802,0.78104669,0.02121325,0.06932983,0.22251168,0.21624547,0.04545904,0.0242272,0.02604616,0.20253125,0.09603384,0.0042996,0.01178695,,,,,,,,,,,,,,,,,,,,,,,,,,,,,,,,,,,,,,,
0.65,0.14003248,0.47840834,0.0409882,0.01404587,0.10826663,0.15136807,0.08192369,0.20861888,0.11247379,0.34836227,0.09779939,0.10158584,0.80770409,0.02274461,0.07976934,0.20591788,0.21280181,0.04297436,0.01778098,0.02786579,0.18723707,0.09661139,0.0048954,0.00993497,,,,,,,,,,,,,,,,,,,,,,,,,,,,,,,,,,,,,,,
0.667,0.13798542,0.48594454,0.03918138,0.01345039,0.10718979,0.13585456,0.07692227,0.20391936,0.11226022,0.35146266,0.09893395,0.09257623,0.8170668,0.02252996,0.08387688,0.20120085,0.20142984,0.04146622,0.01569962,0.02933559,0.18180115,0.0962398,0.00525026,0.00922752,,,,,,,,,,,,,,,,,,,,,,,,,,,,,,,,,,,,,,,
0.7,0.13284097,0.49491643,0.03565597,0.01264769,0.11045209,0.11838846,0.06321553,0.19475966,0.11095269,0.34622481,0.10174081,0.06818896,0.8241014,0.02263715,0.08544415,0.19607804,0.17737191,0.04098858,0.01301396,0.03052286,0.16824396,0.08986285,0.00545028,0.00937456,,,,,,,,,,,,,,,,,,,,,,,,,,,,,,,,,,,,,,,
0.75,0.12600709,0.49234003,0.03224964,0.01076302,0.10418218,0.1040337,0.06564298,0.18009379,0.10008822,0.3193077,0.10686913,0.05659698,0.81839019,0.02095573,0.07931135,0.17925512,0.15616239,0.03882959,0.01210387,0.03196284,0.14967987,0.09676332,0.00449672,0.01066029,,,,,,,,,,,,,,,,,,,,,,,,,,,,,,,,,,,,,,,
0.8,0.1217453,0.53395096,0.02775895,0.00867707,0.09530265,0.11969563,0.05116253,0.1696644,0.08467373,0.2774885,0.11148786,0.06145659,0.87159621,0.02279601,0.07224159,0.14847437,0.13949294,0.034319,0.0125793,0.033532,0.13301871,0.09538801,0.00408681,0.00951731,,,,,,,,,,,,,,,,,,,,,,,,,,,,,,,,,,,,,,,
0.85,0.11467628,0.5480276,0.02399633,0.00741739,0.08957165,0.13090292,0.04501648,0.16157164,0.07420735,0.24513039,0.10934548,0.05089158,0.87194324,0.02503156,0.06433147,0.12687499,0.12272261,0.03093195,0.01173717,0.03012159,0.11622281,0.08102388,0.00410863,0.00909706,,,,,,,,,,,,,,,,,,,,,,,,,,,,,,,,,,,,,,,
0.9,0.10543517,0.52048288,0.0213582,0.0064281,0.08993242,0.12994044,0.04052964,0.14318983,0.06539683,0.21631827,0.10149752,0.04722797,0.81974331,0.02429059,0.05810398,0.11060082,0.11291428,0.02707923,0.00978724,0.02543418,0.10028343,0.07255021,0.00377204,0.00911832,,,,,,,,,,,,,,,,,,,,,,,,,,,,,,,,,,,,,,,
0.95,0.09689338,0.46019411,0.0204008,0.00560839,0.09426377,0.13035265,0.03674853,0.12403495,0.06039091,0.19138392,0.09558698,0.0505063,0.73677274,0.02292739,0.05808508,0.09343565,0.10840956,0.02433126,0.01006284,0.02199055,0.08854604,0.06944904,0.00367449,0.00819985,,,,,,,,,,,,,,,,,,,,,,,,,,,,,,,,,,,,,,,
1,0.08853248,0.39389058,0.01989893,0.00492566,0.09003228,0.13342708,0.03857658,0.10542142,0.05851678,0.17199161,0.09027478,0.05030193,0.64520974,0.0201411,0.05325298,0.0774215,0.10489015,0.02355673,0.00994756,0.02003597,0.08213285,0.06883039,0.00362542,0.00666959,,,,,,,,,,,,,,,,,,,,,,,,,,,,,,,,,,,,,,,
1.1,0.07708638,0.3065014,0.01938755,0.0038716,0.0836024,0.12939163,0.03840131,0.07517495,0.05951158,0.17525797,0.0821703,0.03557496,0.51196254,0.0189088,0.04113756,0.06119576,0.09177136,0.02020186,0.00771208,0.0168597,0.07006823,0.085707,0.00319579,0.00713663,,,,,,,,,,,,,,,,,,,,,,,,,,,,,,,,,,,,,,,
1.2,0.06517218,0.24700194,0.01719587,0.00311376,0.07903775,0.11751364,0.03003688,0.05886551,0.05389284,0.1528082,0.07298414,0.02797853,0.41418376,0.0167524,0.03471306,0.04984993,0.07418297,0.01730327,0.00661368,0.01440527,0.0585581,0.07529955,0.00298323,0.00753934,,,,,,,,,,,,,,,,,,,,,,,,,,,,,,,,,,,,,,,
1.3,0.05364192,0.20484833,0.01404676,0.00273964,0.06068296,0.08105677,0.02622761,0.04842659,0.04934871,0.11266568,0.0610843,0.03354216,0.34935009,0.01230388,0.02994607,0.04012349,0.0656895,0.01568839,0.00642115,0.01236248,0.04695549,0.06268018,0.00291491,0.00627026,,,,,,,,,,,,,,,,,,,,,,,,,,,,,,,,,,,,,,,
1.4,0.04588804,0.18193958,0.01157369,0.00238897,0.04482749,0.07042641,0.02345572,0.04101788,0.03620036,0.09246445,0.05481879,0.03198248,0.30848581,0.01040345,0.0314892,0.03134647,0.06086041,0.0126726,0.00536473,0.01063046,0.03802616,0.04780108,0.00298467,0.0060013,,,,,,,,,,,,,,,,,,,,,,,,,,,,,,,,,,,,,,,
1.5,0.04142391,0.15981907,0.01073677,0.00204985,0.03629659,0.06506112,0.02258012,0.03480461,0.02787531,0.07802064,0.04730555,0.02759035,0.27072296,0.0095011,0.02689863,0.0287883,0.07300866,0.01066519,0.00423497,0.00846963,0.0320693,0.05522664,0.00311164,0.00562095,,,,,,,,,,,,,,,,,,,,,,,,,,,,,,,,,,,,,,,
1.6,0.03841787,0.13913444,0.01060796,0.00174294,0.03686338,0.05706592,0.02040218,0.02973448,0.03208864,0.06366845,0.03982944,0.02496747,0.23503045,0.00735413,0.02368066,0.02575375,0.08683779,0.00901933,0.00401154,0.00743561,0.02894627,0.06339594,0.00265128,0.00629563,,,,,,,,,,,,,,,,,,,,,,,,,,,,,,,,,,,,,,,
1.7,0.03499964,0.12038484,0.01017549,0.00151584,0.03254585,0.04944749,0.0175529,0.02560571,0.03143507,0.05819922,0.03474428,0.02135108,0.20130035,0.00660181,0.02802865,0.02271249,0.08743618,0.00783448,0.00395333,0.00689072,0.02602714,0.06424939,0.0024434,0.0051171,,,,,,,,,,,,,,,,,,,,,,,,,,,,,,,,,,,,,,,
1.8,0.03144137,0.1017637,0.00971427,0.00135429,0.03229949,0.04637201,0.01529387,0.02222082,0.02663368,0.05273469,0.03197955,0.02058109,0.17028503,0.00596457,0.03024754,0.02060883,0.07608742,0.00704529,0.00346674,0.00632814,0.02335886,0.0608835,0.00236752,0.00415579,,,,,,,,,,,,,,,,,,,,,,,,,,,,,,,,,,,,,,,
1.9,0.02779595,0.08488003,0.00910243,0.00122445,0.02962858,0.04460309,0.01317936,0.01946403,0.0229327,0.04828983,0.03091841,0.0193003,0.14257968,0.00510887,0.0313855,0.01815195,0.06319041,0.00646594,0.00356637,0.00553726,0.02088757,0.0513057,0.00177436,0.0042206,,,,,,,,,,,,,,,,,,,,,,,,,,,,,,,,,,,,,,,
2,0.02461322,0.0740273,0.00818361,0.0011337,0.02373763,0.04126123,0.011563,0.01744148,0.02023411,0.04266074,0.02948884,0.01693984,0.12554223,0.00479401,0.03174696,0.0156722,0.05152818,0.00610701,0.00395008,0.00515213,0.01857199,0.04383661,0.0015088,0.00400692,,,,,,,,,,,,,,,,,,,,,,,,,,,,,,,,,,,,,,,
2.2,0.02002944,0.06115183,0.00656036,0.00101003,0.01803969,0.03535485,0.00956224,0.01403346,0.01592661,0.03569827,0.0261281,0.01402632,0.10561203,0.00459904,0.02968977,0.01259773,0.03516881,0.005447,0.00360974,0.00468594,0.01445908,0.03015754,0.00161443,0.00319748,,,,,,,,,,,,,,,,,,,,,,,,,,,,,,,,,,,,,,,
2.4,0.01607914,0.05242432,0.00493166,0.00089532,0.01609809,0.02554191,0.00781354,0.01097526,0.01177023,0.0293259,0.02234519,0.01173345,0.09165318,0.00440879,0.0223144,0.01007184,0.0250913,0.00432133,0.00240078,0.00363641,0.01136808,0.0213397,0.00126456,0.00329264,,,,,,,,,,,,,,,,,,,,,,,,,,,,,,,,,,,,,,,
2.5,0.01467553,0.04864474,0.00442743,0.00084095,0.01490566,0.02501525,0.00736025,0.00973189,0.00989214,0.02715871,0.02120263,0.01141532,0.08488279,0.00389638,0.019211,0.00908005,0.02170253,0.00405946,0.00193758,0.00325565,0.010234,0.01768316,0.00117056,0.00355027,,,,,,,,,,,,,,,,,,,,,,,,,,,,,,,,,,,,,,,
2.6,0.01351841,0.04512997,0.00404936,0.00078887,0.01352846,0.02424394,0.00657603,0.00879425,0.00908243,0.02503875,0.0204304,0.01023683,0.07849453,0.00389069,0.01733625,0.00835118,0.01990716,0.00377183,0.00164581,0.00295945,0.00933308,0.01488892,0.00107648,0.00351123,,,,,,,,,,,,,,,,,,,,,,,,,,,,,,,,,,,,,,,
2.8,0.01156112,0.03825407,0.00349399,0.00069241,0.01345668,0.02194031,0.00523239,0.00724881,0.00744978,0.02112027,0.01977118,0.00831427,0.06607741,0.00372271,0.01468969,0.0072875,0.0162304,0.00330658,0.00149202,0.00251701,0.00739428,0.01123173,0.00076279,0.00284532,,,,,,,,,,,,,,,,,,,,,,,,,,,,,,,,,,,,,,,
3,0.00989313,0.03326684,0.00294209,0.00060696,0.00990783,0.01976331,0.00452119,0.00604527,0.00568379,0.01849874,0.01802263,0.00795923,0.05705905,0.00410419,0.01160143,0.00639224,0.01359778,0.00277653,0.0011873,0.00218902,0.00586914,0.00906669,0.00054251,0.00236088,,,,,,,,,,,,,,,,,,,,,,,,,,,,,,,,,,,,,,,
3.2,0.00859311,0.02924688,0.00252477,0.00053245,0.00774285,0.01781083,0.00391656,0.00509818,0.00455602,0.01679064,0.0159061,0.00785265,0.04963508,0.00329194,0.00991101,0.00562759,0.01187781,0.00233713,0.00090745,0.00193726,0.00483997,0.00765045,0.00046599,0.0017673,,,,,,,,,,,,,,,,,,,,,,,,,,,,,,,,,,,,,,,
3.4,0.00767768,0.02553486,0.00230848,0.00046813,0.00739211,0.01529092,0.00340605,0.0043451,0.00389888,0.01486183,0.01501301,0.0088614,0.04330876,0.00287384,0.0089786,0.00495412,0.01029439,0.00211317,0.00070202,0.0017474,0.0041568,0.00659262,0.00040226,0.00156981,,,,,,,,,,,,,,,,,,,,,,,,,,,,,,,,,,,,,,,
3.5,0.007225,0.02381904,0.00219155,0.00043945,0.00733969,0.01379765,0.00328081,0.00402649,0.00361207,0.01383522,0.01454377,0.00876899,0.04050638,0.00282177,0.00815774,0.00474241,0.00956105,0.00201223,0.00064294,0.001656,0.00392614,0.00613258,0.0003749,0.0015467,,,,,,,,,,,,,,,,,,,,,,,,,,,,,,,,,,,,,,,
3.6,0.0067659,0.02227298,0.00205529,0.00041291,0.00661628,0.01215438,0.0030849,0.00374024,0.00335069,0.0127943,0.01446374,0.00838708,0.03791798,0.00283543,0.00746569,0.00453869,0.00886941,0.00191807,0.00060748,0.00159562,0.00371142,0.00571583,0.00034636,0.00155747,,,,,,,,,,,,,,,,,,,,,,,,,,,,,,,,,,,,,,,
3.8,0.00593875,0.01963432,0.00179628,0.00036559,0.00493847,0.0089673,0.00318244,0.00324978,0.00289744,0.01076894,0.01456294,0.00739044,0.03332743,0.00257803,0.00668288,0.00413675,0.00761468,0.00174761,0.00053845,0.00143999,0.00329215,0.00522468,0.00031732,0.0014904,,,,,,,,,,,,,,,,,,,,,,,,,,,,,,,,,,,,,,,
4,0.00528133,0.01748067,0.00159562,0.00032506,0.00381616,0.00667396,0.00301605,0.00284832,0.00252537,0.00911901,0.0141011,0.00758526,0.02941513,0.00237313,0.00618359,0.0037515,0.00652729,0.00159796,0.00047565,0.00129139,0.00291623,0.00466416,0.00030325,0.00139839,,,,,,,,,,,,,,,,,,,,,,,,,,,,,,,,,,,,,,,
4.2,0.00475665,0.01578062,0.00143377,0.00029027,0.00334747,0.00556042,0.00259513,0.00251663,0.00226109,0.0079929,0.01373457,0.00749923,0.02607627,0.00185386,0.00571241,0.00339313,0.00559694,0.00146597,0.00042317,0.00112204,0.00268119,0.00424801,0.00027587,0.00124307,,,,,,,,,,,,,,,,,,,,,,,,,,,,,,,,,,,,,,,
4.4,0.0043345,0.01429438,0.00131435,0.00026033,0.00323281,0.00504503,0.00208021,0.00224009,0.00204266,0.00719949,0.01329479,0.00703876,0.02322082,0.00159169,0.0051224,0.00306908,0.00505091,0.00134894,0.00038801,0.0010392,0.00253441,0.00388627,0.00026437,0.00107421,,,,,,,,,,,,,,,,,,,,,,,,,,,,,,,,,,,,,,,
4.6,0.00398101,0.01296812,0.00122211,0.00023448,0.00306631,0.00464789,0.00184495,0.00200749,0.00185145,0.00646793,0.01278883,0.00631562,0.02076919,0.00140347,0.00503958,0.00278137,0.00461834,0.0012444,0.00035902,0.00096932,0.00233797,0.00358766,0.0002856,0.00098041,,,,,,,,,,,,,,,,,,,,,,,,,,,,,,,,,,,,,,,
4.8,0.00364612,0.01181898,0.00112482,0.00021207,0.00265768,0.00429186,0.00161721,0.0018102,0.00168387,0.00578769,0.01217172,0.00546439,0.01865852,0.00125374,0.00520203,0.00252703,0.00423164,0.00115038,0.00032738,0.00090709,0.00211674,0.00329425,0.00031567,0.00088737,,,,,,,,,,,,,,,,,,,,,,,,,,,,,,,,,,,,,,,
5,0.00334699,0.01081765,0.00103556,0.00019257,0.00219346,0.00397229,0.001399,0.0016415,0.00153672,0.00516898,0.01143156,0.00473863,0.0168393,0.00110409,0.00550191,0.00230128,0.00388544,0.00106544,0.00030713,0.00086809,0.00188917,0.00312396,0.00032179,0.00080455,,,,,,,,,,,,,,,,,,,,,,,,,,,,,,,,,,,,,,,
5.5,0.00274954,0.00880027,0.00085906,0.0001538,0.00196348,0.00329747,0.00104676,0.00131315,0.00124078,0.00393649,0.00986296,0.00359012,0.01333926,0.00097902,0.00500974,0.00183362,0.00316737,0.00088447,0.00024683,0.0007235,0.00158473,0.00266573,0.00026327,0.00063779,,,,,,,,,,,,,,,,,,,,,,,,,,,,,,,,,,,,,,,
6,0.00226576,0.0072353,0.00070953,0.00012918,0.00153781,0.00276343,0.00084465,0.00109074,0.00102177,0.00329522,0.00826099,0.00259859,0.0108028,0.00077996,0.0044702,0.00146803,0.00261544,0.00073826,0.00020748,0.00057436,0.00132417,0.00222749,0.00025356,0.0005768,,,,,,,,,,,,,,,,,,,,,,,,,,,,,,,,,,,,,,,
6.5,0.0018992,0.00599542,0.00060162,0.00011185,0.00115199,0.00233842,0.00069465,0.00092234,0.00085622,0.00277643,0.00678084,0.00230129,0.00891371,0.00059079,0.00403783,0.00121761,0.00218635,0.0006189,0.00019246,0.00049037,0.00110734,0.00184786,0.00023837,0.00050758,,,,,,,,,,,,,,,,,,,,,,,,,,,,,,,,,,,,,,,
7,0.00160496,0.00506013,0.00050906,9.77E-05,0.00083595,0.00199735,0.00058072,0.0007912,0.0007284,0.00235623,0.00584843,0.00212018,0.00747213,0.00050821,0.00322521,0.00105521,0.00184929,0.00052112,0.00018678,0.00044964,0.00093466,0.0015351,0.00019063,0.00041995,,,,,,,,,,,,,,,,,,,,,,,,,,,,,,,,,,,,,,,
7.5,0.00137426,0.00429601,0.00043962,8.61E-05,0.00070282,0.00171998,0.00049239,0.00068681,0.00062771,0.00201485,0.00502859,0.00199009,0.00634862,0.00046892,0.00257086,0.00091927,0.00158179,0.00044258,0.00016586,0.00040463,0.00079933,0.00128306,0.00017208,0.00035323,,,,,,,,,,,,,,,,,,,,,,,,,,,,,,,,,,,,,,,
8,0.00119889,0.00373036,0.00038531,7.63E-05,0.00059998,0.00149257,0.00042265,0.00060219,0.00054697,0.00173627,0.00439747,0.0018586,0.00545695,0.00041387,0.00230756,0.00080396,0.00136688,0.00037623,0.00014986,0.00035576,0.00069295,0.00108153,0.00015107,0.0002871,,,,,,,,,,,,,,,,,,,,,,,,,,,,,,,,,,,,,,,
8.5,0.00105457,0.00327288,0.0003398,6.82E-05,0.00052844,0.00130476,0.00036671,0.00053255,0.00048118,0.00150757,0.00392063,0.00168739,0.0047381,0.00036534,0.00203575,0.00070572,0.00119228,0.00033706,0.00013434,0.00032353,0.00060822,0.00092041,0.00013431,0.00025355,,,,,,,,,,,,,,,,,,,,,,,,,,,,,,,,,,,,,,,
9,0.00092854,0.00285374,0.00030213,6.12E-05,0.00049672,0.00114856,0.00032118,0.00047448,0.00042707,0.00131854,0.0034014,0.0015461,0.00415065,0.00031382,0.0017795,0.00062198,0.00104886,0.00029769,0.00012002,0.00028958,0.00053955,0.00079087,0.00011852,0.0002331,,,,,,,,,,,,,,,,,,,,,,,,,,,,,,,,,,,,,,,
9.5,0.00081961,0.00249659,0.00026907,5.52E-05,0.00045182,0.00101763,0.00028365,0.00042552,0.00038264,0.0011612,0.00293891,0.00140548,0.00366478,0.00027414,0.00155434,0.0005506,0.00092983,0.00026482,0.00010703,0.00025466,0.00048288,0.00068606,0.00010416,0.00021653,,,,,,,,,,,,,,,,,,,,,,,,,,,,,,,,,,,,,,,
10,0.00072685,0.00219682,0.00024049,5.01E-05,0.00042092,0.00090705,0.00025236,0.00038383,0.00034481,0.00102927,0.00255866,0.00124858,0.00325864,0.000253,0.00135903,0.00048975,0.00083005,0.00023576,9.65E-05,0.0002214,0.00043533,0.00060059,9.26E-05,0.00019553,,,,,,,,,,,,,,,,,,,,,,,,,,,,,,,,,,,,,,,
11,0.00057618,0.0017231,0.00019267,4.17E-05,0.00036098,0.00073248,0.0002036,0.00031703,0.00028426,0.00082309,0.00193493,0.000917,0.00262805,0.0002072,0.00108297,0.0003933,0.00067359,0.00018784,7.95E-05,0.00017897,0.00035992,0.00047187,7.15E-05,0.00014996,,,,,,,,,,,,,,,,,,,,,,,,,,,,,,,,,,,,,,,
12,0.00047201,0.00139367,0.00015986,3.53E-05,0.00030731,0.00060314,0.00016781,0.00026634,0.00023839,0.00068502,0.00147258,0.00081254,0.00217922,0.00017278,0.00086717,0.00032206,0.00055795,0.00015215,6.63E-05,0.00015149,0.00030281,0.00038154,5.67E-05,0.00011356,,,,,,,,,,,,,,,,,,,,,,,,,,,,,,,,,,,,,,,
13,0.00039443,0.00115883,0.00013425,3.02E-05,0.00026711,0.00050522,0.00014075,0.00022694,0.00020282,0.00058173,0.0011768,0.00071572,0.00183809,0.00013858,0.00069421,0.00026852,0.00047005,0.0001276,5.61E-05,0.00012858,0.0002582,0.00031587,4.48E-05,9.51E-05,,,,,,,,,,,,,,,,,,,,,,,,,,,,,,,,,,,,,,,
14,0.0003354,0.00098771,0.00011389,2.62E-05,0.0002348,0.00042914,0.0001198,0.0001957,0.00017466,0.00050024,0.00099605,0.00062342,0.00157242,0.0001119,0.00055818,0.00022747,0.00040163,0.00010835,4.75E-05,0.00010975,0.00022259,0.00026658,3.84E-05,7.86E-05,,,,,,,,,,,,,,,,,,,,,,,,,,,,,,,,,,,,,,,
15,0.00028789,0.0008508,9.74E-05,2.29E-05,0.00020633,0.00036895,0.00010324,0.0001705,0.000152,0.00043481,0.00085052,0.0005391,0.00136119,9.35E-05,0.00045215,0.00019538,0.00034729,9.30E-05,4.03E-05,9.43E-05,0.00019368,0.00022857,3.30E-05,6.49E-05,,,,,,,,,,,,,,,,,,,,,,,,,,,,,,,,,,,,,,,
20,0.00015278,0.00046027,5.07E-05,1.30E-05,0.00012319,0.00019826,5.61E-05,9.60E-05,8.53E-05,0.00024299,0.00044141,0.00026735,0.00075207,4.47E-05,0.00019495,0.00010594,0.00019111,4.93E-05,2.02E-05,4.94E-05,0.00010751,0.0001241,1.69E-05,2.87E-05,,,,,,,,,,,,,,,,,,,,,,,,,,,,,,,,,,,,,,,
,,,,,,,,,,,,,,,,,,,,,,,,,,,,,,,,,,,,,,,,,,,,,,,,,,,,,,,,,,,,,,,
 -- Unscaled Horizontal & Vertical Spectra, as recorded --,,,,,,,,,,,,,,,,,,,,,,,,,,,,,,,,,,,,,,,,,,,,,,,,,,,,,,,,,,,,,,
Period (sec),RSN-106 Horizontal-1 pSa (g),RSN-106 Horizontal-2 pSa (g),RSN-106 Vertical pSa (g),RSN-296 Horizontal-1 pSa (g),RSN-296 Horizontal-2 pSa (g),RSN-296 Vertical pSa (g),RSN-1126 Horizontal-1 pSa (g),RSN-1126 Horizontal-2 pSa (g),RSN-1126 Vertical pSa (g),RSN-4312 Horizontal-1 pSa (g),RSN-4312 Horizontal-2 pSa (g),RSN-4312 Vertical pSa (g),RSN-4369 Horizontal-1 pSa (g),RSN-4369 Horizontal-2 pSa (g),RSN-4369 Vertical pSa (g),RSN-4380 Horizontal-1 pSa (g),RSN-4380 Horizontal-2 pSa (g),RSN-4380 Vertical pSa (g),RSN-4390 Horizontal-1 pSa (g),RSN-4390 Horizontal-2 pSa (g),RSN-4390 Vertical pSa (g),RSN-4472 Horizontal-1 pSa (g),RSN-4472 Horizontal-2 pSa (g),RSN-4472 Vertical pSa (g),RSN-4475 Horizontal-1 pSa (g),RSN-4475 Horizontal-2 pSa (g),RSN-4475 Vertical pSa (g),RSN-4481 Horizontal-1 pSa (g),RSN-4481 Horizontal-2 pSa (g),RSN-4481 Vertical pSa (g),RSN-4485 Horizontal-1 pSa (g),RSN-4485 Horizontal-2 pSa (g),RSN-4485 Vertical pSa (g),RSN-4503 Horizontal-1 pSa (g),RSN-4503 Horizontal-2 pSa (g),RSN-4503 Vertical pSa (g),RSN-4509 Horizontal-1 pSa (g),RSN-4509 Horizontal-2 pSa (g),RSN-4509 Vertical pSa (g),RSN-4513 Horizontal-1 pSa (g),RSN-4513 Horizontal-2 pSa (g),RSN-4513 Vertical pSa (g),RSN-4518 Horizontal-1 pSa (g),RSN-4518 Horizontal-2 pSa (g),RSN-4518 Vertical pSa (g),RSN-4520 Horizontal-1 pSa (g),RSN-4520 Horizontal-2 pSa (g),RSN-4520 Vertical pSa (g),RSN-4524 Horizontal-1 pSa (g),RSN-4524 Horizontal-2 pSa (g),RSN-4524 Vertical pSa (g),RSN-4551 Horizontal-1 pSa (g),RSN-4551 Horizontal-2 pSa (g),RSN-4551 Vertical pSa (g),RSN-4554 Horizontal-1 pSa (g),RSN-4554 Horizontal-2 pSa (g),RSN-4554 Vertical pSa (g),RSN-4558 Horizontal-1 pSa (g),RSN-4558 Horizontal-2 pSa (g),RSN-4558 Vertical pSa (g),RSN-4566 Horizontal-1 pSa (g),RSN-4566 Horizontal-2 pSa (g),RSN-4566 Vertical pSa (g)
0.01,0.08853085,0.07124807,,0.05600315,0.04987417,0.0277,0.2072968,0.1403356,0.0727,0.05015657,0.06760073,0.036,0.1955759,0.1640396,0.108,0.06872105,0.03794014,0.0354,0.1343809,0.09492803,0.0694,0.0834959,0.09187841,0.0463,0.02430931,0.026861,0.02,0.4878643,0.5228322,0.279,0.00985154,0.00788644,0.00649,0.03448092,0.02771223,0.024,0.1475693,0.1081171,0.0611,0.09133052,0.08291305,0.0553,0.02421536,0.0311719,0.0171,0.02005338,0.02543737,0.0103,0.01022454,0.01218555,0.00905,0.07784561,0.06052234,0.0299,0.04115018,0.05008622,0.0336,0.00856082,0.0091066,0.00467,0.00376903,0.00293635,0.00286
0.02,0.09046153,0.07233124,,0.05625027,0.05052299,0.0282,0.2116446,0.1417567,0.0749,0.05191518,0.06907126,0.0368,0.2028545,0.166631,0.121,0.06926971,0.0380859,0.0363,0.1347724,0.09543792,0.0711,0.08380818,0.09587208,0.0485,0.02461582,0.02707454,0.0204,0.5976499,0.7090232,0.346,0.00996697,0.00800592,0.00673,0.03490008,0.02780321,0.0243,0.1779263,0.147722,0.0771,0.09280328,0.08589909,0.0561,0.02545157,0.03276063,0.0175,0.02147404,0.02632489,0.0112,0.01035652,0.01222972,0.00912,0.1265113,0.06495368,0.032,0.04363799,0.05203325,0.0345,0.00877703,0.01038434,0.00547,0.00382656,0.00296606,0.00289
0.022,0.09100034,0.07282086,,0.05639561,0.05169584,0.0286,0.2088997,0.141602,0.076,0.05187669,0.06779674,0.0377,0.2013824,0.1695889,0.125,0.06935304,0.03812857,0.0371,0.134959,0.09556931,0.0716,0.08980013,0.09548876,0.0491,0.02471118,0.02701564,0.0211,0.6940601,0.8147131,0.393,0.01010021,0.00825685,0.00701,0.03499312,0.02798071,0.0245,0.1758489,0.1670485,0.0807,0.09446763,0.08685175,0.0573,0.02592971,0.03428604,0.018,0.02147765,0.02697289,0.011,0.01039545,0.01224406,0.00914,0.115367,0.06719812,0.0333,0.04536265,0.05307131,0.0361,0.00894461,0.01089968,0.00644,0.00384223,0.00298479,0.00289
0.025,0.09127434,0.073938,,0.05637542,0.05209849,0.0278,0.209767,0.1431291,0.0798,0.05276659,0.06994421,0.0387,0.2321909,0.1718839,0.145,0.06941784,0.03822786,0.0368,0.1350784,0.0958387,0.0722,0.09602062,0.09676767,0.049,0.02499986,0.02711537,0.0212,0.6742122,0.8381417,0.495,0.01009491,0.00835656,0.00694,0.03518217,0.02824563,0.0245,0.1962962,0.1679281,0.0836,0.09647116,0.08990383,0.056,0.02421005,0.0344211,0.0184,0.02222304,0.02800946,0.0119,0.01045984,0.01227615,0.00918,0.1385406,0.06349906,0.0314,0.04731258,0.05098935,0.0367,0.01042003,0.01011996,0.00636,0.00385276,0.0029991,0.00292
0.029,0.09109858,0.07506748,,0.05661681,0.05043085,0.0291,0.2186995,0.1459503,0.0854,0.05456312,0.07306838,0.0408,0.2609348,0.1746297,0.155,0.06957194,0.03817964,0.0361,0.1351998,0.09622198,0.0729,0.1100327,0.09407921,0.0499,0.02599057,0.02762936,0.0243,0.6893139,0.784586,0.479,0.01102972,0.00872919,0.00729,0.03616298,0.02842808,0.025,0.1945758,0.1483756,0.0773,0.101981,0.09633883,0.0706,0.02844625,0.03730018,0.0204,0.02284099,0.03042552,0.0145,0.01059464,0.01230721,0.00921,0.1289375,0.0678366,0.032,0.05466921,0.06277202,0.0376,0.01168456,0.01515105,0.00649,0.0039148,0.00304485,0.00287
0.03,0.09024133,0.075931,,0.05683822,0.05059468,0.0287,0.2232657,0.1487928,0.0876,0.05524995,0.07446313,0.0411,0.26307,0.1769424,0.147,0.06967523,0.03817435,0.0365,0.1353413,0.09635454,0.0732,0.1055526,0.09787168,0.0521,0.02626507,0.02768525,0.0243,0.6780933,0.8827313,0.467,0.01081574,0.00909443,0.00739,0.03643617,0.02846022,0.0252,0.1916176,0.145514,0.0773,0.1050151,0.09611268,0.0771,0.0298135,0.03801306,0.0207,0.02239935,0.03191191,0.0153,0.01061609,0.01231296,0.00917,0.1358514,0.06450317,0.0338,0.058564,0.06408463,0.038,0.01242484,0.01475895,0.00701,0.0039088,0.0030766,0.00288
0.032,0.09009583,0.07560193,,0.0574133,0.05038358,0.0283,0.2222329,0.150827,0.0948,0.05672556,0.07324137,0.0444,0.2716739,0.1819345,0.169,0.06987894,0.03825619,0.0373,0.1355635,0.09660069,0.0742,0.09369665,0.0981584,0.0525,0.02674877,0.0278425,0.0251,0.7189894,0.8686122,0.39,0.01068344,0.00974294,0.0076,0.03648795,0.02846874,0.0258,0.1879344,0.1379676,0.0683,0.105838,0.1020304,0.0843,0.0301748,0.04133178,0.0211,0.02764395,0.03400039,0.0165,0.01067542,0.01228181,0.00928,0.1171029,0.06655132,0.0359,0.05523081,0.07444359,0.0487,0.0140429,0.01432696,0.00824,0.00390556,0.00310187,0.00287
0.035,0.09170554,0.07741402,,0.05765225,0.05036774,0.0287,0.2312295,0.14595,0.0916,0.05851788,0.08386476,0.048,0.2537222,0.1920486,0.162,0.0699693,0.03848522,0.0363,0.1356132,0.09706972,0.0744,0.09362911,0.0979586,0.0646,0.02781583,0.02828531,0.025,0.7623246,0.7832313,0.398,0.01155552,0.00957123,0.0074,0.03685841,0.02869574,0.0256,0.1989157,0.1379948,0.0651,0.1029937,0.1133629,0.0779,0.03369957,0.04636867,0.0246,0.03167311,0.03416435,0.0176,0.01087054,0.0122431,0.00966,0.1349749,0.06744777,0.0437,0.06793473,0.07489263,0.0691,0.01548653,0.0157521,0.00964,0.0041089,0.00311048,0.00324
0.036,0.09275512,0.07727269,,0.0576422,0.05089376,0.0298,0.2492456,0.1460239,0.0947,0.05817903,0.08493605,0.0507,0.2549337,0.1910286,0.154,0.07000517,0.03857933,0.035,0.1355558,0.09727515,0.0745,0.09443779,0.1077158,0.0658,0.02799043,0.02810306,0.0259,0.7923903,0.764034,0.366,0.01130906,0.01012586,0.00725,0.03642143,0.02916676,0.0254,0.2121458,0.1380809,0.068,0.1038357,0.1133753,0.0833,0.0338398,0.04690725,0.0261,0.03262055,0.03645563,0.0189,0.01094707,0.01229932,0.00975,0.1439345,0.06592002,0.0441,0.07067734,0.08553909,0.0764,0.01588581,0.01582336,0.00887,0.00417639,0.00315335,0.00329
0.04,0.09359243,0.08315877,,0.05735105,0.04963474,0.0319,0.2538362,0.1606034,0.11,0.061064,0.07986154,0.0694,0.2420157,0.1776219,0.212,0.07059489,0.03881469,0.04,0.1354501,0.0980874,0.0783,0.09441672,0.1265089,0.065,0.03252501,0.03010262,0.0289,0.9443086,0.7784187,0.37,0.0112484,0.00977341,0.00801,0.03800888,0.03049343,0.0264,0.2393473,0.132236,0.0709,0.1054339,0.1090927,0.0964,0.03054806,0.03830324,0.0264,0.03247056,0.04169362,0.0152,0.01096802,0.01237414,0.0092,0.1312939,0.07259517,0.0366,0.1038748,0.09792721,0.072,0.01465803,0.01803085,0.0085,0.00416765,0.00330531,0.00355
0.042,0.09128777,0.08389255,,0.05775106,0.05083929,0.0326,0.2414224,0.1668825,0.118,0.06473833,0.08177222,0.0756,0.2691497,0.1800753,0.222,0.07100628,0.03867923,0.0424,0.1358111,0.09836104,0.0785,0.09784879,0.1247405,0.0636,0.03080417,0.02993255,0.0305,0.9046682,0.7615815,0.42,0.01149886,0.0107023,0.0085,0.03885796,0.03131636,0.0269,0.2313279,0.1307311,0.0725,0.1071168,0.1061611,0.111,0.03017099,0.04329895,0.0259,0.02752921,0.03998895,0.0159,0.01099883,0.01242539,0.00976,0.1090159,0.07032392,0.0345,0.08566945,0.113402,0.0725,0.01684764,0.02035919,0.00852,0.00435205,0.00332757,0.00378
0.044,0.1006981,0.08764925,,0.05780115,0.05398873,0.0328,0.259238,0.1688052,0.127,0.06775825,0.08389918,0.0788,0.321503,0.185555,0.249,0.07150609,0.03859787,0.0424,0.1366453,0.09873725,0.0797,0.1075867,0.1256462,0.0595,0.03130709,0.02966195,0.0303,0.9098241,0.7224758,0.454,0.01224097,0.01088825,0.00844,0.03971573,0.03236765,0.0275,0.196691,0.1371756,0.0693,0.1100471,0.1198318,0.109,0.02926822,0.04278291,0.0301,0.02669286,0.04213488,0.0181,0.01114816,0.0125854,0.0105,0.09488443,0.06553037,0.0326,0.07574042,0.1316664,0.0733,0.01938497,0.02027991,0.00956,0.00431726,0.00323758,0.00353
0.045,0.104829,0.09052648,,0.05809328,0.05423675,0.0341,0.278958,0.1682679,0.132,0.07028495,0.08602416,0.0745,0.3341136,0.209624,0.27,0.07187127,0.03856083,0.0416,0.1371744,0.09890756,0.0791,0.1100481,0.1252843,0.0622,0.03101157,0.0292113,0.031,0.9340693,0.7097666,0.467,0.01259945,0.01048208,0.00835,0.03939147,0.03255033,0.0276,0.1742139,0.1400933,0.0665,0.1084557,0.1201309,0.101,0.02930073,0.04428484,0.0302,0.02787801,0.04211813,0.0195,0.0109414,0.01268794,0.0108,0.09506509,0.0669552,0.0322,0.08627742,0.1322545,0.076,0.01921296,0.01952266,0.0106,0.00427049,0.00323326,0.00342
0.046,0.1066113,0.09264106,,0.05836294,0.05435069,0.0348,0.2930661,0.1670793,0.135,0.07351081,0.08580337,0.0667,0.3653784,0.2270722,0.309,0.07233315,0.03853192,0.0408,0.1376692,0.09912626,0.0773,0.1097709,0.1254203,0.0662,0.03028424,0.02904465,0.0316,0.973395,0.6926964,0.476,0.0129559,0.01096972,0.00834,0.03874775,0.03268301,0.0274,0.1644457,0.1386197,0.0659,0.1062756,0.1155783,0.0924,0.03055523,0.04496708,0.0293,0.02809474,0.03992916,0.0204,0.01072145,0.01282884,0.0109,0.1032387,0.06727102,0.0317,0.1001924,0.1313778,0.0818,0.01864197,0.01874489,0.0115,0.00434781,0.00329855,0.00331
0.048,0.102889,0.0962412,,0.05787223,0.05372977,0.0364,0.295565,0.1671789,0.137,0.07799968,0.0832434,0.0666,0.4053907,0.2426332,0.372,0.07314923,0.03865438,0.0401,0.1385954,0.09975267,0.0784,0.1089671,0.1181286,0.0682,0.029188,0.02975539,0.0368,1.043754,0.6954639,0.498,0.01355316,0.01122417,0.00916,0.03823449,0.0327381,0.0275,0.1542527,0.1337706,0.0756,0.1030107,0.1241432,0.0905,0.03391641,0.05146728,0.026,0.02770726,0.03858289,0.0233,0.01092207,0.0132449,0.0108,0.1170492,0.06867717,0.0376,0.1169778,0.1369593,0.0967,0.01694085,0.01665455,0.012,0.00471784,0.003557,0.00352
0.05,0.09468545,0.09789217,,0.05818524,0.05597491,0.04,0.2974544,0.1687564,0.149,0.07872532,0.08203797,0.0646,0.4133117,0.2231901,0.413,0.07403471,0.03862458,0.042,0.1392334,0.1000096,0.0849,0.1084786,0.1159557,0.0621,0.02720585,0.03255598,0.0376,0.9891302,0.7700129,0.522,0.01455932,0.01043356,0.00935,0.03910737,0.03252398,0.0278,0.1603496,0.1416576,0.0765,0.1062698,0.1328888,0.102,0.03429924,0.05538636,0.0235,0.02981967,0.03968875,0.0241,0.01165782,0.0136298,0.0106,0.1249346,0.0726596,0.0404,0.1133765,0.1401007,0.098,0.01681081,0.01676912,0.0107,0.00488303,0.00369198,0.00366
0.055,0.1146104,0.09665625,,0.06020619,0.05973643,0.0388,0.2788885,0.1746282,0.149,0.07406185,0.07899537,0.059,0.4044354,0.2679218,0.301,0.07697941,0.03951899,0.0462,0.1408738,0.09914566,0.0997,0.09595785,0.1077814,0.0642,0.03156804,0.03311173,0.0398,1.058036,0.6786842,0.546,0.01431073,0.01256601,0.0091,0.04273825,0.03399392,0.028,0.2121291,0.1591469,0.0701,0.1049289,0.1722623,0.101,0.03412488,0.06030253,0.0231,0.03536544,0.04246691,0.0224,0.01264425,0.01332103,0.0119,0.1212208,0.07824718,0.0513,0.1332989,0.1774232,0.0855,0.01733611,0.02155474,0.0091,0.00478616,0.00381431,0.00389
0.06,0.1165778,0.1133603,,0.06264344,0.06546997,0.0337,0.2839783,0.1785624,0.172,0.09162658,0.09263311,0.0581,0.4500044,0.265401,0.276,0.07942517,0.04042731,0.0476,0.1403802,0.1007336,0.112,0.1147727,0.1247034,0.0629,0.03792603,0.03924554,0.0467,0.9527146,0.6844314,0.42,0.01431582,0.01154327,0.0079,0.0425958,0.034214,0.03,0.2271887,0.2017923,0.0881,0.1113425,0.1760279,0.0969,0.03783993,0.04700289,0.0202,0.04645616,0.03660789,0.0202,0.01166528,0.01349976,0.0129,0.09565734,0.07873318,0.0553,0.1274704,0.1325897,0.107,0.01751485,0.01873489,0.0111,0.00478783,0.004563,0.00389
0.065,0.1355328,0.148255,,0.06574428,0.0678679,0.0355,0.2949003,0.2054261,0.2,0.07907873,0.1092177,0.0606,0.6310422,0.3267742,0.259,0.08120289,0.04194143,0.0526,0.1390608,0.1068243,0.121,0.1442303,0.1549737,0.0717,0.04141483,0.03895923,0.0362,0.8627027,0.6758067,0.44,0.01367843,0.01241525,0.00863,0.05035022,0.03062041,0.0285,0.2543814,0.2414018,0.0991,0.1307312,0.1744927,0.115,0.03767167,0.04798537,0.027,0.05094895,0.03545943,0.0219,0.01245412,0.01402611,0.0134,0.1169496,0.0873853,0.0635,0.1082097,0.140163,0.081,0.02051867,0.01997024,0.0131,0.00559371,0.00409514,0.00422
0.067,0.1533485,0.1663347,,0.06578377,0.06734602,0.0365,0.3161289,0.2158903,0.199,0.07896507,0.1107301,0.0557,0.6746663,0.3050937,0.256,0.08206517,0.04213418,0.0567,0.137537,0.1081853,0.128,0.1526487,0.145456,0.073,0.04475506,0.04109772,0.0395,0.8660733,0.6850132,0.509,0.01422897,0.01433165,0.00949,0.0520799,0.03074355,0.0285,0.281623,0.244285,0.102,0.1349294,0.1899658,0.106,0.03466394,0.05274126,0.0299,0.05291279,0.03675861,0.0218,0.01338302,0.01501827,0.0133,0.1173239,0.09412181,0.0628,0.09433078,0.1362935,0.0727,0.02356751,0.02134627,0.0138,0.0058156,0.00409879,0.00435
0.07,0.1713014,0.1716059,,0.06407458,0.06802078,0.0355,0.3271047,0.2257333,0.199,0.07494712,0.1034905,0.054,0.6988978,0.2486157,0.25,0.08353651,0.04333532,0.0665,0.1404507,0.1116981,0.141,0.1489126,0.1361013,0.0722,0.04503236,0.04308107,0.0403,0.8340682,0.7068818,0.551,0.01622906,0.01718622,0.00999,0.05253078,0.0308408,0.0306,0.2825266,0.236773,0.0956,0.1517283,0.2169353,0.111,0.03537648,0.05883407,0.0356,0.05149071,0.03538715,0.0213,0.01300454,0.01556171,0.0142,0.1083448,0.1074829,0.0797,0.07524671,0.1264091,0.0705,0.02404869,0.02316716,0.0147,0.00576762,0.00427182,0.0047
0.075,0.1612933,0.1763823,,0.08484991,0.08578553,0.0391,0.3043399,0.2252842,0.21,0.06971356,0.1132705,0.0545,0.6156014,0.2223907,0.237,0.09531517,0.04653464,0.0712,0.1671882,0.1151858,0.168,0.1192123,0.1222632,0.0822,0.03654316,0.04198627,0.0534,0.8242111,0.8041071,0.505,0.01918116,0.01797288,0.00852,0.05140298,0.03416942,0.032,0.2066378,0.1997939,0.0875,0.1575324,0.2212264,0.0991,0.04132905,0.04869771,0.0403,0.04542278,0.04365534,0.0251,0.0142627,0.01664169,0.0151,0.1017797,0.1310792,0.0923,0.07618362,0.1223056,0.0689,0.0243354,0.02688158,0.0133,0.00522061,0.00491292,0.00402
0.08,0.1501276,0.1767785,,0.08935206,0.09606986,0.0419,0.3041248,0.2239325,0.241,0.07333402,0.1295433,0.0588,0.5080149,0.2082322,0.227,0.1082967,0.04596848,0.0636,0.1960448,0.1174705,0.184,0.1204955,0.1168734,0.101,0.03910732,0.04043706,0.0475,0.6516279,0.7673262,0.483,0.01770798,0.01647886,0.00949,0.04798264,0.03318925,0.0354,0.2078427,0.1842989,0.0897,0.1719273,0.1648519,0.0862,0.03802388,0.04933714,0.0366,0.04813486,0.04380557,0.0308,0.01467972,0.01643786,0.0136,0.1060612,0.1366905,0.0725,0.08722398,0.1145377,0.0762,0.02364424,0.02969078,0.0161,0.00565741,0.00443796,0.00424
0.085,0.1318114,0.1868324,,0.08150329,0.1024884,0.0492,0.2816307,0.2414691,0.234,0.08150545,0.1271464,0.0605,0.4651043,0.2494762,0.233,0.120019,0.0533089,0.0722,0.2264429,0.1419471,0.169,0.1324386,0.1212317,0.11,0.04545309,0.04285445,0.0481,0.5478256,0.7033,0.481,0.02037985,0.0163724,0.0117,0.04380272,0.03515091,0.0418,0.2004776,0.2107042,0.0875,0.1588672,0.1697216,0.0919,0.03847458,0.04645812,0.0453,0.0500951,0.03969889,0.0281,0.01444066,0.01507408,0.0153,0.1100275,0.1045125,0.0797,0.1048227,0.1096925,0.0791,0.0299484,0.02426965,0.0152,0.00607402,0.00414961,0.00459
0.09,0.1627962,0.1651124,,0.07385525,0.09639515,0.0461,0.3152912,0.2464077,0.224,0.08673622,0.1110475,0.0626,0.469927,0.2822896,0.241,0.1412166,0.06803329,0.0947,0.2456681,0.1630521,0.143,0.1637183,0.122313,0.116,0.05172149,0.04173547,0.0497,0.6421883,0.7067676,0.525,0.02266563,0.01758376,0.0135,0.06238547,0.03774769,0.0466,0.1707052,0.2297994,0.0942,0.1620761,0.1862152,0.0978,0.04523951,0.04922333,0.0467,0.04883644,0.04324451,0.0275,0.01454885,0.01425636,0.0174,0.09267856,0.1179011,0.0815,0.1147459,0.09001579,0.0738,0.0294734,0.0198337,0.0144,0.00557787,0.00420664,0.00503
0.095,0.1966459,0.1872314,,0.0802037,0.09105043,0.0464,0.366237,0.2822565,0.259,0.08833005,0.117208,0.065,0.5249568,0.2951666,0.214,0.1693596,0.09702711,0.0991,0.2453139,0.171475,0.131,0.2068491,0.1378624,0.129,0.04942437,0.04252801,0.0555,0.786585,0.7226763,0.536,0.02710567,0.01816651,0.0143,0.07343392,0.04144078,0.0481,0.1853968,0.2211819,0.113,0.172211,0.2153872,0.11,0.05841405,0.05174304,0.0447,0.05059075,0.03534672,0.0333,0.01712588,0.01558086,0.0199,0.1032304,0.122238,0.0809,0.1081444,0.1028545,0.0718,0.02392276,0.01919386,0.0139,0.00658919,0.00442772,0.00523
0.1,0.2301851,0.2107475,,0.09818519,0.09461147,0.0497,0.4698076,0.3402615,0.248,0.08846595,0.1256438,0.0747,0.4675796,0.2890548,0.167,0.213665,0.1135216,0.11,0.2319355,0.1861047,0.143,0.2308386,0.1444881,0.132,0.06010038,0.04356838,0.0524,0.7410015,0.8256975,0.524,0.02528598,0.01437092,0.0147,0.07928164,0.04039626,0.0461,0.2021445,0.2177488,0.132,0.1684901,0.2189089,0.122,0.05637969,0.06179056,0.0384,0.05555,0.03049265,0.0341,0.01856615,0.01556864,0.0198,0.1077978,0.1580133,0.0962,0.1145594,0.1008396,0.0753,0.02265949,0.01831595,0.0124,0.00724264,0.00528936,0.00559
0.11,0.26625,0.2417034,,0.1208513,0.1037115,0.055,0.5764241,0.3883546,0.259,0.09741983,0.1211438,0.0697,0.3038413,0.3159857,0.181,0.2921359,0.1245102,0.119,0.2367879,0.2203293,0.176,0.1947002,0.1866738,0.104,0.06725658,0.05430849,0.0702,0.5961367,0.6961489,0.432,0.0258854,0.01489766,0.0125,0.0798278,0.04875084,0.0414,0.1686903,0.2653067,0.173,0.1914397,0.2316864,0.114,0.05741316,0.04840586,0.0332,0.06455065,0.04350976,0.027,0.01767873,0.01780423,0.0211,0.1076977,0.1604869,0.0842,0.09075471,0.11098,0.0803,0.02017025,0.01813248,0.0115,0.00726697,0.00618165,0.00555
0.12,0.2838843,0.3054987,,0.1269388,0.107442,0.0605,0.4914211,0.4544537,0.218,0.1103859,0.122587,0.0744,0.2369142,0.3577435,0.186,0.2309196,0.128647,0.0864,0.2496569,0.2034947,0.188,0.1572078,0.178548,0.0926,0.06635407,0.05965285,0.086,0.48799,0.6851759,0.45,0.02374483,0.01524839,0.0148,0.06307344,0.05530161,0.0539,0.1592744,0.2819248,0.146,0.2634474,0.1828998,0.13,0.04783505,0.05711919,0.0288,0.05290987,0.04979824,0.0311,0.01946313,0.01854643,0.0227,0.1402673,0.139863,0.0786,0.07949564,0.1085333,0.0962,0.01592645,0.01828253,0.0129,0.00741807,0.00675038,0.00524
0.13,0.3590881,0.3610243,,0.08257245,0.08667713,0.0518,0.402601,0.4313725,0.233,0.1365521,0.1310157,0.0902,0.1917809,0.4255915,0.167,0.203476,0.1170355,0.0764,0.2235293,0.2334509,0.211,0.1649045,0.1623987,0.109,0.06439152,0.06288432,0.0726,0.4683413,0.803011,0.436,0.0221718,0.01432704,0.0132,0.06457555,0.0566279,0.0514,0.2081354,0.2497793,0.13,0.2639007,0.1475176,0.144,0.05496142,0.05391473,0.0294,0.05864813,0.03617524,0.0334,0.02113092,0.02115964,0.0203,0.1805741,0.163994,0.0732,0.0885291,0.109148,0.0963,0.01439858,0.01842005,0.0128,0.00676377,0.00778482,0.00693
0.133,0.3823779,0.3236291,,0.07908325,0.08569535,0.0522,0.3956067,0.3973988,0.215,0.1379505,0.136488,0.0955,0.196885,0.4376974,0.178,0.1939374,0.108263,0.0759,0.2347546,0.2596445,0.214,0.1714539,0.1681906,0.106,0.06402817,0.062886,0.0676,0.5134397,0.7943332,0.506,0.02245957,0.01459674,0.013,0.06364863,0.05639742,0.0501,0.2110973,0.2618822,0.122,0.2534546,0.1452912,0.14,0.05904743,0.05181638,0.0292,0.05511484,0.03275413,0.032,0.02266351,0.02056834,0.0208,0.1965831,0.1781186,0.0777,0.08482746,0.1150815,0.0954,0.01445965,0.01756368,0.013,0.00665613,0.00834517,0.00722
0.14,0.4111709,0.2725254,,0.09180432,0.09820491,0.0575,0.3766003,0.371548,0.2,0.1145756,0.1448465,0.101,0.2259844,0.4469219,0.188,0.1681664,0.1077841,0.0724,0.2377645,0.2888165,0.192,0.2091883,0.1603192,0.118,0.06718091,0.0564571,0.0484,0.7115173,0.7867685,0.651,0.02038188,0.01634317,0.0133,0.06017165,0.0558158,0.0451,0.2287907,0.2703944,0.133,0.2106591,0.1707777,0.122,0.06346766,0.05860936,0.0317,0.05495362,0.03222648,0.0257,0.02523908,0.02014853,0.0232,0.2342249,0.1891218,0.0741,0.07553952,0.1185842,0.0984,0.01711998,0.01982108,0.0119,0.00759507,0.00933454,0.0072
0.15,0.3740734,0.2190239,,0.1023259,0.07668816,0.0585,0.4577144,0.4939579,0.17,0.1278231,0.1417681,0.0958,0.248381,0.3976353,0.175,0.1672746,0.08400635,0.0784,0.2678024,0.2952642,0.138,0.2381267,0.1566507,0.131,0.05544474,0.04773966,0.0446,0.8241436,0.8152533,0.758,0.02014628,0.02401749,0.013,0.06032518,0.0481361,0.0355,0.2653802,0.3577925,0.16,0.1707316,0.2071985,0.123,0.05384072,0.06634013,0.0354,0.05236376,0.03203627,0.0245,0.02657784,0.01982766,0.0235,0.2653913,0.1735482,0.0694,0.07166827,0.09026103,0.0929,0.01650215,0.02040396,0.0103,0.00851688,0.00871428,0.00718
0.16,0.2696251,0.2516015,,0.1250261,0.08473092,0.0513,0.488892,0.4192225,0.159,0.1488218,0.1907152,0.104,0.2953652,0.3195696,0.189,0.1632051,0.08497905,0.0762,0.2995772,0.3630759,0.145,0.200121,0.1396145,0.117,0.05646564,0.05193937,0.0439,0.7492205,0.6896523,0.681,0.020162,0.02114503,0.0159,0.06722451,0.05016584,0.0405,0.2553679,0.4212711,0.192,0.1462346,0.2265199,0.0976,0.05220784,0.06711905,0.0329,0.06071746,0.03205433,0.0285,0.02242464,0.02011263,0.0301,0.2423796,0.1442876,0.0732,0.08243033,0.09640635,0.093,0.01529078,0.01789325,0.00885,0.00789452,0.00833602,0.00657
0.17,0.2198333,0.2953009,,0.1272551,0.07701341,0.0409,0.6336688,0.3733084,0.202,0.1855901,0.2287103,0.107,0.3315719,0.3172302,0.219,0.1420112,0.0815437,0.0654,0.3480201,0.3167073,0.143,0.1637198,0.1247445,0.0935,0.05385406,0.04870105,0.0445,0.6929451,0.5749618,0.624,0.02032917,0.01742999,0.0149,0.07532678,0.05391359,0.0463,0.2706025,0.4415118,0.186,0.1719821,0.2264858,0.114,0.05474114,0.0851048,0.0327,0.06746948,0.03821127,0.0306,0.02245246,0.02491634,0.0314,0.2273956,0.1624169,0.0797,0.07306299,0.07818604,0.0848,0.01823866,0.01775686,0.009,0.00825215,0.00770058,0.00627
0.18,0.1784957,0.2848816,,0.143611,0.07062396,0.047,0.6168114,0.4557819,0.224,0.2161214,0.2534089,0.0943,0.3605697,0.3109334,0.214,0.1246197,0.07613639,0.0625,0.3911182,0.3096968,0.141,0.1423558,0.1342963,0.0902,0.04776288,0.04921597,0.0417,0.6904029,0.6815754,0.576,0.01945419,0.02059468,0.0143,0.07883718,0.05517078,0.0591,0.3225219,0.3859812,0.164,0.1719863,0.2421077,0.151,0.05018954,0.1031671,0.0279,0.06148688,0.04218689,0.0314,0.02224778,0.03003755,0.0273,0.1848155,0.1688365,0.0802,0.06833822,0.0718353,0.0964,0.01972639,0.01555311,0.00768,0.00699033,0.00705475,0.00619
0.19,0.1674436,0.2806598,,0.1194717,0.06353945,0.0497,0.7559136,0.4936337,0.212,0.1958156,0.2267329,0.0872,0.4287664,0.2871624,0.203,0.1290503,0.07985839,0.0683,0.4030854,0.2703536,0.15,0.1452036,0.1488774,0.0949,0.04824411,0.05933918,0.0455,0.8266814,0.8500439,0.426,0.01993663,0.01945694,0.0157,0.07029691,0.05518042,0.0596,0.308635,0.3243794,0.15,0.1899388,0.2593944,0.162,0.06182165,0.09505524,0.0298,0.05201524,0.04504797,0.0296,0.02034983,0.03438102,0.0261,0.1299407,0.1882499,0.0612,0.07359836,0.07795944,0.105,0.01830278,0.0143256,0.00738,0.00685513,0.00735254,0.00718
0.2,0.159623,0.2565172,,0.1107113,0.05153837,0.0442,0.7228104,0.4903042,0.203,0.1703386,0.1939035,0.0799,0.4396717,0.2521001,0.174,0.1349887,0.07403871,0.0705,0.4106116,0.2281845,0.163,0.1717617,0.1770027,0.0888,0.05042357,0.0595534,0.0514,0.8866429,0.8829911,0.288,0.02101751,0.01688126,0.016,0.06051929,0.04370067,0.046,0.2819252,0.3155816,0.143,0.1716667,0.2307685,0.126,0.07066961,0.0735105,0.035,0.05147169,0.04677885,0.0253,0.02639908,0.0374371,0.0297,0.1199991,0.1924924,0.0638,0.07254392,0.07073859,0.109,0.01449917,0.01360793,0.00635,0.00795452,0.00762074,0.00787
0.22,0.1254039,0.1790523,,0.07409278,0.0570747,0.0497,0.7040307,0.4610851,0.175,0.1575673,0.2643128,0.0838,0.3505231,0.1995302,0.195,0.1406434,0.07890046,0.0802,0.33119,0.188365,0.148,0.2650487,0.1667675,0.104,0.05386201,0.04906533,0.044,1.187563,0.7193917,0.331,0.03081123,0.01702001,0.0163,0.05289384,0.0426867,0.0287,0.3182214,0.345089,0.136,0.1294475,0.1661474,0.102,0.06806958,0.057264,0.0384,0.0430427,0.05036202,0.0201,0.03050341,0.04529861,0.0385,0.1122054,0.1684214,0.0557,0.08208035,0.06936896,0.0699,0.01310487,0.01039284,0.00667,0.00866821,0.00849597,0.0072
0.24,0.09657028,0.1226626,,0.07458403,0.05583464,0.0549,0.6474899,0.3751548,0.186,0.1566779,0.291782,0.0568,0.2991298,0.2480091,0.21,0.1241138,0.1156906,0.0964,0.2602367,0.1583533,0.091,0.3083271,0.1544275,0.129,0.04251307,0.04465985,0.0478,1.026522,0.7225226,0.248,0.03099911,0.01596325,0.0172,0.06506151,0.03910314,0.0277,0.3344578,0.4248085,0.131,0.1327085,0.1660397,0.105,0.05598297,0.04768596,0.0271,0.02801199,0.04540277,0.0159,0.02364635,0.02930821,0.0267,0.1080828,0.1671023,0.0482,0.07491869,0.06482034,0.076,0.0118405,0.01114753,0.00745,0.00685312,0.00896754,0.00707
0.25,0.1034534,0.1156319,,0.08627414,0.05582661,0.0567,0.6170352,0.3532997,0.193,0.149427,0.2756184,0.0575,0.2780798,0.2741272,0.208,0.1073863,0.1097758,0.0941,0.24862,0.1816361,0.0787,0.3058467,0.1430998,0.117,0.04149731,0.05038938,0.0594,0.8914471,0.7653576,0.216,0.02650598,0.01525346,0.0165,0.0634074,0.04686493,0.0297,0.4115334,0.4366435,0.134,0.1426587,0.1962081,0.136,0.05186955,0.04468326,0.0269,0.02357896,0.04130553,0.017,0.02014336,0.02613626,0.0286,0.1276471,0.1418127,0.0449,0.07311634,0.07443921,0.0833,0.0099063,0.01006432,0.00817,0.00733899,0.00826731,0.00652
0.26,0.1040491,0.1152601,,0.1095762,0.05009144,0.0502,0.5793307,0.314681,0.185,0.1412754,0.2447242,0.0646,0.2560179,0.3046942,0.213,0.09033568,0.08954439,0.0855,0.2330322,0.1961041,0.0816,0.2907034,0.1422572,0.112,0.04000906,0.04958535,0.0591,0.7773656,0.8265006,0.23,0.02193251,0.0143717,0.0163,0.06620348,0.05108402,0.0335,0.4901036,0.3880723,0.15,0.1511217,0.2105613,0.154,0.05071378,0.0439502,0.0283,0.023755,0.03734856,0.0169,0.01835265,0.02558757,0.0292,0.1241411,0.1234884,0.0432,0.071554,0.0882325,0.0986,0.00935891,0.00812444,0.00942,0.00743367,0.00730395,0.00574
0.28,0.08628123,0.1111299,,0.1098685,0.05362289,0.0532,0.4698863,0.3602003,0.169,0.1110228,0.1852623,0.089,0.2300501,0.3339841,0.196,0.07683281,0.06520036,0.0674,0.2036265,0.1832699,0.09,0.2533205,0.1330173,0.105,0.04138313,0.05526537,0.0454,1.016611,0.6626158,0.266,0.01976642,0.0201939,0.0179,0.06476053,0.05380202,0.0339,0.5318021,0.2523254,0.154,0.1541544,0.1990811,0.163,0.05361892,0.05081492,0.0342,0.02358421,0.02948597,0.0141,0.01665103,0.02318184,0.0251,0.09328553,0.0965876,0.0401,0.09776648,0.07479566,0.083,0.00915431,0.00729137,0.00708,0.00635939,0.00700014,0.0057
0.29,0.07869336,0.1220052,,0.09606081,0.06182723,0.0489,0.440834,0.354185,0.184,0.09700147,0.166871,0.0929,0.2458846,0.3320933,0.176,0.07150701,0.06475311,0.0608,0.1944943,0.1581468,0.0926,0.2116894,0.1436248,0.0941,0.04310202,0.05453292,0.0421,1.048332,0.7537388,0.247,0.01979526,0.01937328,0.018,0.07013119,0.05837118,0.0313,0.4940433,0.2389271,0.148,0.1469047,0.2091782,0.179,0.05692493,0.0542552,0.0403,0.02505088,0.02791881,0.0129,0.01793514,0.02431468,0.0223,0.09238746,0.09938668,0.0463,0.09798939,0.06970131,0.0715,0.00860433,0.00747687,0.0065,0.00659294,0.00710618,0.00563
0.3,0.07439159,0.1234764,,0.08479863,0.06155792,0.0448,0.4113615,0.3402822,0.185,0.08684353,0.1541053,0.0913,0.2579098,0.3165388,0.159,0.07412262,0.06498767,0.0679,0.1872047,0.1465203,0.093,0.1880201,0.1467552,0.0836,0.04423587,0.05687197,0.0424,0.9860111,0.8016307,0.236,0.02270122,0.01859313,0.018,0.07351662,0.06335937,0.0326,0.4478648,0.2307625,0.133,0.138671,0.2073062,0.188,0.06031828,0.0644782,0.0436,0.0239649,0.02352167,0.0114,0.01814756,0.02446073,0.02,0.08557054,0.09657577,0.0573,0.08774454,0.07058892,0.0656,0.0095005,0.00771816,0.00591,0.00711328,0.00719465,0.00481
0.32,0.07034221,0.1110605,,0.07601134,0.05191057,0.0477,0.3207386,0.3267079,0.187,0.0766869,0.1557656,0.081,0.2706001,0.2595953,0.141,0.08532348,0.06720076,0.0574,0.1772777,0.1277649,0.0951,0.1522874,0.1483285,0.0745,0.0539705,0.05700962,0.041,0.849928,0.7687855,0.294,0.02153652,0.02046813,0.0159,0.08286623,0.05945621,0.0404,0.3784499,0.1851991,0.0948,0.1355599,0.2032817,0.182,0.06422219,0.08288918,0.0469,0.01882936,0.01829302,0.0098,0.02036874,0.02395782,0.0214,0.07018799,0.1018823,0.0634,0.07775643,0.07034422,0.0564,0.01076549,0.00735682,0.00753,0.00660901,0.00673609,0.00498
0.34,0.04965715,0.09341001,,0.08476983,0.0486881,0.0439,0.2829933,0.3117673,0.166,0.07527832,0.1652797,0.0769,0.2720434,0.1895691,0.15,0.07602639,0.07026266,0.0602,0.1747914,0.1093273,0.0876,0.1162601,0.1642118,0.0815,0.06170082,0.06109803,0.0501,0.8855941,0.6509388,0.351,0.01977815,0.02372612,0.0114,0.07166554,0.05010652,0.0343,0.3181356,0.2142014,0.0838,0.1175424,0.1940444,0.177,0.06625846,0.08793592,0.0493,0.01690166,0.0187009,0.00843,0.02251113,0.0277099,0.0169,0.09520725,0.1139907,0.0495,0.06138064,0.06786606,0.0518,0.01101826,0.00694571,0.0076,0.0072332,0.00853985,0.0058
0.35,0.04670906,0.08735685,,0.08692442,0.04899012,0.0444,0.26842,0.2753872,0.133,0.08153625,0.162379,0.0709,0.2709474,0.1994245,0.158,0.0725175,0.07170509,0.0609,0.1743898,0.1032685,0.0799,0.1000275,0.161276,0.0856,0.06401461,0.06357756,0.0503,0.9005544,0.6101994,0.346,0.02407705,0.02501964,0.00981,0.06223763,0.05413803,0.0309,0.2967081,0.239215,0.0739,0.1047574,0.1846628,0.163,0.06594837,0.08530684,0.0482,0.01697992,0.01851907,0.00984,0.02279807,0.03136428,0.0153,0.1061348,0.1232046,0.0386,0.05605718,0.0753966,0.0504,0.01047773,0.00725811,0.0071,0.00759666,0.00839087,0.00577
0.36,0.04318106,0.08568464,,0.09298111,0.05159294,0.046,0.2559223,0.2748845,0.117,0.09064646,0.1664461,0.0609,0.2674199,0.207435,0.163,0.07529742,0.07297565,0.0652,0.1742161,0.09680512,0.0721,0.08842706,0.1529676,0.0894,0.06404842,0.06079325,0.0459,0.8830361,0.6172027,0.321,0.02954571,0.02498679,0.00962,0.06019373,0.05411787,0.0293,0.2801774,0.250817,0.0669,0.09762266,0.1719198,0.144,0.06593826,0.08266523,0.0456,0.01738589,0.02030653,0.0104,0.02233039,0.03388218,0.0155,0.1174318,0.1343674,0.0398,0.04965664,0.08268708,0.0483,0.00997312,0.00799684,0.00606,0.00854184,0.00963395,0.00591
0.38,0.03521514,0.08141676,,0.09950393,0.06294446,0.0485,0.2326632,0.2954526,0.104,0.08696695,0.1621437,0.0446,0.2501132,0.2159733,0.164,0.0806933,0.07498385,0.0691,0.185633,0.093491,0.0611,0.07297245,0.1263771,0.0775,0.05987406,0.05642488,0.032,0.7380457,0.6328236,0.267,0.03006635,0.02247377,0.00848,0.06145754,0.05602454,0.0298,0.2490184,0.2506392,0.0633,0.1176432,0.1801575,0.115,0.06727814,0.07804531,0.0435,0.01595701,0.02191904,0.00929,0.02689636,0.03521029,0.0149,0.1329558,0.1519334,0.0376,0.0499836,0.1054173,0.0489,0.00845316,0.00993524,0.00572,0.00806523,0.01086733,0.00657
0.4,0.02711559,0.073138,,0.09082977,0.08232304,0.0411,0.2114175,0.2849675,0.0839,0.07095739,0.1463405,0.0432,0.2506001,0.2156583,0.156,0.08535004,0.07723748,0.0781,0.1946592,0.09821936,0.0576,0.06352977,0.1057305,0.0623,0.05209384,0.05370887,0.0393,0.6760163,0.6539313,0.239,0.02452423,0.01872618,0.00835,0.05647621,0.06010104,0.0443,0.2265326,0.2109313,0.0609,0.1109856,0.1585451,0.128,0.0673595,0.06947133,0.0427,0.0169817,0.02240203,0.00819,0.02622194,0.03306329,0.0138,0.1336134,0.1523907,0.0466,0.05707981,0.109827,0.0553,0.00804819,0.00746955,0.00487,0.00698237,0.0095216,0.00757
0.42,0.02511501,0.06015195,,0.08820626,0.08689433,0.0421,0.1967428,0.261766,0.084,0.06310373,0.1225157,0.0434,0.2628585,0.2092497,0.14,0.08891433,0.08287314,0.0802,0.2049186,0.09575373,0.0565,0.06204163,0.08627264,0.0535,0.04123626,0.04481931,0.0446,0.7273868,0.6759,0.221,0.01835656,0.0207244,0.00983,0.04960575,0.05634838,0.0498,0.2111381,0.1791413,0.0467,0.1134105,0.1815599,0.114,0.06720653,0.05428127,0.0398,0.02000875,0.02283562,0.00693,0.02690262,0.02788009,0.0146,0.1371333,0.1495152,0.0488,0.06098201,0.1004148,0.0506,0.00717338,0.00647985,0.00431,0.00768562,0.00748486,0.00821
0.44,0.02237864,0.04472012,,0.0904955,0.08164863,0.0486,0.1639912,0.2458607,0.0941,0.06225735,0.09554268,0.0442,0.2725385,0.2238493,0.123,0.09115648,0.09212767,0.0922,0.2179295,0.1142697,0.064,0.06289667,0.1026826,0.0617,0.03630409,0.04078416,0.0373,0.6403078,0.6919465,0.211,0.02000754,0.01953187,0.0084,0.04033189,0.05929279,0.0452,0.2040339,0.1661574,0.0413,0.116032,0.1567461,0.11,0.06535016,0.04358795,0.0303,0.01792857,0.02292272,0.00709,0.02679645,0.02293994,0.019,0.1304675,0.1492414,0.0469,0.05127393,0.09523048,0.047,0.00598687,0.00576243,0.00318,0.00864782,0.00569729,0.0074
0.45,0.0201827,0.0414981,,0.0927351,0.08037523,0.0532,0.1407106,0.232318,0.0982,0.06178632,0.08293561,0.0443,0.275496,0.2252433,0.115,0.09172193,0.099797,0.098,0.2249422,0.1246938,0.0697,0.0630972,0.1053202,0.0628,0.03555959,0.03923142,0.0345,0.6120678,0.6963743,0.189,0.0226592,0.01858362,0.00841,0.04180817,0.05842827,0.0433,0.2058975,0.1672842,0.0436,0.1216728,0.1480022,0.111,0.06278797,0.042984,0.0277,0.01667957,0.02248661,0.00693,0.02480966,0.02152212,0.0208,0.1202298,0.1455981,0.0422,0.04491434,0.08342135,0.0504,0.00622537,0.00549625,0.00292,0.00929256,0.00555165,0.00694
0.46,0.01892877,0.03855525,,0.1025822,0.08270282,0.0581,0.1213388,0.2133756,0.0979,0.06177717,0.0737552,0.044,0.2766573,0.22289,0.107,0.09192508,0.1025578,0.102,0.2320601,0.1338269,0.0748,0.06248845,0.1047541,0.0625,0.03472063,0.0392359,0.0317,0.6097803,0.6984159,0.162,0.0256452,0.02027816,0.00824,0.0456035,0.05699311,0.0421,0.2063211,0.1719656,0.0434,0.1271727,0.1419465,0.106,0.05957495,0.04257393,0.0252,0.01642182,0.02181309,0.00687,0.021987,0.02025117,0.0221,0.1082984,0.1412088,0.0352,0.0420417,0.07084356,0.0506,0.00652042,0.00583704,0.00315,0.01003187,0.00588503,0.00731
0.48,0.01766951,0.03146377,,0.1227849,0.09222814,0.072,0.1116291,0.1682127,0.0905,0.06293728,0.06692422,0.0427,0.274751,0.2109478,0.0934,0.09139999,0.0930732,0.105,0.2458223,0.1394398,0.0898,0.05530721,0.09430523,0.0615,0.03839689,0.04552146,0.0271,0.5903108,0.7065416,0.143,0.02712355,0.02279251,0.00743,0.04944149,0.05649921,0.0401,0.2009676,0.1818751,0.0388,0.1379178,0.1267511,0.114,0.05325473,0.04148046,0.0232,0.0185957,0.02003506,0.00798,0.01818551,0.01912013,0.0208,0.1130097,0.1401296,0.031,0.0436011,0.06105874,0.0513,0.00633834,0.00609908,0.00355,0.01052008,0.00640392,0.00765
0.5,0.01648168,0.02674668,,0.1438376,0.09632128,0.0826,0.1256195,0.1655059,0.0757,0.05571128,0.0730024,0.0408,0.267295,0.2051398,0.0839,0.08995728,0.09355916,0.102,0.2578976,0.1303095,0.0994,0.0523333,0.08054829,0.0587,0.04294835,0.04573939,0.0315,0.5453715,0.8040735,0.143,0.024868,0.02067536,0.00758,0.05244795,0.05948363,0.0378,0.1875237,0.1786569,0.0323,0.1464399,0.1251597,0.123,0.04960569,0.04049791,0.0221,0.02007475,0.02074278,0.00777,0.01734278,0.01974764,0.0169,0.1204207,0.1463601,0.0259,0.04420623,0.06995729,0.0572,0.00568436,0.00547926,0.0033,0.01032607,0.00679829,0.00756
0.55,0.01369991,0.01813331,,0.1550432,0.08415554,0.0916,0.1573198,0.1087916,0.0433,0.05107611,0.06903771,0.0396,0.2302193,0.1550117,0.0908,0.09636278,0.08825516,0.0818,0.2778469,0.1326681,0.0995,0.06135662,0.08493943,0.0517,0.05618922,0.05095443,0.0368,0.4340512,0.7426217,0.148,0.01580807,0.01769224,0.0081,0.06075871,0.06313779,0.0302,0.1809363,0.1466408,0.0394,0.1486393,0.1115571,0.157,0.03918487,0.03483764,0.016,0.02194661,0.01845492,0.00539,0.02020393,0.01564242,0.0153,0.1350403,0.1555617,0.0296,0.05791143,0.07156123,0.0507,0.00270174,0.00426494,0.00288,0.00824305,0.00591199,0.00581
0.6,0.01125619,0.01384974,,0.1126554,0.05642508,0.0846,0.164227,0.09140243,0.04,0.04032969,0.06403748,0.0443,0.1914393,0.1502403,0.101,0.09390778,0.07794707,0.0604,0.2833932,0.1633731,0.0982,0.05546543,0.08286712,0.0517,0.07921098,0.0542509,0.036,0.4015801,0.669901,0.166,0.01471583,0.01527895,0.00656,0.04289794,0.05446459,0.0292,0.165214,0.1490496,0.0367,0.1416806,0.1633668,0.11,0.03386248,0.03032914,0.0125,0.02013703,0.01347061,0.0061,0.01976622,0.01696169,0.0167,0.1364273,0.149688,0.0386,0.06883658,0.06696286,0.0505,0.00223664,0.00367206,0.00189,0.00981458,0.00652735,0.00478
0.65,0.00923129,0.0105863,,0.09485652,0.05219103,0.0638,0.1184164,0.094286,0.0404,0.03111314,0.07578564,0.0492,0.1796829,0.1059995,0.121,0.09019694,0.06719275,0.0478,0.2860147,0.1988765,0.108,0.04035836,0.0890838,0.0478,0.08587138,0.05427513,0.0273,0.5051843,0.630218,0.24,0.01675578,0.01538054,0.00671,0.0487883,0.06310982,0.0266,0.1395048,0.1514615,0.0314,0.1584181,0.1420856,0.106,0.03169711,0.02901877,0.00958,0.01355449,0.01150822,0.00571,0.0184534,0.02088,0.0169,0.1292382,0.1354814,0.0375,0.06331772,0.07297004,0.0515,0.00250716,0.00420465,0.00166,0.00880071,0.00460989,0.00386
0.667,0.00863781,0.01031024,,0.0924198,0.05429763,0.0617,0.1056399,0.08542056,0.0393,0.02978047,0.07092362,0.0514,0.1760996,0.1028204,0.135,0.08988336,0.06725577,0.0451,0.2853459,0.2051919,0.116,0.03934178,0.09077528,0.0477,0.07610379,0.05271216,0.0294,0.5301207,0.6217477,0.243,0.0159911,0.01587085,0.00726,0.05222974,0.06563067,0.0286,0.1296302,0.1538759,0.0334,0.1600121,0.1223524,0.108,0.03081486,0.02774692,0.00949,0.01112812,0.01107443,0.00497,0.0199101,0.02154449,0.0171,0.1283411,0.1287642,0.0336,0.05932074,0.07578357,0.0538,0.00236615,0.00468685,0.00159,0.00816781,0.00429348,0.00357
0.7,0.00761271,0.01010004,,0.09091037,0.06272933,0.0509,0.09408525,0.07185954,0.0428,0.03175268,0.05466233,0.0461,0.1668248,0.1005028,0.148,0.08778914,0.06784958,0.0405,0.2794328,0.2044234,0.112,0.03906871,0.09394056,0.0478,0.0517622,0.04438929,0.027,0.559429,0.60513,0.221,0.01339761,0.01824677,0.00742,0.05371623,0.06644749,0.03,0.1174244,0.157029,0.0287,0.1528311,0.09001917,0.118,0.02913137,0.02883448,0.0098,0.00813674,0.01015661,0.00467,0.02118833,0.02197042,0.0164,0.122675,0.1151385,0.0281,0.05116639,0.07387376,0.0652,0.00280551,0.00467276,0.00156,0.00777229,0.00524155,0.00317
0.75,0.00634138,0.00869653,,0.08224883,0.06394573,0.05,0.08727045,0.05662932,0.0318,0.02910992,0.05883548,0.0383,0.1507017,0.09860412,0.151,0.08100221,0.05879026,0.0368,0.2603703,0.184837,0.0856,0.02851458,0.1029948,0.0477,0.04513738,0.03414432,0.0178,0.5836098,0.5737265,0.158,0.01319922,0.01627646,0.00597,0.04538095,0.06504506,0.0237,0.1074335,0.1434937,0.0237,0.1363928,0.07605062,0.129,0.02549679,0.02928567,0.0101,0.00842256,0.00869277,0.00432,0.01993436,0.02498489,0.0146,0.1095677,0.1019754,0.0276,0.07008714,0.06671531,0.0659,0.00310253,0.00325496,0.00207,0.00852435,0.00640135,0.00341
0.8,0.00534757,0.00683338,,0.0777538,0.05510845,0.0459,0.1042895,0.05874304,0.0318,0.02468088,0.04481583,0.036,0.1360202,0.1014126,0.136,0.07183915,0.04481938,0.0328,0.2345399,0.1482933,0.0786,0.02974294,0.1074472,0.0476,0.04806614,0.03829568,0.0145,0.6230583,0.6094902,0.158,0.01381872,0.01813011,0.00644,0.03758278,0.06169588,0.0211,0.09458739,0.1144459,0.0201,0.1216714,0.06822281,0.124,0.0213141,0.02689801,0.00867,0.00942817,0.00832757,0.00449,0.01964781,0.02717276,0.0117,0.09754798,0.09043434,0.0246,0.070724,0.06400772,0.0684,0.00326022,0.00246434,0.00207,0.00644832,0.00699988,0.00333
0.85,0.00456802,0.00584388,,0.07557679,0.04807524,0.0586,0.111304,0.06889843,0.0318,0.02021688,0.0402214,0.0326,0.1236248,0.1040303,0.111,0.06307447,0.03909402,0.0268,0.2071766,0.131022,0.067,0.03528766,0.103495,0.0445,0.04100795,0.03013803,0.0123,0.6213883,0.6116875,0.157,0.01545193,0.01969307,0.00776,0.03354602,0.05489265,0.0167,0.08242114,0.09645734,0.0138,0.09317283,0.07987279,0.109,0.01915128,0.0242902,0.00873,0.00888408,0.00767036,0.00432,0.01614428,0.02542976,0.00918,0.08561509,0.07859897,0.0193,0.06319211,0.05071121,0.0762,0.00344813,0.00223411,0.00209,0.00444024,0.00793982,0.00276
0.9,0.00395132,0.00507026,,0.06982303,0.05667966,0.063,0.1134637,0.06332856,0.0216,0.01690628,0.03683517,0.0291,0.1076892,0.09437353,0.105,0.0558138,0.03408175,0.0209,0.1816668,0.1174341,0.0529,0.03937386,0.09354916,0.042,0.03496407,0.03174894,0.0142,0.57708,0.5822008,0.153,0.01513658,0.01899781,0.00897,0.03304888,0.04778958,0.0168,0.07165145,0.08425325,0.0121,0.08382505,0.07565049,0.102,0.01835379,0.01991038,0.00899,0.00673733,0.00709919,0.0051,0.0118854,0.02248632,0.00685,0.07455203,0.06707281,0.0169,0.06084767,0.03951069,0.0764,0.00302243,0.00225682,0.00203,0.0036094,0.00837353,0.00221
0.95,0.00345789,0.00441555,,0.06758138,0.06571465,0.0486,0.1161733,0.05912341,0.0193,0.0148118,0.03363131,0.0257,0.09059419,0.08471931,0.0924,0.05256081,0.02973925,0.0174,0.1605031,0.1042428,0.0494,0.03842068,0.08752555,0.0418,0.04246501,0.02734244,0.0152,0.5058591,0.5356684,0.131,0.01528172,0.01709194,0.00758,0.03678836,0.0449499,0.0144,0.06214209,0.06977522,0.0122,0.0743944,0.07885497,0.0977,0.01732175,0.01708705,0.00778,0.00668789,0.00751884,0.00564,0.01133076,0.0188467,0.00615,0.06747174,0.05734079,0.0171,0.05598067,0.04110151,0.0661,0.00262591,0.00257031,0.00184,0.00368861,0.00732336,0.00201
1,0.00305801,0.00386144,,0.0620527,0.06523246,0.0378,0.116201,0.06557525,0.021,0.01243324,0.03651804,0.0252,0.07350022,0.07557376,0.0835,0.05253748,0.02576872,0.0136,0.1453313,0.09197786,0.0418,0.03385374,0.08368668,0.0417,0.04315216,0.02584908,0.0136,0.4492066,0.4631512,0.112,0.01387757,0.01459715,0.00866,0.03387345,0.04109099,0.014,0.05384016,0.05563565,0.0137,0.06817588,0.07971194,0.094,0.01568856,0.01757238,0.00599,0.00587751,0.00802551,0.00501,0.01099756,0.01674795,0.00471,0.06254051,0.05323993,0.0163,0.04481649,0.05224083,0.0523,0.0024465,0.00267551,0.00141,0.00401201,0.00532797,0.00167
1.1,0.00245658,0.00299241,,0.04656375,0.06943471,0.0432,0.1107951,0.06683292,0.0188,0.0096721,0.0371633,0.0203,0.04877646,0.05720254,0.073,0.05561429,0.02118203,0.00993,0.1598513,0.07185344,0.0271,0.02918923,0.07681111,0.0495,0.02545877,0.02484812,0.0118,0.3989989,0.3207889,0.0919,0.01322405,0.01351544,0.00686,0.02040206,0.03572191,0.0187,0.04091799,0.04550427,0.0138,0.05823896,0.07092395,0.0732,0.01198984,0.01625912,0.00536,0.00369084,0.00677155,0.00372,0.00820859,0.01472646,0.00412,0.05403617,0.04460549,0.0159,0.05769556,0.06337912,0.0333,0.00203684,0.0024626,0.00134,0.00459444,0.005461,0.00198
1.2,0.00203083,0.00236035,,0.03508575,0.07082341,0.0322,0.1050854,0.05259766,0.0194,0.00881105,0.02871549,0.0164,0.03945631,0.04368464,0.0601,0.0467695,0.02677783,0.0093,0.1387424,0.0640382,0.0252,0.03219966,0.06549707,0.0542,0.02194761,0.01735225,0.0136,0.3327188,0.2466706,0.0897,0.01147319,0.01220692,0.0043,0.01989686,0.02844488,0.0221,0.0338742,0.03657259,0.0106,0.05126072,0.05362324,0.0488,0.01145674,0.01296712,0.00462,0.00334537,0.0057052,0.00379,0.00708653,0.01254165,0.00423,0.0461916,0.03599148,0.0119,0.0523269,0.05414718,0.0308,0.00219921,0.00201572,0.00136,0.00425349,0.00622491,0.00268
1.3,0.00171598,0.00213566,,0.03358206,0.05054371,0.0262,0.07254558,0.03615714,0.0145,0.00722582,0.0252126,0.0121,0.03407097,0.03441371,0.0504,0.03964417,0.02938767,0.00972,0.08619664,0.07255133,0.0271,0.02996519,0.0532295,0.0533,0.02445599,0.02295607,0.011,0.2983819,0.1816968,0.0728,0.00775649,0.00955105,0.00479,0.01837603,0.02364506,0.0235,0.02793978,0.02879693,0.00838,0.04838587,0.0444288,0.0326,0.01153012,0.0106387,0.0042,0.00332479,0.00549336,0.00396,0.00598315,0.01081817,0.00481,0.0382737,0.02720187,0.00896,0.04874048,0.03941028,0.0212,0.00199473,0.0021255,0.00137,0.00405069,0.00478624,0.00224
1.4,0.00147463,0.00187954,,0.03124958,0.03213982,0.0238,0.06446735,0.02835206,0.0109,0.0053624,0.02283452,0.00808,0.0296969,0.02829418,0.0437,0.02960305,0.02083568,0.00893,0.05934885,0.07090408,0.0247,0.03089065,0.0452865,0.0512,0.021044,0.02408379,0.0104,0.2661653,0.1559472,0.0586,0.00608354,0.00843934,0.00623,0.02238824,0.02214354,0.0258,0.02198336,0.02234576,0.00788,0.04664438,0.03909336,0.0216,0.00861391,0.00929491,0.0036,0.00302604,0.00442984,0.00343,0.00547116,0.00911444,0.00457,0.03064193,0.02251802,0.00787,0.03319135,0.0343988,0.0152,0.00245649,0.00169526,0.00101,0.00404565,0.00443264,0.00214
1.5,0.00128419,0.00159774,,0.02135391,0.02935052,0.0231,0.06163312,0.02084004,0.00725,0.00377524,0.02226229,0.00648,0.02606758,0.0230617,0.0377,0.02085814,0.01849245,0.00887,0.04995594,0.05993016,0.0205,0.02600482,0.03951664,0.0472,0.01799183,0.02091702,0.0104,0.2354048,0.1336993,0.0477,0.00684979,0.00658417,0.00607,0.01771738,0.02023933,0.0229,0.01927373,0.02138433,0.00774,0.06443339,0.03433079,0.0162,0.00695053,0.00808928,0.00396,0.00266763,0.00328919,0.00298,0.0040065,0.00746208,0.00399,0.02525907,0.01975903,0.00716,0.03903331,0.03906894,0.0171,0.00260137,0.0017074,0.000971,0.00345285,0.00443541,0.0026
1.6,0.0011304,0.00132666,,0.02216572,0.02945488,0.0209,0.05525713,0.01425371,0.00583,0.00285989,0.02020074,0.00521,0.0229915,0.01885551,0.0324,0.02412347,0.02115985,0.00732,0.04260328,0.04731418,0.0187,0.01853866,0.03525198,0.0422,0.01337654,0.02108181,0.0119,0.2052948,0.1144262,0.0389,0.0050934,0.00530477,0.00538,0.01638573,0.01709624,0.0241,0.01785852,0.0185561,0.0068,0.08159488,0.02971662,0.0134,0.00596969,0.006761,0.00463,0.00256647,0.00308313,0.00382,0.00341683,0.00660406,0.00333,0.02337316,0.01707577,0.00573,0.04388007,0.04575571,0.0136,0.00202446,0.00171197,0.00103,0.00302328,0.00552221,0.00229
1.7,0.00100389,0.00113577,,0.02192627,0.02405142,0.0195,0.04782469,0.01256397,0.00471,0.00234306,0.01739581,0.00427,0.02033594,0.01555962,0.0276,0.02106277,0.02333503,0.00661,0.03949635,0.04274561,0.0177,0.01597493,0.03085396,0.0407,0.01345017,0.01658197,0.0152,0.1759065,0.09787101,0.0322,0.00473772,0.0045976,0.00457,0.01956578,0.02006951,0.0253,0.01636364,0.01575083,0.0056,0.08179417,0.03089982,0.00973,0.00562329,0.00545506,0.00461,0.00282186,0.00276875,0.00431,0.00373254,0.00579225,0.00305,0.02143676,0.01476066,0.00451,0.04540166,0.04546068,0.00966,0.00145212,0.00196508,0.00122,0.00231047,0.00456579,0.00203
1.8,0.00089823,0.00101355,,0.02274459,0.02293339,0.0186,0.04462188,0.01261947,0.00383,0.00204307,0.01515679,0.00378,0.01800621,0.0130208,0.0236,0.01642344,0.0209672,0.00572,0.03128661,0.04245109,0.0212,0.01437954,0.02856432,0.0388,0.01677292,0.01192687,0.0154,0.1482397,0.08379728,0.0298,0.00363515,0.00472883,0.00417,0.02022687,0.02248972,0.0244,0.01486119,0.01427826,0.00464,0.0705085,0.02859801,0.00882,0.00528969,0.00465352,0.00424,0.00257672,0.00231922,0.00358,0.00363574,0.00517945,0.00315,0.01953099,0.01281315,0.00427,0.04491856,0.04109895,0.0079,0.0011763,0.00205463,0.00124,0.00268102,0.00317532,0.00217
1.9,0.00080886,0.00091926,,0.01908544,0.02266272,0.0154,0.04328481,0.01076387,0.00314,0.00177364,0.01305947,0.00333,0.01595724,0.01114518,0.021,0.01324356,0.01872209,0.00645,0.02664907,0.04027077,0.0232,0.01293775,0.02808136,0.0361,0.01523361,0.01185068,0.013,0.1231016,0.0719372,0.0358,0.00318175,0.00399712,0.00392,0.02037954,0.02386889,0.0226,0.01338331,0.01226297,0.00386,0.05845942,0.02399009,0.00839,0.0049049,0.00421311,0.00374,0.00270048,0.00232947,0.00304,0.00283649,0.00475558,0.00329,0.01770586,0.01108121,0.00431,0.03771437,0.03478364,0.00776,0.00099772,0.00146728,0.00107,0.00265506,0.00328088,0.00226
2,0.00073246,0.00086531,,0.01554394,0.01794048,0.0125,0.04036862,0.00853602,0.00259,0.00152636,0.01146181,0.00292,0.01416332,0.01017869,0.0185,0.01280338,0.0156682,0.00688,0.02310045,0.03586513,0.0234,0.01195878,0.02695513,0.0348,0.01285083,0.01103695,0.0106,0.1091797,0.06197294,0.0358,0.00268294,0.00397295,0.00316,0.02131982,0.02352307,0.0214,0.01197326,0.01011232,0.00365,0.04840427,0.01766862,0.00823,0.00449416,0.00413498,0.00348,0.00264138,0.00293705,0.00222,0.00264141,0.0044235,0.00357,0.01597975,0.00946396,0.00439,0.03091752,0.03107661,0.00764,0.00093045,0.00118774,0.000847,0.00236596,0.00323382,0.00231
2.2,0.00060928,0.00080556,,0.01336855,0.01211248,0.0107,0.03471321,0.00670512,0.00188,0.0012254,0.0094834,0.00225,0.01120339,0.00845115,0.0137,0.01198581,0.01048796,0.00693,0.0200473,0.02953764,0.025,0.01001834,0.02413111,0.0312,0.00981092,0.01002414,0.00843,0.09479128,0.0465673,0.0342,0.00348815,0.00299733,0.00358,0.0228193,0.01899374,0.0175,0.00941031,0.00837549,0.0028,0.03275403,0.01280698,0.00725,0.00365884,0.00403518,0.0033,0.00166614,0.00320222,0.00176,0.00242594,0.0040091,0.00387,0.01287179,0.0065865,0.00466,0.01693448,0.02495397,0.00581,0.00093671,0.0013149,0.000426,0.00211516,0.00239792,0.00208
2.4,0.00051497,0.00073239,,0.01168754,0.01107022,0.0105,0.02497335,0.00535919,0.00147,0.00098952,0.00775063,0.00175,0.00893795,0.00636941,0.00995,0.0088227,0.00779091,0.00625,0.01739051,0.0236131,0.0215,0.00946928,0.02023957,0.0261,0.00917846,0.00730957,0.00759,0.08246618,0.03999543,0.0273,0.00291884,0.00330421,0.004,0.0174501,0.01390779,0.011,0.00723966,0.0070021,0.00171,0.0231333,0.00971718,0.00641,0.00312474,0.00298495,0.00269,0.00136768,0.00197312,0.00169,0.00180291,0.00315801,0.00295,0.01027232,0.00486956,0.00348,0.01161068,0.01790461,0.00569,0.00070829,0.00104759,0.000364,0.00178556,0.00276646,0.00175
2.5,0.00047586,0.00069336,,0.01151985,0.00945895,0.0106,0.02457838,0.00465468,0.00134,0.00087885,0.0073076,0.00156,0.00801647,0.00551777,0.00879,0.00734597,0.00662503,0.00553,0.01619603,0.02180101,0.0193,0.00971278,0.01884711,0.0233,0.00920428,0.0067521,0.00765,0.07689513,0.03594756,0.0241,0.00260721,0.00289555,0.00352,0.01538316,0.01150743,0.00995,0.00650985,0.00633002,0.00137,0.01974334,0.00901112,0.00629,0.00280478,0.00293469,0.00243,0.00117035,0.00154418,0.00166,0.00151374,0.00288233,0.00275,0.00916311,0.00455764,0.00327,0.00964114,0.01482372,0.00481,0.00055564,0.00103028,0.000347,0.00194511,0.00297001,0.00163
2.6,0.00044105,0.00065405,,0.0108925,0.00802326,0.00993,0.02391383,0.00398716,0.00123,0.00077824,0.00652982,0.00139,0.00721239,0.00503193,0.00789,0.0071406,0.0056127,0.00506,0.01508228,0.01998659,0.0171,0.00965105,0.01800718,0.0211,0.0081881,0.00614391,0.00776,0.07165191,0.032053,0.0221,0.00276458,0.00273762,0.00302,0.01430737,0.00979003,0.00904,0.00613805,0.00566275,0.00112,0.01807783,0.0083359,0.00599,0.00238819,0.00291946,0.00226,0.0009431,0.0013488,0.00156,0.00134409,0.00263662,0.00265,0.00817299,0.0045065,0.00302,0.00846534,0.01224818,0.00376,0.00045326,0.0009764,0.000338,0.00204577,0.0028537,0.00154
2.8,0.00038199,0.00057751,,0.01124988,0.00738394,0.00695,0.02171556,0.00313234,0.00105,0.00063399,0.00519384,0.00113,0.00589615,0.00421671,0.0069,0.00582368,0.00464585,0.00424,0.01309817,0.01656816,0.0127,0.01092132,0.01648103,0.0179,0.00610625,0.00564277,0.00697,0.06214083,0.02246645,0.0177,0.00298387,0.00222599,0.00222,0.01232857,0.00798707,0.00792,0.00545987,0.00482675,0.00106,0.01459289,0.00710446,0.00505,0.00204632,0.00259732,0.0019,0.00071217,0.00131108,0.00158,0.00121381,0.002205,0.00225,0.00651089,0.0035048,0.0025,0.00715581,0.00865715,0.00257,0.00032792,0.00068871,0.000322,0.00196417,0.00205862,0.00148
3,0.00033403,0.00050677,,0.00773172,0.00619561,0.00487,0.01958108,0.0026776,0.000898,0.0005668,0.00448552,0.000941,0.00488578,0.00356011,0.00607,0.0041632,0.00386953,0.00348,0.01139996,0.01456861,0.0104,0.01184689,0.01358184,0.016,0.00677493,0.00417728,0.00558,0.05393199,0.01862998,0.0171,0.00302778,0.00277072,0.00229,0.00948803,0.00667611,0.00701,0.00486177,0.00415017,0.000913,0.01218264,0.00604012,0.00397,0.00183187,0.00208647,0.00156,0.00066751,0.0009819,0.00148,0.00111966,0.00188101,0.00181,0.00521118,0.00270007,0.00205,0.00611325,0.00669575,0.00201,0.00032849,0.00043176,0.000308,0.00183728,0.00148261,0.00144
3.2,0.00029456,0.00044355,,0.00561737,0.00532887,0.00473,0.0176591,0.00231991,0.000774,0.00051624,0.00388239,0.000802,0.00410278,0.00302633,0.00537,0.00323069,0.00321247,0.00278,0.0099557,0.01352071,0.00903,0.01221488,0.01018826,0.0143,0.00684231,0.00385318,0.00449,0.04691553,0.01620413,0.0156,0.00229921,0.00235595,0.00235,0.0067868,0.00722271,0.0068,0.00433289,0.00359107,0.000841,0.01071068,0.00513455,0.00307,0.00165742,0.00164776,0.00131,0.00055497,0.00071797,0.00124,0.00107036,0.00161472,0.0016,0.00420735,0.00239238,0.00176,0.00516287,0.00564572,0.00162,0.0003495,0.00030821,0.000324,0.00145762,0.00099934,0.00139
3.4,0.00026167,0.00038816,,0.00565779,0.00475737,0.00425,0.01515881,0.00200566,0.000673,0.00047463,0.00337282,0.000731,0.003489,0.00258974,0.00477,0.00285585,0.00265431,0.00243,0.00872811,0.01202889,0.00767,0.01222603,0.00871291,0.0126,0.00770167,0.00438277,0.00401,0.04093113,0.01415243,0.0137,0.0021258,0.0019339,0.00205,0.00645906,0.00623665,0.00676,0.00386316,0.0031015,0.000749,0.00931992,0.00437191,0.00288,0.00151477,0.00147341,0.00115,0.00044173,0.00054563,0.000928,0.0010766,0.00137635,0.00132,0.00343786,0.0023367,0.00177,0.00432703,0.00497388,0.00137,0.00026868,0.00029937,0.000334,0.00123582,0.00096801,0.00146
3.5,0.00024725,0.0003633,,0.00552555,0.00483108,0.00436,0.01367004,0.00187224,0.000632,0.0004559,0.00324898,0.000698,0.0032318,0.00240169,0.00451,0.00269135,0.00240909,0.00225,0.00818671,0.01115307,0.00701,0.01215852,0.00798071,0.0118,0.00766577,0.00425807,0.00364,0.03827692,0.01325308,0.0126,0.00212411,0.00185757,0.00191,0.00604329,0.00547973,0.00686,0.00364913,0.00302891,0.000725,0.00866633,0.00403838,0.00283,0.0014528,0.00139228,0.00108,0.00040228,0.00050154,0.000779,0.0010481,0.00128212,0.00115,0.00312263,0.00237986,0.00177,0.00395463,0.00468716,0.00141,0.00025528,0.00027456,0.00033,0.001165,0.00101738,0.00145
3.6,0.00023399,0.00034021,,0.00487063,0.00447796,0.00429,0.01202716,0.00175399,0.000594,0.00043819,0.00305362,0.000666,0.00300193,0.0022311,0.00426,0.00254003,0.00218526,0.00207,0.00768733,0.01022737,0.00638,0.01212423,0.00788687,0.011,0.00739686,0.00395342,0.00322,0.03582316,0.01242878,0.0115,0.00218051,0.00181247,0.00182,0.00543043,0.00512318,0.00673,0.00344878,0.00295053,0.000752,0.00804496,0.0037343,0.00274,0.00139597,0.0013154,0.00102,0.00037521,0.00047775,0.000653,0.00100286,0.00124108,0.000986,0.00284531,0.00238304,0.00177,0.00363565,0.00441053,0.00145,0.00023939,0.00025031,0.000335,0.00112095,0.00108129,0.00139
3.8,0.00021046,0.00029894,,0.00369263,0.00327918,0.00388,0.00883158,0.00155427,0.000532,0.0004052,0.00315654,0.000608,0.00261054,0.0019355,0.00382,0.00227193,0.0017982,0.00174,0.00680117,0.0083495,0.00522,0.01241122,0.00761845,0.00957,0.00668199,0.00315746,0.00272,0.03146684,0.01097977,0.00938,0.00207487,0.00153008,0.00173,0.00468224,0.00476839,0.00588,0.0030861,0.00275476,0.000747,0.00690749,0.00320468,0.00246,0.00129396,0.00117466,0.00089,0.00032202,0.00043155,0.000523,0.00088116,0.00113891,0.000815,0.00238323,0.00227123,0.00176,0.00351925,0.00386163,0.00145,0.00024348,0.0002035,0.000332,0.00101242,0.00109376,0.00131
4,0.00019031,0.00026352,,0.00286075,0.0025257,0.00337,0.00652786,0.0013888,0.000482,0.00037486,0.00299266,0.000555,0.00229214,0.00169087,0.00345,0.00204289,0.00148463,0.00144,0.00604488,0.00682757,0.00425,0.01209029,0.00725713,0.00831,0.00699359,0.00293697,0.00221,0.02774847,0.00976076,0.00743,0.00191107,0.00140698,0.00161,0.00405111,0.00467176,0.00511,0.00277099,0.0025289,0.000786,0.00591254,0.0027654,0.00213,0.00120371,0.00105097,0.000774,0.00027392,0.00038886,0.000423,0.0007907,0.00102102,0.000685,0.00214668,0.00197386,0.00173,0.00325319,0.00334233,0.00137,0.00023095,0.00019652,0.000317,0.00087037,0.00109451,0.00124
4.2,0.00017291,0.00023315,,0.00263852,0.00206004,0.00275,0.00541923,0.00124509,0.000441,0.0003468,0.00257186,0.000507,0.00203004,0.00148741,0.00312,0.00184599,0.0013057,0.00119,0.00539734,0.00589535,0.00346,0.01191678,0.00682852,0.00723,0.00690811,0.0029183,0.00197,0.02457049,0.00873287,0.00649,0.00149635,0.00109442,0.00149,0.0036264,0.00441371,0.00476,0.002498,0.00229637,0.000743,0.00505563,0.00240132,0.00186,0.00112228,0.00094317,0.000668,0.0002367,0.00035077,0.000348,0.00067139,0.000899,0.000577,0.00196892,0.00181993,0.00164,0.00290069,0.00310347,0.00122,0.00020209,0.00018779,0.000293,0.00077024,0.00097568,0.00117
4.4,0.00015778,0.00020706,,0.00264924,0.00185272,0.00232,0.00491987,0.00111679,0.000406,0.00032085,0.00205532,0.000463,0.00181186,0.00131726,0.00284,0.00167569,0.00116814,0.00098,0.00484118,0.00532876,0.00297,0.01167481,0.00636005,0.00632,0.00644348,0.00283296,0.00172,0.0218491,0.00786278,0.00591,0.00137594,0.00080016,0.00134,0.00330962,0.00390966,0.00417,0.00226086,0.00207551,0.000727,0.00459408,0.00209908,0.00174,0.00104788,0.00084947,0.000571,0.0002239,0.00031689,0.000292,0.00066991,0.00079446,0.000505,0.00180918,0.00177486,0.00155,0.00251675,0.00296126,0.00119,0.00018272,0.00019106,0.000289,0.00069653,0.00081779,0.00103
4.6,0.00014455,0.00018462,,0.00260269,0.00162119,0.00187,0.00453872,0.00100144,0.000374,0.00029692,0.0018209,0.000424,0.00162835,0.0011741,0.0026,0.0015276,0.00104609,0.000813,0.00436136,0.00477626,0.00265,0.01135887,0.00587624,0.00567,0.00570654,0.002706,0.00164,0.0195097,0.00712256,0.00534,0.00121856,0.0006963,0.00133,0.00302427,0.00403127,0.00356,0.00205412,0.00187527,0.000669,0.00423275,0.0018474,0.00159,0.00097912,0.00076803,0.000532,0.00021687,0.00028611,0.000261,0.00064005,0.00072795,0.000452,0.00166512,0.00164118,0.00144,0.00222635,0.0028133,0.00114,0.0002071,0.00019667,0.000288,0.00060691,0.00076998,0.000939
4.8,0.00013291,0.00016525,,0.00223433,0.00143911,0.00147,0.00419539,0.00090486,0.000346,0.00027492,0.00159367,0.000389,0.0014725,0.00105288,0.00238,0.00139812,0.00093844,0.000728,0.00394534,0.00423459,0.00236,0.01091115,0.00539422,0.0052,0.00483576,0.00254459,0.00167,0.01749375,0.00648915,0.00483,0.00106516,0.00066128,0.00125,0.00306473,0.0042034,0.00315,0.00187243,0.00169702,0.000573,0.0039022,0.00163695,0.00142,0.00091529,0.00069685,0.000505,0.00020208,0.00025756,0.000231,0.00059988,0.00068041,0.000398,0.00153488,0.00145765,0.00132,0.00194563,0.00265831,0.00103,0.00021705,0.00022921,0.000276,0.00051643,0.00072161,0.00087
5,0.00012262,0.00014849,,0.00179028,0.00126735,0.00133,0.00388499,0.00082818,0.000321,0.00025475,0.00137561,0.000357,0.00133896,0.00094959,0.00219,0.00128426,0.0008439,0.000667,0.00358307,0.00372558,0.0021,0.01031517,0.00492726,0.00474,0.00408106,0.00240824,0.00164,0.01574913,0.00596045,0.00441,0.00089026,0.00065303,0.00122,0.00305739,0.00457421,0.00288,0.00171194,0.0015379,0.000496,0.00360063,0.00146017,0.00125,0.00085607,0.00063427,0.000479,0.00020264,0.0002308,0.000215,0.0005603,0.00066305,0.000348,0.00141711,0.00124931,0.00121,0.00187495,0.00249874,0.000883,0.0002132,0.00024103,0.000261,0.00043571,0.00067635,0.000783
5.5,0.00010157,0.00011549,,0.00172252,0.00094243,0.00106,0.00322938,0.00066664,0.000266,0.0002115,0.00102517,0.000291,0.00107778,0.00075017,0.0018,0.00105343,0.00065561,0.000536,0.00286154,0.00270325,0.00159,0.00894069,0.00416438,0.00369,0.00284944,0.00218394,0.00136,0.01231857,0.00511748,0.00363,0.00079194,0.00057559,0.00107,0.0029009,0.0040844,0.00228,0.00138424,0.00120251,0.00039,0.00295965,0.00112815,0.000888,0.00072526,0.00050624,0.000414,0.00017723,0.00017179,0.000189,0.00047415,0.00054648,0.000247,0.00117034,0.0010685,0.00106,0.00163828,0.00210289,0.000821,0.00017729,0.00019462,0.000203,0.00031734,0.00055324,0.00055
6,8.55E-05,9.68E-05,,0.00127637,0.00085775,0.000812,0.00270994,0.00054108,0.000222,0.00017699,0.0008259,0.00024,0.00088879,0.00063226,0.0015,0.00087946,0.00052015,0.000433,0.00233227,0.00232787,0.00124,0.00728958,0.00388665,0.00284,0.00212704,0.00149279,0.000954,0.0098528,0.00442978,0.00309,0.00062893,0.00046129,0.000848,0.00270191,0.00356124,0.00185,0.00113567,0.00093025,0.000316,0.00245437,0.00090365,0.000738,0.00061585,0.00040713,0.000355,0.00014273,0.0001506,0.00019,0.00038148,0.00042938,0.000181,0.0009794,0.00089117,0.000836,0.00138356,0.0017457,0.000694,0.00016401,0.00019338,0.000138,0.00025802,0.00051587,0.000443
6.5,7.30E-05,8.48E-05,,0.00090921,0.00070741,0.000653,0.00229294,0.00045892,0.000186,0.00014946,0.00067838,0.0002,0.0007471,0.00054088,0.00127,0.00074524,0.0004216,0.000353,0.00193463,0.00199143,0.001,0.00587517,0.00338559,0.00222,0.00181697,0.00141228,0.000796,0.00803783,0.00385323,0.00265,0.00045804,0.00037313,0.000736,0.00266063,0.00303729,0.0016,0.00094475,0.00076812,0.00026,0.00205497,0.00074648,0.000646,0.00052459,0.00032839,0.000305,0.00011445,0.00015473,0.00019,0.00033934,0.000354,0.000142,0.00083168,0.00073111,0.000632,0.00115242,0.00144448,0.000544,0.00015184,0.00018375,9.57E-05,0.00021145,0.00046144,0.000326
7,6.30E-05,7.47E-05,,0.0006481,0.000528,0.000553,0.00195608,0.00040394,0.000158,0.0001274,0.00056657,0.000173,0.00063777,0.00046824,0.00109,0.00063956,0.0003486,0.000291,0.00162937,0.00170206,0.000842,0.00515165,0.00276851,0.00181,0.00174892,0.00119851,0.000557,0.0066718,0.00336449,0.00229,0.00036553,0.00035308,0.000531,0.00212947,0.00242226,0.00138,0.00079668,0.00069193,0.000203,0.0017378,0.00063241,0.000565,0.00044857,0.00026524,0.000262,0.00011239,0.00014918,0.000183,0.00033896,0.00029543,0.000122,0.00071628,0.00060044,0.000553,0.00095838,0.00119918,0.000481,0.00012957,0.00013982,7.66E-05,0.00016741,0.00038513,0.000241
7.5,5.49E-05,6.63E-05,,0.00054809,0.00043994,0.000485,0.00168247,0.00035729,0.000135,0.00010958,0.00048004,0.000153,0.00055142,0.00040944,0.000948,0.00055491,0.00029344,0.000243,0.00139047,0.00145816,0.000718,0.00442961,0.00238017,0.00155,0.0017356,0.00097374,0.000421,0.00562225,0.00294877,0.00199,0.00028855,0.00036963,0.000392,0.00176092,0.0018731,0.00117,0.00068046,0.00061809,0.000165,0.00148433,0.00054663,0.000522,0.00038538,0.00021762,0.000227,0.00010369,0.00012945,0.000168,0.00031774,0.00025053,0.000104,0.00062463,0.00049877,0.000482,0.00080069,0.00100256,0.000397,0.00012122,0.00012214,6.48E-05,0.00014167,0.00032358,0.000186
8,4.83E-05,5.91E-05,,0.00045611,0.00038979,0.000431,0.00145844,0.00031738,0.000117,9.51E-05,0.00041182,0.000136,0.00048189,0.00036113,0.00083,0.00048604,0.00025087,0.000205,0.00120029,0.00125458,0.000619,0.00387349,0.00208178,0.00135,0.0016819,0.00079097,0.000391,0.00480061,0.00259468,0.00174,0.00022761,0.00034566,0.00033,0.00161489,0.00164833,0.000975,0.00058809,0.00054819,0.000153,0.00127986,0.00047992,0.000474,0.00033286,0.00017536,0.000198,9.31E-05,0.00011743,0.000151,0.00028265,0.00021604,8.94E-05,0.00055043,0.00042095,0.000421,0.00067352,0.00084621,0.000326,0.00010048,0.0001128,5.33E-05,0.00013399,0.00025391,0.000147
8.5,4.28E-05,5.30E-05,,0.00037436,0.00037296,0.000385,0.00127368,0.00028307,0.000102,8.32E-05,0.00035716,0.000122,0.00042499,0.00032093,0.000733,0.00042928,0.00021737,0.000175,0.00104656,0.00108512,0.000539,0.00340678,0.00194041,0.00117,0.00156708,0.00062574,0.000362,0.00414647,0.00229269,0.00153,0.00020207,0.00030437,0.000263,0.0013981,0.00147973,0.000804,0.00051369,0.00048391,0.00014,0.00111341,0.00042644,0.000425,0.00028909,0.00017331,0.000173,8.25E-05,0.000106,0.000133,0.00026244,0.00018921,7.76E-05,0.00048923,0.00036137,0.000368,0.00057148,0.00072151,0.00029,8.71E-05,0.00010222,4.39E-05,0.00012407,0.00022112,0.000118
9,3.82E-05,4.78E-05,,0.00033724,0.00036469,0.000343,0.00112024,0.00025348,9.04E-05,7.33E-05,0.00031271,0.00011,0.00037777,0.0002871,0.000652,0.00038193,0.0001911,0.000151,0.00092062,0.00094393,0.000474,0.00296096,0.00167398,0.00104,0.00146774,0.00048597,0.000348,0.00361775,0.00203465,0.00136,0.0001775,0.0002588,0.00021,0.00116132,0.00134831,0.000699,0.00045296,0.00042624,0.000126,0.00097663,0.00038249,0.000379,0.00025252,0.00015765,0.000153,7.25E-05,9.57E-05,0.000115,0.00023591,0.00016795,6.80E-05,0.00043791,0.00031519,0.000323,0.00048947,0.0006212,0.00026,7.64E-05,9.06E-05,3.78E-05,0.00011257,0.00020412,0.000102
9.5,3.43E-05,4.33E-05,,0.00030175,0.00033628,0.000305,0.00099178,0.00022789,8.04E-05,6.50E-05,0.0002761,9.97E-05,0.00033811,0.00025835,0.000584,0.00034203,0.00017153,0.000134,0.00081618,0.00082598,0.000419,0.00255931,0.00144469,0.000925,0.00134751,0.00039949,0.000348,0.00318458,0.00181358,0.00121,0.00015058,0.00022908,0.000176,0.0009412,0.00123698,0.000624,0.00040275,0.00037543,0.000113,0.0008632,0.00034563,0.000336,0.00022185,0.00014462,0.000135,6.31E-05,8.65E-05,9.86E-05,0.00020525,0.00015073,6.02E-05,0.00039429,0.00027875,0.000285,0.00042327,0.00053993,0.000233,6.67E-05,8.00E-05,3.27E-05,0.00010028,0.00019191,9.00E-05
10,3.10E-05,3.94E-05,,0.00027758,0.00031642,0.000271,0.00088342,0.00020567,7.21E-05,5.80E-05,0.0002456,9.07E-05,0.00030447,0.00023372,0.000526,0.00030809,0.00015482,0.000123,0.00072863,0.00072698,0.000374,0.00220623,0.00129588,0.000857,0.00119692,0.00035544,0.000346,0.00282537,0.00162358,0.00109,0.0001378,0.00021218,0.000158,0.00075515,0.00112992,0.000548,0.00036074,0.00033125,0.000101,0.00076828,0.0003142,0.000298,0.00019601,0.00013101,0.000121,5.43E-05,7.98E-05,8.42E-05,0.00017431,0.0001365,5.36E-05,0.00035681,0.0002494,0.000252,0.00036943,0.00047352,0.00021,6.00E-05,7.06E-05,2.85E-05,8.79E-05,0.00017464,7.94E-05
11,2.56E-05,3.30E-05,,0.0002323,0.0002763,0.000214,0.00071262,0.00016943,5.92E-05,4.70E-05,0.00019809,7.59E-05,0.00025079,0.00019395,0.000433,0.00025382,0.00012797,0.000104,0.00059125,0.00057262,0.000303,0.00163201,0.00103946,0.000669,0.00087355,0.00027892,0.000332,0.0022693,0.00132549,0.000889,0.00013404,0.00015801,0.000145,0.00055195,0.00093176,0.000414,0.00029481,0.00026033,8.10E-05,0.00061997,0.00026337,0.000234,0.00015549,0.00010537,9.79E-05,4.50E-05,6.56E-05,6.08E-05,0.0001378,0.0001142,4.32E-05,0.00029584,0.00020499,0.000201,0.00028876,0.0003732,0.000172,4.70E-05,5.39E-05,2.22E-05,6.53E-05,0.00013501,6.26E-05
12,2.15E-05,2.80E-05,,0.00019371,0.00023857,0.000171,0.00058611,0.00014233,4.96E-05,3.89E-05,0.00016324,6.44E-05,0.00021024,0.00016351,0.000363,0.00021275,0.00010755,8.80E-05,0.00048957,0.00047914,0.000252,0.00121206,0.0008363,0.000552,0.00078326,0.00021615,0.000314,0.00186409,0.00112879,0.000739,0.00011176,0.00013177,0.000139,0.00041827,0.00075963,0.000321,0.00024586,0.00020803,6.54E-05,0.00051098,0.00022406,0.000186,0.00012584,8.55E-05,8.08E-05,4.00E-05,5.30E-05,4.71E-05,0.00011607,9.74E-05,3.54E-05,0.00024872,0.00017273,0.000162,0.00023253,0.00030249,0.000143,3.85E-05,4.15E-05,1.76E-05,4.85E-05,0.00010269,5.03E-05
13,1.84E-05,2.40E-05,,0.00017117,0.00020506,0.000139,0.00049014,0.00012252,4.22E-05,3.27E-05,0.00013691,5.54E-05,0.00017884,0.00013971,0.000308,0.00018093,9.17E-05,7.47E-05,0.0004122,0.00041048,0.000216,0.00096121,0.00067892,0.000461,0.0006938,0.00017575,0.000275,0.00155958,0.00097279,0.000623,8.60E-05,0.00010864,0.000129,0.00032082,0.00061564,0.000276,0.0002084,0.00016933,5.36E-05,0.00042865,0.00019287,0.00015,0.00010366,7.44E-05,6.74E-05,3.51E-05,4.37E-05,4.23E-05,9.73E-05,8.41E-05,2.93E-05,0.00021158,0.000148,0.000134,0.00019191,0.00025088,0.00012,3.26E-05,3.08E-05,1.43E-05,4.22E-05,8.52E-05,4.11E-05
14,1.58E-05,2.08E-05,,0.00015514,0.00017624,0.000115,0.00041579,0.00010623,3.65E-05,2.78E-05,0.00011653,4.81E-05,0.00015401,0.00012074,0.000265,0.00015576,7.90E-05,6.38E-05,0.00035195,0.00035548,0.000187,0.00082536,0.00055758,0.00039,0.00060392,0.00015468,0.000245,0.00132486,0.0008469,0.000533,6.74E-05,8.93E-05,0.000115,0.00025115,0.00049848,0.000238,0.00017901,0.00014035,4.45E-05,0.00036495,0.00016767,0.000123,8.67E-05,6.49E-05,5.68E-05,3.07E-05,3.63E-05,3.61E-05,8.17E-05,7.33E-05,2.47E-05,0.00018185,0.00012835,0.000112,0.00016159,0.00021203,0.000102,2.76E-05,2.67E-05,1.19E-05,3.48E-05,7.05E-05,3.42E-05
15,1.38E-05,1.82E-05,,0.00013967,0.00015188,9.69E-05,0.0003571,9.28E-05,3.20E-05,2.40E-05,0.00010042,4.21E-05,0.00013403,0.00010538,0.000231,0.00013551,6.89E-05,5.49E-05,0.0003041,0.00031078,0.000163,0.00071305,0.00046362,0.000334,0.00052165,0.00013604,0.00022,0.00113999,0.00074382,0.00046,5.76E-05,7.37E-05,9.92E-05,0.00020122,0.00040491,0.000205,0.0001555,0.00011829,3.76E-05,0.00031464,0.00014701,0.000102,7.36E-05,5.69E-05,4.83E-05,2.67E-05,3.03E-05,3.19E-05,6.89E-05,6.44E-05,2.10E-05,0.00015776,0.00011236,9.50E-05,0.00013831,0.00018197,8.81E-05,2.35E-05,2.32E-05,1.00E-05,2.80E-05,5.85E-05,2.90E-05
20,7.77E-06,1.04E-05,,8.10E-05,9.28E-05,5.05E-05,0.0001914,5.17E-05,1.85E-05,1.30E-05,5.46E-05,2.41E-05,7.52E-05,5.96E-05,0.000129,7.59E-05,3.88E-05,3.00E-05,0.00016672,0.00017678,9.15E-05,0.0003839,0.00021786,0.000184,0.0002566,7.51E-05,9.84E-05,0.00061718,0.00042977,0.000252,3.11E-05,3.21E-05,3.95E-05,0.00010749,0.00016263,0.000107,8.68E-05,6.07E-05,1.92E-05,0.0001716,8.41E-05,5.09E-05,3.77E-05,3.18E-05,2.43E-05,1.38E-05,1.48E-05,1.94E-05,3.28E-05,3.70E-05,1.15E-05,8.66E-05,6.37E-05,4.87E-05,7.48E-05,9.90E-05,4.72E-05,1.15E-05,1.24E-05,5.24E-06,1.26E-05,2.58E-05,1.66E-05
