 PEER Ground Motion Database, Time Series Search Report -- NGA-West2 -- 2025-09-14,,,,,,,,,,,,,,,,,,,,,,,,,,,,,,,,,,,,,,,,,,,,,,,,,,,,,,,,,,,,,,,,,,,,,,,,,,,,,,,,,,,,,,,,,,,,,,,,,,,,,,,,,,,,,,,,,,,,,,,,,,,,,,,,,,,,,,,,,,,,,,,
,,,,,,,,,,,,,,,,,,,,,,,,,,,,,,,,,,,,,,,,,,,,,,,,,,,,,,,,,,,,,,,,,,,,,,,,,,,,,,,,,,,,,,,,,,,,,,,,,,,,,,,,,,,,,,,,,,,,,,,,,,,,,,,,,,,,,,,,,,,,,,,,
,,,,,,,,,,,,,,,,,,,,,,,,,,,,,,,,,,,,,,,,,,,,,,,,,,,,,,,,,,,,,,,,,,,,,,,,,,,,,,,,,,,,,,,,,,,,,,,,,,,,,,,,,,,,,,,,,,,,,,,,,,,,,,,,,,,,,,,,,,,,,,,,
 -- Summary of PEER Ground Motion Database Search Criteria --,,,,,,,,,,,,,,,,,,,,,,,,,,,,,,,,,,,,,,,,,,,,,,,,,,,,,,,,,,,,,,,,,,,,,,,,,,,,,,,,,,,,,,,,,,,,,,,,,,,,,,,,,,,,,,,,,,,,,,,,,,,,,,,,,,,,,,,,,,,,,,,,
Magnitude Min:,6.5,,,,,,,,,,,,,,,,,,,,,,,,,,,,,,,,,,,,,,,,,,,,,,,,,,,,,,,,,,,,,,,,,,,,,,,,,,,,,,,,,,,,,,,,,,,,,,,,,,,,,,,,,,,,,,,,,,,,,,,,,,,,,,,,,,,,,,,,,,,,,,,
Magnitude Max:,8,,,,,,,,,,,,,,,,,,,,,,,,,,,,,,,,,,,,,,,,,,,,,,,,,,,,,,,,,,,,,,,,,,,,,,,,,,,,,,,,,,,,,,,,,,,,,,,,,,,,,,,,,,,,,,,,,,,,,,,,,,,,,,,,,,,,,,,,,,,,,,,
Rrup Min (km):,0,,,,,,,,,,,,,,,,,,,,,,,,,,,,,,,,,,,,,,,,,,,,,,,,,,,,,,,,,,,,,,,,,,,,,,,,,,,,,,,,,,,,,,,,,,,,,,,,,,,,,,,,,,,,,,,,,,,,,,,,,,,,,,,,,,,,,,,,,,,,,,,
Rrup Max (km):,30,,,,,,,,,,,,,,,,,,,,,,,,,,,,,,,,,,,,,,,,,,,,,,,,,,,,,,,,,,,,,,,,,,,,,,,,,,,,,,,,,,,,,,,,,,,,,,,,,,,,,,,,,,,,,,,,,,,,,,,,,,,,,,,,,,,,,,,,,,,,,,,
Rjb Min (km):,0,,,,,,,,,,,,,,,,,,,,,,,,,,,,,,,,,,,,,,,,,,,,,,,,,,,,,,,,,,,,,,,,,,,,,,,,,,,,,,,,,,,,,,,,,,,,,,,,,,,,,,,,,,,,,,,,,,,,,,,,,,,,,,,,,,,,,,,,,,,,,,,
Rjb Max (km):,30,,,,,,,,,,,,,,,,,,,,,,,,,,,,,,,,,,,,,,,,,,,,,,,,,,,,,,,,,,,,,,,,,,,,,,,,,,,,,,,,,,,,,,,,,,,,,,,,,,,,,,,,,,,,,,,,,,,,,,,,,,,,,,,,,,,,,,,,,,,,,,,
Vs30 Min (m/sec):,625,,,,,,,,,,,,,,,,,,,,,,,,,,,,,,,,,,,,,,,,,,,,,,,,,,,,,,,,,,,,,,,,,,,,,,,,,,,,,,,,,,,,,,,,,,,,,,,,,,,,,,,,,,,,,,,,,,,,,,,,,,,,,,,,,,,,,,,,,,,,,,,
Vs30 Max (m/sec):,1550,,,,,,,,,,,,,,,,,,,,,,,,,,,,,,,,,,,,,,,,,,,,,,,,,,,,,,,,,,,,,,,,,,,,,,,,,,,,,,,,,,,,,,,,,,,,,,,,,,,,,,,,,,,,,,,,,,,,,,,,,,,,,,,,,,,,,,,,,,,,,,,
D9-95 Min (sec):,-1.00E-06,,,,,,,,,,,,,,,,,,,,,,,,,,,,,,,,,,,,,,,,,,,,,,,,,,,,,,,,,,,,,,,,,,,,,,,,,,,,,,,,,,,,,,,,,,,,,,,,,,,,,,,,,,,,,,,,,,,,,,,,,,,,,,,,,,,,,,,,,,,,,,,
D9-95 Max (sec):,99999,,,,,,,,,,,,,,,,,,,,,,,,,,,,,,,,,,,,,,,,,,,,,,,,,,,,,,,,,,,,,,,,,,,,,,,,,,,,,,,,,,,,,,,,,,,,,,,,,,,,,,,,,,,,,,,,,,,,,,,,,,,,,,,,,,,,,,,,,,,,,,,
Scale Factor Min:,-1.00E-06,,,,,,,,,,,,,,,,,,,,,,,,,,,,,,,,,,,,,,,,,,,,,,,,,,,,,,,,,,,,,,,,,,,,,,,,,,,,,,,,,,,,,,,,,,,,,,,,,,,,,,,,,,,,,,,,,,,,,,,,,,,,,,,,,,,,,,,,,,,,,,,
Scale Factor Max:,99999,,,,,,,,,,,,,,,,,,,,,,,,,,,,,,,,,,,,,,,,,,,,,,,,,,,,,,,,,,,,,,,,,,,,,,,,,,,,,,,,,,,,,,,,,,,,,,,,,,,,,,,,,,,,,,,,,,,,,,,,,,,,,,,,,,,,,,,,,,,,,,,
Period Array:, ,,,,,,,,,,,,,,,,,,,,,,,,,,,,,,,,,,,,,,,,,,,,,,,,,,,,,,,,,,,,,,,,,,,,,,,,,,,,,,,,,,,,,,,,,,,,,,,,,,,,,,,,,,,,,,,,,,,,,,,,,,,,,,,,,,,,,,,,,,,,,,,
Weight Array:, ,,,,,,,,,,,,,,,,,,,,,,,,,,,,,,,,,,,,,,,,,,,,,,,,,,,,,,,,,,,,,,,,,,,,,,,,,,,,,,,,,,,,,,,,,,,,,,,,,,,,,,,,,,,,,,,,,,,,,,,,,,,,,,,,,,,,,,,,,,,,,,,
Record Sequence Number:, ,,,,,,,,,,,,,,,,,,,,,,,,,,,,,,,,,,,,,,,,,,,,,,,,,,,,,,,,,,,,,,,,,,,,,,,,,,,,,,,,,,,,,,,,,,,,,,,,,,,,,,,,,,,,,,,,,,,,,,,,,,,,,,,,,,,,,,,,,,,,,,,
Earthquake Name:, ,,,,,,,,,,,,,,,,,,,,,,,,,,,,,,,,,,,,,,,,,,,,,,,,,,,,,,,,,,,,,,,,,,,,,,,,,,,,,,,,,,,,,,,,,,,,,,,,,,,,,,,,,,,,,,,,,,,,,,,,,,,,,,,,,,,,,,,,,,,,,,,
Station Name:, ,,,,,,,,,,,,,,,,,,,,,,,,,,,,,,,,,,,,,,,,,,,,,,,,,,,,,,,,,,,,,,,,,,,,,,,,,,,,,,,,,,,,,,,,,,,,,,,,,,,,,,,,,,,,,,,,,,,,,,,,,,,,,,,,,,,,,,,,,,,,,,,
User-Defined Maximum Number of Records:, ,,,,,,,,,,,,,,,,,,,,,,,,,,,,,,,,,,,,,,,,,,,,,,,,,,,,,,,,,,,,,,,,,,,,,,,,,,,,,,,,,,,,,,,,,,,,,,,,,,,,,,,,,,,,,,,,,,,,,,,,,,,,,,,,,,,,,,,,,,,,,,,
Pulse:,3,,,,,,,,,,,,,,,,,,,,,,,,,,,,,,,,,,,,,,,,,,,,,,,,,,,,,,,,,,,,,,,,,,,,,,,,,,,,,,,,,,,,,,,,,,,,,,,,,,,,,,,,,,,,,,,,,,,,,,,,,,,,,,,,,,,,,,,,,,,,,,,
Damping Ratio:,0.05,,,,,,,,,,,,,,,,,,,,,,,,,,,,,,,,,,,,,,,,,,,,,,,,,,,,,,,,,,,,,,,,,,,,,,,,,,,,,,,,,,,,,,,,,,,,,,,,,,,,,,,,,,,,,,,,,,,,,,,,,,,,,,,,,,,,,,,,,,,,,,,
Scaling Method:, No Scaling,,,,,,,,,,,,,,,,,,,,,,,,,,,,,,,,,,,,,,,,,,,,,,,,,,,,,,,,,,,,,,,,,,,,,,,,,,,,,,,,,,,,,,,,,,,,,,,,,,,,,,,,,,,,,,,,,,,,,,,,,,,,,,,,,,,,,,,,,,,,,,,
Suite Average:, Arithmetic,,,,,,,,,,,,,,,,,,,,,,,,,,,,,,,,,,,,,,,,,,,,,,,,,,,,,,,,,,,,,,,,,,,,,,,,,,,,,,,,,,,,,,,,,,,,,,,,,,,,,,,,,,,,,,,,,,,,,,,,,,,,,,,,,,,,,,,,,,,,,,,
Single-Period-Scaling Period (sec):, ,,,,,,,,,,,,,,,,,,,,,,,,,,,,,,,,,,,,,,,,,,,,,,,,,,,,,,,,,,,,,,,,,,,,,,,,,,,,,,,,,,,,,,,,,,,,,,,,,,,,,,,,,,,,,,,,,,,,,,,,,,,,,,,,,,,,,,,,,,,,,,,
Component:, SRSS,,,,,,,,,,,,,,,,,,,,,,,,,,,,,,,,,,,,,,,,,,,,,,,,,,,,,,,,,,,,,,,,,,,,,,,,,,,,,,,,,,,,,,,,,,,,,,,,,,,,,,,,,,,,,,,,,,,,,,,,,,,,,,,,,,,,,,,,,,,,,,,
Fault Type:, SS+Reverse,,,,,,,,,,,,,,,,,,,,,,,,,,,,,,,,,,,,,,,,,,,,,,,,,,,,,,,,,,,,,,,,,,,,,,,,,,,,,,,,,,,,,,,,,,,,,,,,,,,,,,,,,,,,,,,,,,,,,,,,,,,,,,,,,,,,,,,,,,,,,,,
,,,,,,,,,,,,,,,,,,,,,,,,,,,,,,,,,,,,,,,,,,,,,,,,,,,,,,,,,,,,,,,,,,,,,,,,,,,,,,,,,,,,,,,,,,,,,,,,,,,,,,,,,,,,,,,,,,,,,,,,,,,,,,,,,,,,,,,,,,,,,,,,
,,,,,,,,,,,,,,,,,,,,,,,,,,,,,,,,,,,,,,,,,,,,,,,,,,,,,,,,,,,,,,,,,,,,,,,,,,,,,,,,,,,,,,,,,,,,,,,,,,,,,,,,,,,,,,,,,,,,,,,,,,,,,,,,,,,,,,,,,,,,,,,,
 -- Summary of Metadata of Selected Records --,,,,,,,,,,,,,,,,,,,,,,,,,,,,,,,,,,,,,,,,,,,,,,,,,,,,,,,,,,,,,,,,,,,,,,,,,,,,,,,,,,,,,,,,,,,,,,,,,,,,,,,,,,,,,,,,,,,,,,,,,,,,,,,,,,,,,,,,,,,,,,,,
Result ID, Spectral Ordinate, Record Sequence Number, Mean Squared Error, Scale Factor, Tp-Pulse Period (sec), 5-75% Duration (sec), 5-95% Duration (sec), Arias Intensity (m/sec), Earthquake Name, Year, Station Name, Magnitude, Mechanism, Rjb (km), Rrup (km), Vs30 (m/sec), Lowest Useable Frequency (Hz), Initial-search Scale Factor, Horizontal-1 Acc. Filename, Horizontal-2 Acc. Filename, Vertical Acc. Filename,,,,,,,,,,,,,,,,,,,,,,,,,,,,,,,,,,,,,,,,,,,,,,,,,,,,,,,,,,,,,,,,,,,,,,,,,,,,,,,,,,,,,,,,,,,,,,,,,,,,,,,,,,,,,,,,,,,,,,,,,,,
1, SRSS,73, -,1, -,3,11.8,0.2," ""San Fernando""",1971," ""Lake Hughes #9""",6.61, Reverse,17.22,22.57,670.84,0.625,1, RSN73_SFERN_L09021.AT2, RSN73_SFERN_L09291.AT2 , RSN73_SFERN_L09DWN.AT2  ,,,,,,,,,,,,,,,,,,,,,,,,,,,,,,,,,,,,,,,,,,,,,,,,,,,,,,,,,,,,,,,,,,,,,,,,,,,,,,,,,,,,,,,,,,,,,,,,,,,,,,,,,,,,,,,,,,,,,,,,,,,
2, SRSS,80, -,1, -,5.7,14.1,0.3," ""San Fernando""",1971," ""Pasadena - Old Seismo Lab""",6.61, Reverse,21.5,21.5,969.07,0.625,1, RSN80_SFERN_PSL180.AT2, RSN80_SFERN_PSL270.AT2 , RSN80_SFERN_PSLDWN.AT2  ,,,,,,,,,,,,,,,,,,,,,,,,,,,,,,,,,,,,,,,,,,,,,,,,,,,,,,,,,,,,,,,,,,,,,,,,,,,,,,,,,,,,,,,,,,,,,,,,,,,,,,,,,,,,,,,,,,,,,,,,,,,
3, SRSS,763, -,1, -,1.6,5,0.9," ""Loma Prieta""",1989," ""Gilroy - Gavilan Coll.""",6.93, Reverse Oblique,9.19,9.96,729.65,0.125,1, RSN763_LOMAP_GIL067.AT2, RSN763_LOMAP_GIL337.AT2 , RSN763_LOMAP_GIL-UP.AT2  ,,,,,,,,,,,,,,,,,,,,,,,,,,,,,,,,,,,,,,,,,,,,,,,,,,,,,,,,,,,,,,,,,,,,,,,,,,,,,,,,,,,,,,,,,,,,,,,,,,,,,,,,,,,,,,,,,,,,,,,,,,,
4, SRSS,765, -,1, -,2,6.5,1.7," ""Loma Prieta""",1989," ""Gilroy Array #1""",6.93, Reverse Oblique,8.84,9.64,1428.14,0.075,1, RSN765_LOMAP_G01000.AT2, RSN765_LOMAP_G01090.AT2 , RSN765_LOMAP_G01-UP.AT2  ,,,,,,,,,,,,,,,,,,,,,,,,,,,,,,,,,,,,,,,,,,,,,,,,,,,,,,,,,,,,,,,,,,,,,,,,,,,,,,,,,,,,,,,,,,,,,,,,,,,,,,,,,,,,,,,,,,,,,,,,,,,
5, SRSS,769, -,1, -,4.5,13,0.4," ""Loma Prieta""",1989," ""Gilroy Array #6""",6.93, Reverse Oblique,17.92,18.33,663.31,0.1625,1, RSN769_LOMAP_G06000.AT2, RSN769_LOMAP_G06090.AT2 , RSN769_LOMAP_G06-UP.AT2  ,,,,,,,,,,,,,,,,,,,,,,,,,,,,,,,,,,,,,,,,,,,,,,,,,,,,,,,,,,,,,,,,,,,,,,,,,,,,,,,,,,,,,,,,,,,,,,,,,,,,,,,,,,,,,,,,,,,,,,,,,,,
6, SRSS,801, -,1, -,6.3,10.1,1.3," ""Loma Prieta""",1989," ""San Jose - Santa Teresa Hills""",6.93, Reverse Oblique,14.18,14.69,671.77,0.0375,1, RSN801_LOMAP_SJTE225.AT2, RSN801_LOMAP_SJTE315.AT2 , RSN801_LOMAP_SJTE-UP.AT2  ,,,,,,,,,,,,,,,,,,,,,,,,,,,,,,,,,,,,,,,,,,,,,,,,,,,,,,,,,,,,,,,,,,,,,,,,,,,,,,,,,,,,,,,,,,,,,,,,,,,,,,,,,,,,,,,,,,,,,,,,,,,
7, SRSS,809, -,1, -,5.6,9,1.6," ""Loma Prieta""",1989," ""UCSC""",6.93, Reverse Oblique,12.15,18.51,713.59,0.125,1, RSN809_LOMAP_UC2000.AT2, RSN809_LOMAP_UC2090.AT2 , RSN809_LOMAP_UC2-UP.AT2  ,,,,,,,,,,,,,,,,,,,,,,,,,,,,,,,,,,,,,,,,,,,,,,,,,,,,,,,,,,,,,,,,,,,,,,,,,,,,,,,,,,,,,,,,,,,,,,,,,,,,,,,,,,,,,,,,,,,,,,,,,,,
8, SRSS,810, -,1, -,6.2,9.7,2.7," ""Loma Prieta""",1989," ""UCSC Lick Observatory""",6.93, Reverse Oblique,12.04,18.41,713.59,0.15,1, RSN810_LOMAP_LOB000.AT2, RSN810_LOMAP_LOB090.AT2 , RSN810_LOMAP_LOB-UP.AT2  ,,,,,,,,,,,,,,,,,,,,,,,,,,,,,,,,,,,,,,,,,,,,,,,,,,,,,,,,,,,,,,,,,,,,,,,,,,,,,,,,,,,,,,,,,,,,,,,,,,,,,,,,,,,,,,,,,,,,,,,,,,,
9, SRSS,989, -,1, -,5.6,9,0.7," ""Northridge-01""",1994," ""LA - Chalon Rd""",6.69, Reverse,9.87,20.45,740.05,0.2625,1, RSN989_NORTHR_CHL070.AT2, RSN989_NORTHR_CHL160.AT2 , RSN989_NORTHR_CHL-UP.AT2  ,,,,,,,,,,,,,,,,,,,,,,,,,,,,,,,,,,,,,,,,,,,,,,,,,,,,,,,,,,,,,,,,,,,,,,,,,,,,,,,,,,,,,,,,,,,,,,,,,,,,,,,,,,,,,,,,,,,,,,,,,,,
10, SRSS,1011, -,1, -,5.1,8.7,0.2," ""Northridge-01""",1994," ""LA - Wonderland Ave""",6.69, Reverse,15.11,20.29,1222.52,0.175,1, RSN1011_NORTHR_WON095.AT2, RSN1011_NORTHR_WON185.AT2 , RSN1011_NORTHR_WON-UP.AT2  ,,,,,,,,,,,,,,,,,,,,,,,,,,,,,,,,,,,,,,,,,,,,,,,,,,,,,,,,,,,,,,,,,,,,,,,,,,,,,,,,,,,,,,,,,,,,,,,,,,,,,,,,,,,,,,,,,,,,,,,,,,,
11, SRSS,1012, -,1, -,5.4,8,1.1," ""Northridge-01""",1994," ""LA 00""",6.69, Reverse,9.87,19.07,706.22,0.1625,1, RSN1012_NORTHR_LA0180.AT2, RSN1012_NORTHR_LA0270.AT2 , RSN1012_NORTHR_LA0DWN.AT2  ,,,,,,,,,,,,,,,,,,,,,,,,,,,,,,,,,,,,,,,,,,,,,,,,,,,,,,,,,,,,,,,,,,,,,,,,,,,,,,,,,,,,,,,,,,,,,,,,,,,,,,,,,,,,,,,,,,,,,,,,,,,
12, SRSS,1023, -,1, -,5.4,9.3,0.2," ""Northridge-01""",1994," ""Lake Hughes #9""",6.69, Reverse,24.86,25.36,670.84,0.175,1, RSN1023_NORTHR_L09000.AT2, RSN1023_NORTHR_L09090.AT2 , RSN1023_NORTHR_L09-UP.AT2  ,,,,,,,,,,,,,,,,,,,,,,,,,,,,,,,,,,,,,,,,,,,,,,,,,,,,,,,,,,,,,,,,,,,,,,,,,,,,,,,,,,,,,,,,,,,,,,,,,,,,,,,,,,,,,,,,,,,,,,,,,,,
13, SRSS,1078, -,1, -,4.4,8.3,0.9," ""Northridge-01""",1994," ""Santa Susana Ground""",6.69, Reverse,1.69,16.74,715.12,0.14,1, RSN1078_NORTHR_SSU000.AT2, RSN1078_NORTHR_SSU090.AT2 ,  -----   ,,,,,,,,,,,,,,,,,,,,,,,,,,,,,,,,,,,,,,,,,,,,,,,,,,,,,,,,,,,,,,,,,,,,,,,,,,,,,,,,,,,,,,,,,,,,,,,,,,,,,,,,,,,,,,,,,,,,,,,,,,,
14, SRSS,1091, -,1, -,4.3,8.3,0.4," ""Northridge-01""",1994," ""Vasquez Rocks Park""",6.69, Reverse,23.1,23.64,996.43,0.25,1, RSN1091_NORTHR_VAS000.AT2, RSN1091_NORTHR_VAS090.AT2 , RSN1091_NORTHR_VAS-UP.AT2  ,,,,,,,,,,,,,,,,,,,,,,,,,,,,,,,,,,,,,,,,,,,,,,,,,,,,,,,,,,,,,,,,,,,,,,,,,,,,,,,,,,,,,,,,,,,,,,,,,,,,,,,,,,,,,,,,,,,,,,,,,,,
15, SRSS,1108, -,1, -,4,7,1.2," ""Kobe_ Japan""",1995," ""Kobe University""",6.9, strike slip,0.9,0.92,1043,0.125,1, RSN1108_KOBE_KBU000.AT2, RSN1108_KOBE_KBU090.AT2 , RSN1108_KOBE_KBU-UP.AT2  ,,,,,,,,,,,,,,,,,,,,,,,,,,,,,,,,,,,,,,,,,,,,,,,,,,,,,,,,,,,,,,,,,,,,,,,,,,,,,,,,,,,,,,,,,,,,,,,,,,,,,,,,,,,,,,,,,,,,,,,,,,,
16, SRSS,1206, -,1, -,24.2,37.1,0.3," ""Chi-Chi_ Taiwan""",1999," ""CHY042""",7.62, Reverse Oblique,27.47,28.17,665.2,0.075,1, RSN1206_CHICHI_CHY042-E.AT2, RSN1206_CHICHI_CHY042-N.AT2 , RSN1206_CHICHI_CHY042-V.AT2  ,,,,,,,,,,,,,,,,,,,,,,,,,,,,,,,,,,,,,,,,,,,,,,,,,,,,,,,,,,,,,,,,,,,,,,,,,,,,,,,,,,,,,,,,,,,,,,,,,,,,,,,,,,,,,,,,,,,,,,,,,,,
17, SRSS,1234, -,1, -,23.6,31.4,1," ""Chi-Chi_ Taiwan""",1999," ""CHY086""",7.62, Reverse Oblique,27.57,28.42,665.2,0.125,1, RSN1234_CHICHI_CHY086-E.AT2, RSN1234_CHICHI_CHY086-N.AT2 , RSN1234_CHICHI_CHY086-V.AT2  ,,,,,,,,,,,,,,,,,,,,,,,,,,,,,,,,,,,,,,,,,,,,,,,,,,,,,,,,,,,,,,,,,,,,,,,,,,,,,,,,,,,,,,,,,,,,,,,,,,,,,,,,,,,,,,,,,,,,,,,,,,,
18, SRSS,1517, -,1, -,17.5,23,20.3," ""Chi-Chi_ Taiwan""",1999," ""TCU084""",7.62, Reverse Oblique,0,11.48,665.2,0.25,1, RSN1517_CHICHI_TCU084-E.AT2, RSN1517_CHICHI_TCU084-N.AT2 , RSN1517_CHICHI_TCU084-V.AT2  ,,,,,,,,,,,,,,,,,,,,,,,,,,,,,,,,,,,,,,,,,,,,,,,,,,,,,,,,,,,,,,,,,,,,,,,,,,,,,,,,,,,,,,,,,,,,,,,,,,,,,,,,,,,,,,,,,,,,,,,,,,,
19, SRSS,1520, -,1, -,5.4,10,2.7," ""Chi-Chi_ Taiwan""",1999," ""TCU088""",7.62, Reverse Oblique,4.67,18.16,665.2,0.1,1, RSN1520_CHICHI_TCU088-N.AT2, RSN1520_CHICHI_TCU088-E.AT2 , RSN1520_CHICHI_TCU088-V.AT2  ,,,,,,,,,,,,,,,,,,,,,,,,,,,,,,,,,,,,,,,,,,,,,,,,,,,,,,,,,,,,,,,,,,,,,,,,,,,,,,,,,,,,,,,,,,,,,,,,,,,,,,,,,,,,,,,,,,,,,,,,,,,
20, SRSS,1521, -,1, -,21.8,24.9,3," ""Chi-Chi_ Taiwan""",1999," ""TCU089""",7.62, Reverse Oblique,0,9,671.52,0.0875,1, RSN1521_CHICHI_TCU089-E.AT2, RSN1521_CHICHI_TCU089-N.AT2 , RSN1521_CHICHI_TCU089-V.AT2  ,,,,,,,,,,,,,,,,,,,,,,,,,,,,,,,,,,,,,,,,,,,,,,,,,,,,,,,,,,,,,,,,,,,,,,,,,,,,,,,,,,,,,,,,,,,,,,,,,,,,,,,,,,,,,,,,,,,,,,,,,,,
21, SRSS,1551, -,1, -,21.3,34,1.7," ""Chi-Chi_ Taiwan""",1999," ""TCU138""",7.62, Reverse Oblique,9.78,9.78,652.85,0.0375,1, RSN1551_CHICHI_TCU138-N.AT2, RSN1551_CHICHI_TCU138-W.AT2 , RSN1551_CHICHI_TCU138-V.AT2  ,,,,,,,,,,,,,,,,,,,,,,,,,,,,,,,,,,,,,,,,,,,,,,,,,,,,,,,,,,,,,,,,,,,,,,,,,,,,,,,,,,,,,,,,,,,,,,,,,,,,,,,,,,,,,,,,,,,,,,,,,,,
22, SRSS,1613, -,1, -,12.2,18.6,0," ""Duzce_ Turkey""",1999," ""Lamont 1060""",7.14, strike slip,25.78,25.88,782,0.075,1, RSN1613_DUZCE_1060-N.AT2, RSN1613_DUZCE_1060-E.AT2 , RSN1613_DUZCE_1060-V.AT2  ,,,,,,,,,,,,,,,,,,,,,,,,,,,,,,,,,,,,,,,,,,,,,,,,,,,,,,,,,,,,,,,,,,,,,,,,,,,,,,,,,,,,,,,,,,,,,,,,,,,,,,,,,,,,,,,,,,,,,,,,,,,
23, SRSS,1618, -,1, -,10.9,14.9,0.4," ""Duzce_ Turkey""",1999," ""Lamont 531""",7.14, strike slip,8.03,8.03,638.39,0.075,1, RSN1618_DUZCE_531-N.AT2, RSN1618_DUZCE_531-E.AT2 , RSN1618_DUZCE_531-V.AT2  ,,,,,,,,,,,,,,,,,,,,,,,,,,,,,,,,,,,,,,,,,,,,,,,,,,,,,,,,,,,,,,,,,,,,,,,,,,,,,,,,,,,,,,,,,,,,,,,,,,,,,,,,,,,,,,,,,,,,,,,,,,,
24, SRSS,1633, -,1, -,10.8,29.1,7.5," ""Manjil_ Iran""",1990," ""Abbar""",7.37, strike slip,12.55,12.55,723.95,0.13,1, RSN1633_MANJIL_ABBAR--L.AT2, RSN1633_MANJIL_ABBAR--T.AT2 , RSN1633_MANJIL_ABBAR--V.AT2  ,,,,,,,,,,,,,,,,,,,,,,,,,,,,,,,,,,,,,,,,,,,,,,,,,,,,,,,,,,,,,,,,,,,,,,,,,,,,,,,,,,,,,,,,,,,,,,,,,,,,,,,,,,,,,,,,,,,,,,,,,,,
25, SRSS,1787, -,1, -,7.6,11.7,1.9," ""Hector Mine""",1999," ""Hector""",7.13, strike slip,10.35,11.66,726,0.0375,1, RSN1787_HECTOR_HEC000.AT2, RSN1787_HECTOR_HEC090.AT2 , RSN1787_HECTOR_HECVER.AT2  ,,,,,,,,,,,,,,,,,,,,,,,,,,,,,,,,,,,,,,,,,,,,,,,,,,,,,,,,,,,,,,,,,,,,,,,,,,,,,,,,,,,,,,,,,,,,,,,,,,,,,,,,,,,,,,,,,,,,,,,,,,,
26, SRSS,3925, -,1, -,10.4,19.6,0.3," ""Tottori_ Japan""",2000," ""OKYH07""",6.61, strike slip,15.23,15.23,940.2,0.0075,1, RSN3925_TOTTORI_OKYH07NS.AT2, RSN3925_TOTTORI_OKYH07EW.AT2 , RSN3925_TOTTORI_OKYH07UD.AT2  ,,,,,,,,,,,,,,,,,,,,,,,,,,,,,,,,,,,,,,,,,,,,,,,,,,,,,,,,,,,,,,,,,,,,,,,,,,,,,,,,,,,,,,,,,,,,,,,,,,,,,,,,,,,,,,,,,,,,,,,,,,,
27, SRSS,3926, -,1, -,13.2,25.4,0.6," ""Tottori_ Japan""",2000," ""OKYH08""",6.61, strike slip,24.84,24.84,694.21,0.0375,1, RSN3926_TOTTORI_OKYH08NS.AT2, RSN3926_TOTTORI_OKYH08EW.AT2 , RSN3926_TOTTORI_OKYH08UD.AT2  ,,,,,,,,,,,,,,,,,,,,,,,,,,,,,,,,,,,,,,,,,,,,,,,,,,,,,,,,,,,,,,,,,,,,,,,,,,,,,,,,,,,,,,,,,,,,,,,,,,,,,,,,,,,,,,,,,,,,,,,,,,,
28, SRSS,3932, -,1, -,5.4,17.3,1.2," ""Tottori_ Japan""",2000," ""OKYH14""",6.61, strike slip,26.51,26.51,709.86,0.125,1, RSN3932_TOTTORI_OKYH14NS.AT2, RSN3932_TOTTORI_OKYH14EW.AT2 , RSN3932_TOTTORI_OKYH14UD.AT2  ,,,,,,,,,,,,,,,,,,,,,,,,,,,,,,,,,,,,,,,,,,,,,,,,,,,,,,,,,,,,,,,,,,,,,,,,,,,,,,,,,,,,,,,,,,,,,,,,,,,,,,,,,,,,,,,,,,,,,,,,,,,
29, SRSS,3954, -,1, -,4,12.8,0.5," ""Tottori_ Japan""",2000," ""SMNH10""",6.61, strike slip,15.58,15.59,967.27,0.0375,1, RSN3954_TOTTORI_SMNH10NS.AT2, RSN3954_TOTTORI_SMNH10EW.AT2 , RSN3954_TOTTORI_SMNH10UD.AT2  ,,,,,,,,,,,,,,,,,,,,,,,,,,,,,,,,,,,,,,,,,,,,,,,,,,,,,,,,,,,,,,,,,,,,,,,,,,,,,,,,,,,,,,,,,,,,,,,,,,,,,,,,,,,,,,,,,,,,,,,,,,,
30, SRSS,4213, -,1, -,2.6,9.4,0.6," ""Niigata_ Japan""",2004," ""NIG023""",6.63, Reverse,25.33,25.82,654.76,0.075,1, RSN4213_NIIGATA_NIG023NS.AT2, RSN4213_NIIGATA_NIG023EW.AT2 , RSN4213_NIIGATA_NIG023UD.AT2  ,,,,,,,,,,,,,,,,,,,,,,,,,,,,,,,,,,,,,,,,,,,,,,,,,,,,,,,,,,,,,,,,,,,,,,,,,,,,,,,,,,,,,,,,,,,,,,,,,,,,,,,,,,,,,,,,,,,,,,,,,,,
31, SRSS,4231, -,1, -,4.8,12.8,0.4," ""Niigata_ Japan""",2004," ""NIGH15""",6.63, Reverse,21.75,22.12,685.78,0.0375,1, RSN4231_NIIGATA_NIGH15NS.AT2, RSN4231_NIIGATA_NIGH15EW.AT2 , RSN4231_NIIGATA_NIGH15UD.AT2  ,,,,,,,,,,,,,,,,,,,,,,,,,,,,,,,,,,,,,,,,,,,,,,,,,,,,,,,,,,,,,,,,,,,,,,,,,,,,,,,,,,,,,,,,,,,,,,,,,,,,,,,,,,,,,,,,,,,,,,,,,,,
32, SRSS,4841, -,1, -,7.1,15.8,0.7," ""Chuetsu-oki_ Japan""",2007," ""Joetsu Yasuzukaku Yasuzuka""",6.8, Reverse,20.65,25.52,655.45,0.05,1, RSN4841_CHUETSU_65004NS.AT2, RSN4841_CHUETSU_65004EW.AT2 , RSN4841_CHUETSU_65004UD.AT2  ,,,,,,,,,,,,,,,,,,,,,,,,,,,,,,,,,,,,,,,,,,,,,,,,,,,,,,,,,,,,,,,,,,,,,,,,,,,,,,,,,,,,,,,,,,,,,,,,,,,,,,,,,,,,,,,,,,,,,,,,,,,
33, SRSS,4842, -,1, -,3.1,12.5,1.4," ""Chuetsu-oki_ Japan""",2007," ""Joetsu Uragawaraku Kamabucchi""",6.8, Reverse,18.6,22.74,655.45,0.075,1, RSN4842_CHUETSU_65005NS.AT2, RSN4842_CHUETSU_65005EW.AT2 , RSN4842_CHUETSU_65005UD.AT2  ,,,,,,,,,,,,,,,,,,,,,,,,,,,,,,,,,,,,,,,,,,,,,,,,,,,,,,,,,,,,,,,,,,,,,,,,,,,,,,,,,,,,,,,,,,,,,,,,,,,,,,,,,,,,,,,,,,,,,,,,,,,
34, SRSS,4843, -,1, -,7.2,19.9,0.7," ""Chuetsu-oki_ Japan""",2007," ""Matsushiro Tokamachi""",6.8, Reverse,18.16,25.03,640.14,0.05,1, RSN4843_CHUETSU_65006NS.AT2, RSN4843_CHUETSU_65006EW.AT2 , RSN4843_CHUETSU_65006UD.AT2  ,,,,,,,,,,,,,,,,,,,,,,,,,,,,,,,,,,,,,,,,,,,,,,,,,,,,,,,,,,,,,,,,,,,,,,,,,,,,,,,,,,,,,,,,,,,,,,,,,,,,,,,,,,,,,,,,,,,,,,,,,,,
35, SRSS,4844, -,1, -,12.1,24.2,0.3," ""Chuetsu-oki_ Japan""",2007," ""Tokamachi Matsunoyama""",6.8, Reverse,23.01,28.75,640.14,0.05,1, RSN4844_CHUETSU_65007NS.AT2, RSN4844_CHUETSU_65007EW.AT2 , RSN4844_CHUETSU_65007UD.AT2  ,,,,,,,,,,,,,,,,,,,,,,,,,,,,,,,,,,,,,,,,,,,,,,,,,,,,,,,,,,,,,,,,,,,,,,,,,,,,,,,,,,,,,,,,,,,,,,,,,,,,,,,,,,,,,,,,,,,,,,,,,,,
36, SRSS,4864, -,1, -,7.7,15.8,1.9," ""Chuetsu-oki_ Japan""",2007," ""Yoitamachi Yoita Nagaoka""",6.8, Reverse,4.69,16.1,655.45,0.1,1, RSN4864_CHUETSU_65037NS.AT2, RSN4864_CHUETSU_65037EW.AT2 , RSN4864_CHUETSU_65037UD.AT2  ,,,,,,,,,,,,,,,,,,,,,,,,,,,,,,,,,,,,,,,,,,,,,,,,,,,,,,,,,,,,,,,,,,,,,,,,,,,,,,,,,,,,,,,,,,,,,,,,,,,,,,,,,,,,,,,,,,,,,,,,,,,
37, SRSS,4868, -,1, -,10.3,15.2,3," ""Chuetsu-oki_ Japan""",2007," ""Yamakoshi Takezawa Nagaoka""",6.8, Reverse,22.23,28.12,655.45,0.1,1, RSN4868_CHUETSU_65041NS.AT2, RSN4868_CHUETSU_65041EW.AT2 , RSN4868_CHUETSU_65041UD.AT2  ,,,,,,,,,,,,,,,,,,,,,,,,,,,,,,,,,,,,,,,,,,,,,,,,,,,,,,,,,,,,,,,,,,,,,,,,,,,,,,,,,,,,,,,,,,,,,,,,,,,,,,,,,,,,,,,,,,,,,,,,,,,
38, SRSS,4869, -,1, -,9.9,22.5,0.5," ""Chuetsu-oki_ Japan""",2007," ""Kawaguchi""",6.8, Reverse,23.63,29.25,640.14,0.0625,1, RSN4869_CHUETSU_65042NS.AT2, RSN4869_CHUETSU_65042EW.AT2 , RSN4869_CHUETSU_65042UD.AT2  ,,,,,,,,,,,,,,,,,,,,,,,,,,,,,,,,,,,,,,,,,,,,,,,,,,,,,,,,,,,,,,,,,,,,,,,,,,,,,,,,,,,,,,,,,,,,,,,,,,,,,,,,,,,,,,,,,,,,,,,,,,,
39, SRSS,4872, -,1, -,8,22.7,0.3," ""Chuetsu-oki_ Japan""",2007," ""Sawa Mizuguti Tokamachi""",6.8, Reverse,21.17,27.3,640.14,0.0875,1, RSN4872_CHUETSU_65053NS.AT2, RSN4872_CHUETSU_65053EW.AT2 , RSN4872_CHUETSU_65053UD.AT2  ,,,,,,,,,,,,,,,,,,,,,,,,,,,,,,,,,,,,,,,,,,,,,,,,,,,,,,,,,,,,,,,,,,,,,,,,,,,,,,,,,,,,,,,,,,,,,,,,,,,,,,,,,,,,,,,,,,,,,,,,,,,
40, SRSS,4876, -,1, -,5.1,11.2,8.6," ""Chuetsu-oki_ Japan""",2007," ""Kashiwazaki Nishiyamacho Ikeura""",6.8, Reverse,0,12.63,655.45,0.25,1, RSN4876_CHUETSU_65059NS.AT2, RSN4876_CHUETSU_65059EW.AT2 , RSN4876_CHUETSU_65059UD.AT2  ,,,,,,,,,,,,,,,,,,,,,,,,,,,,,,,,,,,,,,,,,,,,,,,,,,,,,,,,,,,,,,,,,,,,,,,,,,,,,,,,,,,,,,,,,,,,,,,,,,,,,,,,,,,,,,,,,,,,,,,,,,,
41, SRSS,5474, -,1, -,9.5,18.5,0.8," ""Iwate_ Japan""",2008," ""AKT019""",6.9, Reverse,26.03,28.79,640.14,0.025,1, RSN5474_IWATE_AKT019NS.AT2, RSN5474_IWATE_AKT019EW.AT2 , RSN5474_IWATE_AKT019UD.AT2  ,,,,,,,,,,,,,,,,,,,,,,,,,,,,,,,,,,,,,,,,,,,,,,,,,,,,,,,,,,,,,,,,,,,,,,,,,,,,,,,,,,,,,,,,,,,,,,,,,,,,,,,,,,,,,,,,,,,,,,,,,,,
42, SRSS,5618, -,1, -,9.3,22.6,1.4," ""Iwate_ Japan""",2008," ""IWT010""",6.9, Reverse,16.26,16.27,825.83,0.025,1, RSN5618_IWATE_IWT010NS.AT2, RSN5618_IWATE_IWT010EW.AT2 , RSN5618_IWATE_IWT010UD.AT2  ,,,,,,,,,,,,,,,,,,,,,,,,,,,,,,,,,,,,,,,,,,,,,,,,,,,,,,,,,,,,,,,,,,,,,,,,,,,,,,,,,,,,,,,,,,,,,,,,,,,,,,,,,,,,,,,,,,,,,,,,,,,
43, SRSS,5806, -,1, -,9.2,17.4,0.7," ""Iwate_ Japan""",2008," ""Yuzawa Town""",6.9, Reverse,22.41,25.56,655.45,0.2375,1, RSN5806_IWATE_55461NS.AT2, RSN5806_IWATE_55461EW.AT2 , RSN5806_IWATE_55461UD.AT2  ,,,,,,,,,,,,,,,,,,,,,,,,,,,,,,,,,,,,,,,,,,,,,,,,,,,,,,,,,,,,,,,,,,,,,,,,,,,,,,,,,,,,,,,,,,,,,,,,,,,,,,,,,,,,,,,,,,,,,,,,,,,
44, SRSS,5809, -,1, -,7.7,11.5,0.9," ""Iwate_ Japan""",2008," ""Minase Yuzawa""",6.9, Reverse,17.34,21.25,655.45,0.2375,1, RSN5809_IWATE_55465NS.AT2, RSN5809_IWATE_55465EW.AT2 , RSN5809_IWATE_55465UD.AT2  ,,,,,,,,,,,,,,,,,,,,,,,,,,,,,,,,,,,,,,,,,,,,,,,,,,,,,,,,,,,,,,,,,,,,,,,,,,,,,,,,,,,,,,,,,,,,,,,,,,,,,,,,,,,,,,,,,,,,,,,,,,,
45, SRSS,5810, -,1, -,15.9,27.3,0.5," ""Iwate_ Japan""",2008," ""Machimukai Town""",6.9, Reverse,21.07,24.1,655.45,0.1875,1, RSN5810_IWATE_56362NS.AT2, RSN5810_IWATE_56362EW.AT2 , RSN5810_IWATE_56362UD.AT2  ,,,,,,,,,,,,,,,,,,,,,,,,,,,,,,,,,,,,,,,,,,,,,,,,,,,,,,,,,,,,,,,,,,,,,,,,,,,,,,,,,,,,,,,,,,,,,,,,,,,,,,,,,,,,,,,,,,,,,,,,,,,
46, SRSS,5815, -,1, -,8.6,18.5,0.9," ""Iwate_ Japan""",2008," ""Yuzawa""",6.9, Reverse,22.41,25.56,655.45,0.1,1, RSN5815_IWATE_44BC1NS.AT2, RSN5815_IWATE_44BC1EW.AT2 , RSN5815_IWATE_44BC1UD.AT2  ,,,,,,,,,,,,,,,,,,,,,,,,,,,,,,,,,,,,,,,,,,,,,,,,,,,,,,,,,,,,,,,,,,,,,,,,,,,,,,,,,,,,,,,,,,,,,,,,,,,,,,,,,,,,,,,,,,,,,,,,,,,
47, SRSS,5819, -,1, -,9.8,18.4,2.3," ""Iwate_ Japan""",2008," ""Ichinoseki Maikawa""",6.9, Reverse,23.01,23.02,640.14,0.1,1, RSN5819_IWATE_4CA71NS.AT2, RSN5819_IWATE_4CA71EW.AT2 , RSN5819_IWATE_4CA71UD.AT2  ,,,,,,,,,,,,,,,,,,,,,,,,,,,,,,,,,,,,,,,,,,,,,,,,,,,,,,,,,,,,,,,,,,,,,,,,,,,,,,,,,,,,,,,,,,,,,,,,,,,,,,,,,,,,,,,,,,,,,,,,,,,
48, SRSS,8165, -,1, -, -, -, -," ""Duzce_ Turkey""",1999," ""IRIGM 496""",7.14, strike slip,4.21,4.21,760,0.0375,1, RSN8165_DUZCE_496-NS.AT2, RSN8165_DUZCE_496-EW.AT2 , RSN8165_DUZCE_496-UP.AT2  ,,,,,,,,,,,,,,,,,,,,,,,,,,,,,,,,,,,,,,,,,,,,,,,,,,,,,,,,,,,,,,,,,,,,,,,,,,,,,,,,,,,,,,,,,,,,,,,,,,,,,,,,,,,,,,,,,,,,,,,,,,,
,,,,,,,,,,,,,,,,,,,,,,,,,,,,,,,,,,,,,,,,,,,,,,,,,,,,,,,,,,,,,,,,,,,,,,,,,,,,,,,,,,,,,,,,,,,,,,,,,,,,,,,,,,,,,,,,,,,,,,,,,,,,,,,,,,,,,,,,,,,,,,,,
 These records were obtained from the NGA-West2 On-Line Ground-Motion Database Tool,,,,,,,,,,,,,,,,,,,,,,,,,,,,,,,,,,,,,,,,,,,,,,,,,,,,,,,,,,,,,,,,,,,,,,,,,,,,,,,,,,,,,,,,,,,,,,,,,,,,,,,,,,,,,,,,,,,,,,,,,,,,,,,,,,,,,,,,,,,,,,,,
 These records are UNSCALED, AS RECORDED,,,,,,,,,,,,,,,,,,,,,,,,,,,,,,,,,,,,,,,,,,,,,,,,,,,,,,,,,,,,,,,,,,,,,,,,,,,,,,,,,,,,,,,,,,,,,,,,,,,,,,,,,,,,,,,,,,,,,,,,,,,,,,,,,,,,,,,,,,,,,,,
 Filename Extension: ,,,,,,,,,,,,,,,,,,,,,,,,,,,,,,,,,,,,,,,,,,,,,,,,,,,,,,,,,,,,,,,,,,,,,,,,,,,,,,,,,,,,,,,,,,,,,,,,,,,,,,,,,,,,,,,,,,,,,,,,,,,,,,,,,,,,,,,,,,,,,,,,
   ,AT2 = Acceleration,,,,,,,,,,,,,,,,,,,,,,,,,,,,,,,,,,,,,,,,,,,,,,,,,,,,,,,,,,,,,,,,,,,,,,,,,,,,,,,,,,,,,,,,,,,,,,,,,,,,,,,,,,,,,,,,,,,,,,,,,,,,,,,,,,,,,,,,,,,,,,,
   ,VT2 = Velocity,,,,,,,,,,,,,,,,,,,,,,,,,,,,,,,,,,,,,,,,,,,,,,,,,,,,,,,,,,,,,,,,,,,,,,,,,,,,,,,,,,,,,,,,,,,,,,,,,,,,,,,,,,,,,,,,,,,,,,,,,,,,,,,,,,,,,,,,,,,,,,,
   ,DT2 = Displacement,,,,,,,,,,,,,,,,,,,,,,,,,,,,,,,,,,,,,,,,,,,,,,,,,,,,,,,,,,,,,,,,,,,,,,,,,,,,,,,,,,,,,,,,,,,,,,,,,,,,,,,,,,,,,,,,,,,,,,,,,,,,,,,,,,,,,,,,,,,,,,,
 The users of the NGA-West2 databases, flatfiles, models and reports are requested to acknowledge the Pacific Earthquake Engineering Research Center (PEER) in their work and publications.,,,,,,,,,,,,,,,,,,,,,,,,,,,,,,,,,,,,,,,,,,,,,,,,,,,,,,,,,,,,,,,,,,,,,,,,,,,,,,,,,,,,,,,,,,,,,,,,,,,,,,,,,,,,,,,,,,,,,,,,,,,,,,,,,,,,,,,,,,,,,,
,,,,,,,,,,,,,,,,,,,,,,,,,,,,,,,,,,,,,,,,,,,,,,,,,,,,,,,,,,,,,,,,,,,,,,,,,,,,,,,,,,,,,,,,,,,,,,,,,,,,,,,,,,,,,,,,,,,,,,,,,,,,,,,,,,,,,,,,,,,,,,,,
 -- Scaled Spectra used in Search & Scaling --,,,,,,,,,,,,,,,,,,,,,,,,,,,,,,,,,,,,,,,,,,,,,,,,,,,,,,,,,,,,,,,,,,,,,,,,,,,,,,,,,,,,,,,,,,,,,,,,,,,,,,,,,,,,,,,,,,,,,,,,,,,,,,,,,,,,,,,,,,,,,,,,
Period (sec),Arithmetic Mean pSa (g),Arithmetic Mean + Sigma pSa (g),Arithmetic Mean - Sigma pSa (g),RSN-73 SRSS pSa (g),RSN-80 SRSS pSa (g),RSN-763 SRSS pSa (g),RSN-765 SRSS pSa (g),RSN-769 SRSS pSa (g),RSN-801 SRSS pSa (g),RSN-809 SRSS pSa (g),RSN-810 SRSS pSa (g),RSN-989 SRSS pSa (g),RSN-1011 SRSS pSa (g),RSN-1012 SRSS pSa (g),RSN-1023 SRSS pSa (g),RSN-1078 SRSS pSa (g),RSN-1091 SRSS pSa (g),RSN-1108 SRSS pSa (g),RSN-1206 SRSS pSa (g),RSN-1234 SRSS pSa (g),RSN-1517 SRSS pSa (g),RSN-1520 SRSS pSa (g),RSN-1521 SRSS pSa (g),RSN-1551 SRSS pSa (g),RSN-1613 SRSS pSa (g),RSN-1618 SRSS pSa (g),RSN-1633 SRSS pSa (g),RSN-1787 SRSS pSa (g),RSN-3925 SRSS pSa (g),RSN-3926 SRSS pSa (g),RSN-3932 SRSS pSa (g),RSN-3954 SRSS pSa (g),RSN-4213 SRSS pSa (g),RSN-4231 SRSS pSa (g),RSN-4841 SRSS pSa (g),RSN-4842 SRSS pSa (g),RSN-4843 SRSS pSa (g),RSN-4844 SRSS pSa (g),RSN-4864 SRSS pSa (g),RSN-4868 SRSS pSa (g),RSN-4869 SRSS pSa (g),RSN-4872 SRSS pSa (g),RSN-4876 SRSS pSa (g),RSN-5474 SRSS pSa (g),RSN-5618 SRSS pSa (g),RSN-5806 SRSS pSa (g),RSN-5809 SRSS pSa (g),RSN-5810 SRSS pSa (g),RSN-5815 SRSS pSa (g),RSN-5819 SRSS pSa (g),RSN-8165 SRSS pSa (g),,,,,,,,,,,,,,,,,,,,,,,,,,,,,,,,,,,,,,,,,,,,,,,,,,,,,,,,,,,,,,,,,,,,,,,,,,,,,,,,,,,,,,,,,,,,,
0.01,0.40772292,0.76946082,0.21604477,0.22589197,0.22875787,0.4899615,0.65071131,0.21238133,0.37923688,0.51718251,0.62310609,0.28612544,0.19480742,0.46646064,0.27665798,0.36991809,0.20937759,0.4193866,0.12000584,0.22906352,1.09769588,0.74633176,0.42162067,0.29583246,0.05972453,0.20494286,0.72680872,0.42644287,0.22544519,0.33308465,0.5263879,0.28060448,0.49567385,0.30307444,0.2750358,0.62863635,0.27137467,0.15337859,0.43152662,0.48672973,0.25963749,0.19445398,1.2437017,0.24271739,0.37220942,0.31044416,0.32910338,0.23494555,0.28076593,0.52743544,1.28590128,,,,,,,,,,,,,,,,,,,,,,,,,,,,,,,,,,,,,,,,,,,,,,,,,,,,,,,,,,,,,,,,,,,,,,,,,,,,,,,,,,,,,,,,,,,,,
0.02,0.41725099,0.79820923,0.21811122,0.22433698,0.2267008,0.5157123,0.74197479,0.21430872,0.38723312,0.59963978,0.6275264,0.28389794,0.19054796,0.46496311,0.27870288,0.3725018,0.21073286,0.41678983,0.1203137,0.22957591,1.1020368,0.80165065,0.42420678,0.29758829,0.05924203,0.20521251,0.7302336,0.42720579,0.2356836,0.34528114,0.53203325,0.28257489,0.49457697,0.32213353,0.2739889,0.63239683,0.26873052,0.15257931,0.43006336,0.48426081,0.26921785,0.19374451,1.25684708,0.247419,0.38729163,0.3175245,0.32560976,0.23661483,0.27880478,0.53769258,1.37014262,,,,,,,,,,,,,,,,,,,,,,,,,,,,,,,,,,,,,,,,,,,,,,,,,,,,,,,,,,,,,,,,,,,,,,,,,,,,,,,,,,,,,,,,,,,,,
0.022,0.42356524,0.81221105,0.2208878,0.24317099,0.23367502,0.50408562,0.7665753,0.21540531,0.3906898,0.62462446,0.63409722,0.2865727,0.19229583,0.46581129,0.29193745,0.3861806,0.21889549,0.41732253,0.12036139,0.22962448,1.10228644,0.87883384,0.42662749,0.29775967,0.05933497,0.20575198,0.76728544,0.42835017,0.23863843,0.34946104,0.53386444,0.28332323,0.49512816,0.3285439,0.27393554,0.63467758,0.26911693,0.1526549,0.43104333,0.48548869,0.27380967,0.19395641,1.2729752,0.25220268,0.3910794,0.31944405,0.32590011,0.23481052,0.27954883,0.54688018,1.37709276,,,,,,,,,,,,,,,,,,,,,,,,,,,,,,,,,,,,,,,,,,,,,,,,,,,,,,,,,,,,,,,,,,,,,,,,,,,,,,,,,,,,,,,,,,,,,
0.025,0.43755335,0.84378705,0.22689722,0.29318708,0.2369669,0.51545903,0.82401454,0.21817954,0.39211963,0.69427522,0.6599701,0.28716985,0.19453627,0.47474414,0.28536468,0.404586,0.24570423,0.41887873,0.12059545,0.22985139,1.1059639,0.96849819,0.42452578,0.29682777,0.0595186,0.20863357,0.84452977,0.43160819,0.24362946,0.35877935,0.53700965,0.28420318,0.49604358,0.34402716,0.27904778,0.63879411,0.26993277,0.15285033,0.44127218,0.48439938,0.29308154,0.19434113,1.29905396,0.26178293,0.40224565,0.32707793,0.34218807,0.23336974,0.28090669,0.58953715,1.41327845,,,,,,,,,,,,,,,,,,,,,,,,,,,,,,,,,,,,,,,,,,,,,,,,,,,,,,,,,,,,,,,,,,,,,,,,,,,,,,,,,,,,,,,,,,,,,
0.029,0.45558437,0.90276197,0.22991345,0.31256272,0.22893307,0.52899645,0.85796625,0.22242168,0.38830707,0.78161206,0.67778858,0.28601271,0.19609251,0.48360686,0.2855521,0.41700507,0.2349535,0.42155038,0.12081906,0.23262079,1.10988206,1.10375566,0.43120036,0.30296706,0.06057277,0.21108653,0.87199069,0.43503888,0.25744029,0.37132375,0.54762206,0.28592794,0.4967925,0.39149951,0.27842842,0.64575148,0.27221915,0.1532016,0.45918544,0.48542272,0.2802084,0.19557585,1.4157145,0.28001042,0.4479475,0.327538,0.3798666,0.23418919,0.2831165,0.65741435,1.5183587,,,,,,,,,,,,,,,,,,,,,,,,,,,,,,,,,,,,,,,,,,,,,,,,,,,,,,,,,,,,,,,,,,,,,,,,,,,,,,,,,,,,,,,,,,,,,
0.03,0.46006156,0.91199594,0.23208068,0.32898921,0.23088755,0.53505419,0.85858993,0.22122872,0.3979208,0.82172968,0.67566987,0.28749309,0.19655513,0.4854665,0.28764477,0.41900659,0.23015011,0.42130396,0.12091052,0.23363208,1.11159158,1.11408773,0.43371268,0.30492977,0.06066767,0.21293454,0.9028568,0.43310109,0.25977957,0.37747821,0.54902324,0.28589046,0.49819403,0.40534816,0.27831105,0.64714409,0.27287446,0.15314819,0.45858376,0.48772596,0.28721998,0.19653313,1.44847959,0.28479889,0.46503061,0.31541918,0.38991005,0.23673452,0.28373416,0.67007042,1.50540867,,,,,,,,,,,,,,,,,,,,,,,,,,,,,,,,,,,,,,,,,,,,,,,,,,,,,,,,,,,,,,,,,,,,,,,,,,,,,,,,,,,,,,,,,,,,,
0.032,0.46562917,0.90608052,0.23928394,0.35750328,0.2307168,0.57308365,0.86631866,0.21978335,0.43434146,0.8967339,0.68368737,0.29117788,0.20058942,0.48492091,0.28279613,0.42265184,0.21926554,0.41741015,0.12102934,0.23400663,1.11333542,1.06397943,0.44070755,0.30333847,0.06000528,0.21369124,0.895677,0.43359622,0.25698943,0.38477644,0.55796326,0.28732207,0.50073373,0.44881656,0.27804209,0.63636424,0.27404015,0.15326554,0.4628347,0.48914759,0.30061972,0.19834543,1.44614206,0.29653065,0.51265474,0.32389429,0.40081,0.25720428,0.28504936,0.69657733,1.44172947,,,,,,,,,,,,,,,,,,,,,,,,,,,,,,,,,,,,,,,,,,,,,,,,,,,,,,,,,,,,,,,,,,,,,,,,,,,,,,,,,,,,,,,,,,,,,
0.035,0.48040062,0.92724128,0.24889396,0.38549141,0.23448908,0.62139902,0.87686394,0.2287769,0.46551865,0.87457286,0.69679878,0.30224679,0.20496684,0.47777849,0.28555905,0.44940155,0.21630177,0.4237858,0.12153947,0.23279711,1.11468143,1.16942249,0.43631048,0.31001602,0.06026604,0.21136704,0.80240364,0.43951311,0.27784696,0.4154429,0.57492956,0.28864675,0.49986783,0.47519304,0.29310094,0.64921225,0.27617642,0.15374286,0.4776928,0.49124012,0.29937953,0.20484098,1.52858176,0.38684901,0.58740536,0.35935394,0.43056388,0.28310008,0.2871611,0.74005643,1.43657741,,,,,,,,,,,,,,,,,,,,,,,,,,,,,,,,,,,,,,,,,,,,,,,,,,,,,,,,,,,,,,,,,,,,,,,,,,,,,,,,,,,,,,,,,,,,,
0.036,0.48542559,0.93591199,0.25177368,0.38926416,0.23768235,0.62250679,0.87724208,0.23355379,0.47431882,0.87581645,0.69248422,0.30895229,0.20736232,0.4794324,0.28979755,0.45080582,0.21630842,0.41671283,0.12180594,0.23232665,1.11609476,1.17513012,0.44124788,0.31302111,0.06066314,0.21052425,0.82568502,0.4428138,0.28246339,0.42223606,0.57648215,0.2884564,0.49745419,0.50315293,0.29373214,0.63980894,0.27641598,0.15396334,0.48848387,0.4902996,0.30652316,0.20649886,1.54680689,0.41481451,0.61003934,0.36423466,0.44834065,0.28880304,0.28794405,0.74205948,1.45986192,,,,,,,,,,,,,,,,,,,,,,,,,,,,,,,,,,,,,,,,,,,,,,,,,,,,,,,,,,,,,,,,,,,,,,,,,,,,,,,,,,,,,,,,,,,,,
0.04,0.51193782,1.01189582,0.25899932,0.41388462,0.24054575,0.60081113,0.90645878,0.22493317,0.52718905,0.8640034,0.70817634,0.31895963,0.22363454,0.50435744,0.29280371,0.46631231,0.2252348,0.42436046,0.12193143,0.22935343,1.1263285,1.22365111,0.4494778,0.31027334,0.06137137,0.20693037,0.80632785,0.45512038,0.32231993,0.44485049,0.60877469,0.29363952,0.5059873,0.54617462,0.29431003,0.67508624,0.27436831,0.15431936,0.5311856,0.5149445,0.32922923,0.2061499,1.75429041,0.43973537,0.70720889,0.40216719,0.47410613,0.35384691,0.29124181,0.89133576,1.62531241,,,,,,,,,,,,,,,,,,,,,,,,,,,,,,,,,,,,,,,,,,,,,,,,,,,,,,,,,,,,,,,,,,,,,,,,,,,,,,,,,,,,,,,,,,,,,
0.042,0.52070489,1.03063481,0.26307435,0.3924509,0.24237832,0.62715847,0.93804091,0.22977739,0.53109249,0.83643253,0.76617787,0.320114,0.23055966,0.51524211,0.296742,0.50437509,0.2263351,0.41847333,0.12245352,0.22982995,1.13513034,1.21126088,0.45913043,0.31129718,0.061343,0.21230358,0.83132135,0.45807964,0.3528285,0.4456689,0.60498482,0.29052548,0.52027898,0.55946619,0.30231893,0.70110138,0.27706272,0.15478714,0.53796979,0.52773314,0.32047251,0.20663008,1.778514,0.46160889,0.72394982,0.39084869,0.462225,0.38882395,0.29438258,0.90160598,1.68254732,,,,,,,,,,,,,,,,,,,,,,,,,,,,,,,,,,,,,,,,,,,,,,,,,,,,,,,,,,,,,,,,,,,,,,,,,,,,,,,,,,,,,,,,,,,,,
0.044,0.53947591,1.07611515,0.27044899,0.40743926,0.25248667,0.64919671,0.95503155,0.23793411,0.53986913,0.92148148,0.79102196,0.31698082,0.23343465,0.53570335,0.30061057,0.53710835,0.22361561,0.42567446,0.12225424,0.22898123,1.13913234,1.26936911,0.46945007,0.31393511,0.06126939,0.21845435,0.86291692,0.46303053,0.38527327,0.44420324,0.69507034,0.29605627,0.53377889,0.69757492,0.30113706,0.68079687,0.27699386,0.15481086,0.54590595,0.52928401,0.33092178,0.21320615,1.83668131,0.46266858,0.70584239,0.37528387,0.48169582,0.43355356,0.29825293,0.96804085,1.77142891,,,,,,,,,,,,,,,,,,,,,,,,,,,,,,,,,,,,,,,,,,,,,,,,,,,,,,,,,,,,,,,,,,,,,,,,,,,,,,,,,,,,,,,,,,,,,
0.045,0.54612809,1.09122506,0.27332207,0.42110463,0.25539394,0.66723631,0.96407521,0.24113848,0.54872164,0.95064609,0.78551589,0.31453971,0.24119117,0.53828811,0.30106909,0.5371991,0.22301011,0.42641838,0.12219538,0.22943585,1.14012696,1.314299,0.47382415,0.31226511,0.06216723,0.22132259,0.86282132,0.45723991,0.40255485,0.45309102,0.74670848,0.29949528,0.53809297,0.72825549,0.30535505,0.68248599,0.27696239,0.15464398,0.54340231,0.52320438,0.34307843,0.21665463,1.86328831,0.47009342,0.71110014,0.37862079,0.48378376,0.44505341,0.29993569,0.94408864,1.79295376,,,,,,,,,,,,,,,,,,,,,,,,,,,,,,,,,,,,,,,,,,,,,,,,,,,,,,,,,,,,,,,,,,,,,,,,,,,,,,,,,,,,,,,,,,,,,
0.046,0.5541477,1.10495768,0.2779108,0.45807355,0.25644047,0.6910313,0.97898492,0.24393421,0.54554793,0.97425532,0.79301861,0.31203979,0.24697144,0.53702077,0.29955305,0.52116037,0.22671697,0.44487788,0.12234478,0.22964391,1.14087537,1.32782191,0.47912982,0.31562526,0.06288472,0.22309721,0.90788134,0.45462786,0.4193071,0.46165006,0.77575537,0.30161695,0.54304656,0.74007786,0.31268308,0.70107396,0.27843144,0.15456557,0.54111012,0.52299363,0.35107551,0.21475528,1.87947266,0.47420465,0.73509432,0.38567126,0.48113233,0.45918321,0.30157311,0.97323132,1.79782552,,,,,,,,,,,,,,,,,,,,,,,,,,,,,,,,,,,,,,,,,,,,,,,,,,,,,,,,,,,,,,,,,,,,,,,,,,,,,,,,,,,,,,,,,,,,,
0.048,0.56872378,1.13012132,0.28620532,0.47357871,0.24918212,0.74936855,1.00315649,0.25115026,0.53509401,0.98686135,0.80057483,0.32350961,0.25372636,0.53204535,0.2967232,0.53371032,0.23844126,0.47252818,0.12270634,0.23050764,1.14768948,1.39135154,0.47697394,0.31384451,0.06243055,0.2241883,0.98048114,0.47555771,0.45614543,0.5105176,0.78697537,0.30266777,0.55162577,0.75102865,0.31776413,0.72721891,0.28371221,0.15512881,0.52842755,0.54370712,0.35798057,0.21316596,1.92622642,0.5250151,0.76147031,0.38735336,0.50656341,0.44862975,0.30655669,1.0637508,1.76172796,,,,,,,,,,,,,,,,,,,,,,,,,,,,,,,,,,,,,,,,,,,,,,,,,,,,,,,,,,,,,,,,,,,,,,,,,,,,,,,,,,,,,,,,,,,,,
0.05,0.57836194,1.14551374,0.29201093,0.53911839,0.24953797,0.78371034,1.02806737,0.25536508,0.52495361,0.94489801,0.77682327,0.33392031,0.27178222,0.54439739,0.2976328,0.53180356,0.24253617,0.47870517,0.12355096,0.23112985,1.16112382,1.45443092,0.4855512,0.30902674,0.06156112,0.22569682,1.0579719,0.49542074,0.48898087,0.53904765,0.75246546,0.31266369,0.57075803,0.73788947,0.32191841,0.74076889,0.28528896,0.1558167,0.54123603,0.55683017,0.34281416,0.21694805,1.87672986,0.58349177,0.69782029,0.40187175,0.51676943,0.42654596,0.31417219,1.16518195,1.80664752,,,,,,,,,,,,,,,,,,,,,,,,,,,,,,,,,,,,,,,,,,,,,,,,,,,,,,,,,,,,,,,,,,,,,,,,,,,,,,,,,,,,,,,,,,,,,
0.055,0.60666684,1.19932965,0.30687531,0.59312387,0.26405184,0.83795788,1.10581864,0.2628594,0.60365266,1.05078139,0.79359692,0.32720747,0.2768907,0.58729291,0.30296723,0.56425717,0.2666314,0.47998256,0.12530798,0.2315287,1.17719284,1.53681636,0.50444386,0.33395648,0.06386171,0.23488149,1.38084828,0.48624642,0.62509079,0.55335985,0.78643289,0.33904251,0.60972085,0.73469516,0.33152357,0.8109086,0.29948753,0.15631542,0.54221,0.55437576,0.34314883,0.21860956,1.92152385,0.55964203,0.77564242,0.40356612,0.51232682,0.39848237,0.33058357,1.16483654,1.75632731,,,,,,,,,,,,,,,,,,,,,,,,,,,,,,,,,,,,,,,,,,,,,,,,,,,,,,,,,,,,,,,,,,,,,,,,,,,,,,,,,,,,,,,,,,,,,
0.06,0.63161082,1.24435189,0.32059439,0.58299899,0.26558571,0.82675156,1.1991456,0.27691234,0.78002713,1.07133141,0.89199661,0.34077733,0.33146739,0.5648977,0.31506706,0.54647174,0.32159925,0.43120768,0.1251071,0.23241431,1.19112599,1.47177433,0.49905074,0.3318456,0.06615001,0.2421658,1.37728278,0.48636947,0.77519693,0.57982351,0.83645376,0.34793148,0.62065306,0.81970237,0.30932147,0.93674107,0.28431359,0.15410823,0.52804905,0.55378925,0.40268939,0.2236543,2.05425066,0.67048573,0.76863411,0.37849796,0.5079272,0.39447803,0.36276351,1.30039804,1.73793317,,,,,,,,,,,,,,,,,,,,,,,,,,,,,,,,,,,,,,,,,,,,,,,,,,,,,,,,,,,,,,,,,,,,,,,,,,,,,,,,,,,,,,,,,,,,,
0.065,0.66580568,1.3288575,0.33359273,0.49992121,0.26396662,0.77664419,1.15920505,0.29641818,0.8570095,1.19620847,0.96361751,0.350439,0.35964329,0.61637086,0.32086734,0.60378909,0.38331296,0.48145873,0.12681417,0.2312072,1.231426,1.82138879,0.47321782,0.3422239,0.07588448,0.24050818,1.64673303,0.52608728,0.91913556,0.61437417,0.89528026,0.32446476,0.65018965,1.07525403,0.32736363,0.83278287,0.30279873,0.15913752,0.58151836,0.53224164,0.39019559,0.25349582,1.93541946,0.65887963,0.69516445,0.35026941,0.53673476,0.40939486,0.4000051,1.58560498,1.68460433,,,,,,,,,,,,,,,,,,,,,,,,,,,,,,,,,,,,,,,,,,,,,,,,,,,,,,,,,,,,,,,,,,,,,,,,,,,,,,,,,,,,,,,,,,,,,
0.067,0.68028394,1.35613796,0.34125306,0.48309966,0.26782804,0.74292274,1.05414541,0.2935648,0.86039164,1.18334471,0.93666894,0.3634309,0.37266134,0.64870883,0.31824876,0.63047926,0.40311062,0.48168881,0.12771548,0.23076157,1.24260956,1.94198262,0.50321823,0.34200283,0.07855941,0.24312818,1.71255383,0.55667717,0.95645531,0.60751258,0.92007315,0.31838112,0.68531489,1.14810597,0.3559988,0.86941741,0.29740769,0.16868565,0.62857657,0.53772146,0.40455217,0.26865938,1.92837706,0.70451856,0.70926715,0.35557305,0.58034684,0.45648889,0.39122726,1.69276127,1.64870344,,,,,,,,,,,,,,,,,,,,,,,,,,,,,,,,,,,,,,,,,,,,,,,,,,,,,,,,,,,,,,,,,,,,,,,,,,,,,,,,,,,,,,,,,,,,,
0.07,0.70521996,1.41171876,0.35229056,0.47491141,0.27633003,0.79197493,1.15589916,0.29077413,0.87609842,1.17957351,0.96107342,0.38026103,0.3824396,0.65105612,0.33700969,0.66126704,0.39613238,0.47364051,0.12954835,0.23300368,1.25143207,2.1804315,0.55694431,0.35272388,0.07860424,0.24512101,1.65285069,0.57246937,1.02974799,0.5742034,0.95414086,0.34945601,0.72736033,1.15943886,0.39693936,0.92399718,0.30312427,0.18183003,0.65749651,0.5427966,0.44657543,0.28607252,2.04863162,0.73978773,0.78469812,0.35328822,0.5900586,0.50482631,0.39408999,1.75314041,1.60728744,,,,,,,,,,,,,,,,,,,,,,,,,,,,,,,,,,,,,,,,,,,,,,,,,,,,,,,,,,,,,,,,,,,,,,,,,,,,,,,,,,,,,,,,,,,,,
0.075,0.72520082,1.44459813,0.36405711,0.4369363,0.30989711,0.8520233,1.27493201,0.29609739,0.88409297,1.2386263,0.90920518,0.39633606,0.38272534,0.65493162,0.34027,0.69062666,0.39895207,0.48255259,0.13023946,0.23561869,1.26075515,2.11415924,0.59419655,0.40096673,0.07908824,0.26402864,1.75519175,0.52346077,1.03105637,0.59312954,1.1404819,0.41796412,0.78529275,0.95393509,0.41438225,0.93072461,0.33628796,0.17994382,0.64229674,0.52402181,0.49436651,0.30375443,2.21259802,0.75843084,0.86167115,0.34075151,0.63176073,0.5185207,0.44893273,1.80080581,1.58261973,,,,,,,,,,,,,,,,,,,,,,,,,,,,,,,,,,,,,,,,,,,,,,,,,,,,,,,,,,,,,,,,,,,,,,,,,,,,,,,,,,,,,,,,,,,,,
0.08,0.74893123,1.49291783,0.37570587,0.46452866,0.34501987,0.84570456,1.18541377,0.32218293,0.81896751,1.19102556,0.87674213,0.39733877,0.42787356,0.71398221,0.3404504,0.80523152,0.42949628,0.49566575,0.1339141,0.24093198,1.28087547,2.31450424,0.61117002,0.42465457,0.09223952,0.27854231,1.96261904,0.57506468,0.942918,0.67330684,1.14866565,0.41970901,0.83488581,0.86522747,0.42597578,0.95457479,0.35484141,0.18601552,0.73121095,0.54105656,0.52514815,0.2992621,2.32005259,0.83607397,0.91985831,0.36176656,0.64110516,0.49570886,0.5397395,1.7257734,1.63168343,,,,,,,,,,,,,,,,,,,,,,,,,,,,,,,,,,,,,,,,,,,,,,,,,,,,,,,,,,,,,,,,,,,,,,,,,,,,,,,,,,,,,,,,,,,,,
0.085,0.77693954,1.55491943,0.38820986,0.42654331,0.32029142,1.00061055,1.39083727,0.33243618,0.96477624,1.10453819,0.86715234,0.38894285,0.44906405,0.82125041,0.36639218,0.86225897,0.43158752,0.50730532,0.1359711,0.24400348,1.29259922,2.29735736,0.61566104,0.41151814,0.09931305,0.30221281,2.33953204,0.66323242,0.6753386,0.78455541,0.99747679,0.44073259,0.78751301,1.00087689,0.47561578,1.07386071,0.37247617,0.2077593,0.76651782,0.56617678,0.53925729,0.31432377,2.20769067,0.81936491,0.87635123,0.3809422,0.69948684,0.54459603,0.52517542,1.83881216,1.76281028,,,,,,,,,,,,,,,,,,,,,,,,,,,,,,,,,,,,,,,,,,,,,,,,,,,,,,,,,,,,,,,,,,,,,,,,,,,,,,,,,,,,,,,,,,,,,
0.09,0.80545252,1.62005729,0.40045112,0.40014391,0.36124564,1.14473303,1.32383285,0.37051806,1.04770957,0.99095375,1.01997222,0.39430569,0.46437428,0.73885833,0.38661417,0.82884581,0.45072774,0.52319031,0.13407621,0.2406323,1.30672324,2.73140032,0.61825333,0.48493549,0.10055172,0.29399604,2.21977178,0.65725829,0.55639409,0.882329,1.0773606,0.48935003,0.78534715,1.18227357,0.57018645,0.96841146,0.37981213,0.23177876,0.92513629,0.5777516,0.57097284,0.34031901,2.05291961,0.78977883,0.96399973,0.37522147,0.74738976,0.51863501,0.55888065,1.98095516,1.90289367,,,,,,,,,,,,,,,,,,,,,,,,,,,,,,,,,,,,,,,,,,,,,,,,,,,,,,,,,,,,,,,,,,,,,,,,,,,,,,,,,,,,,,,,,,,,,
0.095,0.826425,1.62936591,0.41916814,0.39656664,0.41469276,1.19726002,1.406493,0.40221885,1.12262381,0.97757217,1.14720489,0.3935222,0.46116362,0.82625752,0.3975217,0.84033049,0.46005564,0.53598895,0.13899753,0.23884164,1.31959805,2.79268879,0.69676286,0.48719744,0.0985009,0.29994898,1.83326197,0.66929738,0.48347792,0.94793164,1.19035635,0.49820556,0.85492397,1.07989662,0.63837737,0.97462703,0.37841894,0.22954532,1.00676144,0.56646759,0.61461905,0.39948341,2.08835705,0.76105899,1.03039737,0.4098684,0.77841693,0.519038,0.59717034,2.07860772,1.98782498,,,,,,,,,,,,,,,,,,,,,,,,,,,,,,,,,,,,,,,,,,,,,,,,,,,,,,,,,,,,,,,,,,,,,,,,,,,,,,,,,,,,,,,,,,,,,
0.1,0.84607316,1.64907019,0.43408692,0.51900373,0.4393735,1.14045677,1.52781278,0.45945821,1.15932349,1.13761787,1.20274917,0.39355709,0.46485477,0.75824653,0.42659622,0.85622566,0.54322345,0.60534876,0.15496366,0.24045783,1.37527813,2.97474069,0.7828971,0.48538901,0.10091273,0.28422102,1.67752351,0.62025138,0.38347643,1.08270717,1.33871062,0.51053515,0.93903033,0.83188438,0.64803558,1.03336798,0.42694588,0.2193218,0.98486156,0.56464173,0.64227761,0.46812283,2.06870596,0.7719648,0.94964671,0.4244498,0.84944198,0.56890443,0.63301107,1.84112201,2.0998629,,,,,,,,,,,,,,,,,,,,,,,,,,,,,,,,,,,,,,,,,,,,,,,,,,,,,,,,,,,,,,,,,,,,,,,,,,,,,,,,,,,,,,,,,,,,,
0.11,0.8936113,1.69346226,0.47154352,0.51541541,0.47060182,1.10420168,1.33174206,0.50705893,1.2335823,1.46689178,1.49390957,0.42167718,0.4034863,0.75524753,0.51935179,0.79168441,0.53282762,0.75706199,0.17079672,0.2468091,1.34277542,2.74287226,0.84768389,0.47948323,0.10493563,0.34678882,1.94057726,0.68543933,0.38506936,1.43558289,1.76735181,0.57763927,1.05640057,0.64297742,0.50800719,1.12931198,0.49698,0.2868531,0.81335198,0.62977712,0.72824979,0.52602971,2.04199979,0.81081021,1.07872493,0.44682994,0.96236925,0.57956629,0.87300333,1.63739702,2.26615757,,,,,,,,,,,,,,,,,,,,,,,,,,,,,,,,,,,,,,,,,,,,,,,,,,,,,,,,,,,,,,,,,,,,,,,,,,,,,,,,,,,,,,,,,,,,,
0.12,0.93942933,1.82945664,0.48239868,0.47485006,0.47494779,1.32856436,1.15269575,0.52464989,1.16889937,1.57050093,1.62136261,0.48251297,0.46191886,0.83531201,0.5641643,0.81351357,0.51831961,0.85522767,0.1722378,0.26068626,1.43189365,2.61090843,0.92672571,0.50178249,0.12584521,0.34216272,2.35251675,0.68754636,0.39110891,1.55978256,2.58556538,0.72788496,0.94286173,0.52341544,0.52185173,1.42411187,0.46869789,0.35040463,0.74140353,0.6540581,0.64733155,0.50259649,2.04165736,0.68159182,1.04103747,0.48888938,0.96341686,0.59133443,1.04493113,1.63835639,2.30057302,,,,,,,,,,,,,,,,,,,,,,,,,,,,,,,,,,,,,,,,,,,,,,,,,,,,,,,,,,,,,,,,,,,,,,,,,,,,,,,,,,,,,,,,,,,,,
0.13,0.96730619,1.92024469,0.48727189,0.46070589,0.53078995,1.2546435,1.23114295,0.53221776,1.11720908,1.40761839,2.01909104,0.56447503,0.47944763,0.94931448,0.60914478,0.91743743,0.52972511,1.05284346,0.16535733,0.27367497,1.49817668,2.71775616,0.88409824,0.52985139,0.14293565,0.34932653,2.33908277,0.7194523,0.40571012,1.28198299,2.92943689,0.72439377,1.04698702,0.54811737,0.53772122,1.49237204,0.4624991,0.35828811,0.75199941,0.7308934,0.56715815,0.44935746,2.1439551,0.60408057,1.06042251,0.48197998,1.02813058,0.54458459,0.96290594,1.62349203,2.41871014,,,,,,,,,,,,,,,,,,,,,,,,,,,,,,,,,,,,,,,,,,,,,,,,,,,,,,,,,,,,,,,,,,,,,,,,,,,,,,,,,,,,,,,,,,,,,
0.133,0.9713621,1.92225596,0.49085259,0.46701956,0.55793728,1.19977458,1.35422424,0.55796179,1.11233374,1.4158882,2.1262345,0.56420096,0.47603946,0.91874856,0.6185483,0.9403646,0.55799503,1.00624774,0.16400278,0.28289977,1.50616503,2.50493773,0.8598591,0.52585737,0.14774657,0.3868058,2.44801237,0.72259469,0.4073926,1.22518976,2.90901447,0.72294068,1.08351797,0.53480273,0.52702554,1.4173768,0.45677921,0.34845758,0.76791332,0.73456883,0.55467582,0.46359883,2.24416547,0.59876361,1.12661619,0.49327721,1.05213744,0.55182838,0.96657284,1.51764791,2.49871772,,,,,,,,,,,,,,,,,,,,,,,,,,,,,,,,,,,,,,,,,,,,,,,,,,,,,,,,,,,,,,,,,,,,,,,,,,,,,,,,,,,,,,,,,,,,,
0.14,0.96272945,1.89526759,0.48903278,0.50462126,0.59404568,1.21163487,1.55199997,0.53218608,1.02696057,1.32365861,2.20044027,0.56665439,0.48831983,0.80547204,0.62107384,0.95357154,0.51642717,0.8720501,0.16301902,0.29340477,1.63263526,2.02210377,0.93252162,0.5280282,0.15977132,0.40857895,2.42202746,0.72728317,0.39465982,1.0660314,2.57603612,0.75929653,1.11603871,0.51736836,0.51815754,1.40265442,0.47462748,0.31388641,0.79964013,0.71771145,0.56511593,0.49956265,2.16157887,0.675902,1.03370765,0.47442799,1.05260514,0.56950509,0.96422951,1.49490918,3.00487132,,,,,,,,,,,,,,,,,,,,,,,,,,,,,,,,,,,,,,,,,,,,,,,,,,,,,,,,,,,,,,,,,,,,,,,,,,,,,,,,,,,,,,,,,,,,,
0.15,0.98975276,1.99818184,0.49025094,0.52909701,0.56859933,1.4280821,1.38143119,0.6956882,1.22885812,1.6027112,2.39954637,0.49773034,0.52055447,1.14792592,0.82850515,1.10783054,0.52482275,0.76543885,0.1802252,0.31721636,1.66789613,1.57665912,1.08646047,0.49588771,0.16647999,0.38651491,2.51069054,0.87091885,0.33657457,0.82633381,1.76330558,0.85921023,1.12134757,0.50858637,0.47697588,1.37635647,0.53573633,0.35679163,0.85995549,0.75197603,0.59447422,0.56683035,1.94974306,0.69859045,0.93064174,0.52704049,1.02450295,0.61105776,0.80728999,1.51342199,4.02561874,,,,,,,,,,,,,,,,,,,,,,,,,,,,,,,,,,,,,,,,,,,,,,,,,,,,,,,,,,,,,,,,,,,,,,,,,,,,,,,,,,,,,,,,,,,,,
0.16,0.98150151,2.03110138,0.47429696,0.47101452,0.58115662,1.49972762,1.2975481,0.70383343,1.19203553,1.75238966,2.45837195,0.50418726,0.49258034,1.06708789,0.9316676,1.22416603,0.47628823,0.67757284,0.21227212,0.33411686,1.55503493,1.52740234,1.08240508,0.5058713,0.23215458,0.43909601,2.49520896,0.89121068,0.35615732,0.82316021,1.36049009,0.86180367,1.15072877,0.49052282,0.55770366,1.49974218,0.66348917,0.3914086,0.90703741,0.66769938,0.66198952,0.53942989,1.63969429,0.70142763,0.85031266,0.51848654,0.93695152,0.71910687,0.75283297,1.03425231,4.42324439,,,,,,,,,,,,,,,,,,,,,,,,,,,,,,,,,,,,,,,,,,,,,,,,,,,,,,,,,,,,,,,,,,,,,,,,,,,,,,,,,,,,,,,,,,,,,
0.17,0.96450564,1.94139436,0.4791768,0.4524059,0.58747486,1.53407275,1.42819921,0.67904694,1.17058324,1.54778935,2.05896116,0.65043586,0.44692129,0.98315156,1.12196028,1.30421847,0.48638504,0.58704407,0.23907239,0.34938916,1.78506449,1.38563042,1.19376857,0.53832156,0.27606849,0.45829584,2.37858067,0.89088669,0.33038452,0.75933766,1.18747871,0.80481686,1.1619634,0.47974284,0.58404955,1.53586816,0.68294481,0.38570732,0.92347658,0.71426974,0.68593426,0.49810682,1.63238936,0.65598421,0.83249162,0.56878056,0.6943274,0.69020568,0.71407295,1.00821832,4.23199119,,,,,,,,,,,,,,,,,,,,,,,,,,,,,,,,,,,,,,,,,,,,,,,,,,,,,,,,,,,,,,,,,,,,,,,,,,,,,,,,,,,,,,,,,,,,,
0.18,0.95883373,1.8894593,0.48657419,0.42671547,0.54722598,1.46992741,1.55435484,0.68405155,1.2124778,1.50336455,1.79397228,0.58824088,0.44102893,0.90784861,1.1956322,1.4349139,0.52885132,0.54916936,0.2401493,0.34941367,2.02965107,1.22319978,1.18071669,0.55476203,0.2931892,0.49916149,2.48565704,0.90777351,0.26251265,0.76268065,0.92798116,0.80365108,1.14545434,0.51341885,0.5518497,1.6109391,0.73642091,0.32737067,0.91551186,0.83345985,0.71206099,0.42120845,1.7011607,0.71050485,0.87688369,0.61849386,0.85622604,0.63162523,0.68125276,0.92452273,3.89738004,,,,,,,,,,,,,,,,,,,,,,,,,,,,,,,,,,,,,,,,,,,,,,,,,,,,,,,,,,,,,,,,,,,,,,,,,,,,,,,,,,,,,,,,,,,,,
0.19,0.94095584,1.79697759,0.49271504,0.37627371,0.58503353,1.47629582,1.57345401,0.69285915,1.11968505,1.5352562,1.92731957,0.54315989,0.39937554,0.85028426,1.10909016,1.38147434,0.58249761,0.56626991,0.23859219,0.32067226,2.01745899,0.96294368,1.01839756,0.548308,0.25310329,0.48438687,2.25929195,0.86651911,0.22575865,0.79067957,0.68446672,0.95276038,1.05462982,0.55494662,0.58773306,1.7286579,0.73943047,0.37061906,0.80483194,0.86131863,0.69985563,0.3941527,1.92374305,0.79280089,0.92827568,0.71573166,0.8807649,0.64700673,0.77624361,0.92215376,3.44131614,,,,,,,,,,,,,,,,,,,,,,,,,,,,,,,,,,,,,,,,,,,,,,,,,,,,,,,,,,,,,,,,,,,,,,,,,,,,,,,,,,,,,,,,,,,,,
0.2,0.93410758,1.79358427,0.48648785,0.35643223,0.61364357,1.40878491,1.63496406,0.59915913,0.98155128,1.38627619,1.61827474,0.5234367,0.4037327,0.9088688,1.00277158,1.34565924,0.57768319,0.60663075,0.25438945,0.32291,1.79922713,0.96525585,1.13515774,0.58783009,0.21659694,0.59760895,2.18717073,1.04374332,0.21431813,0.75855444,0.6272984,1.065459,0.95475675,0.50720718,0.6548838,1.77466209,0.63227811,0.4239001,0.89424345,0.89815595,0.7102485,0.46087274,1.9238025,0.77253681,1.02254535,0.75566312,0.76789277,0.63006555,0.76093436,0.85574998,3.69337529,,,,,,,,,,,,,,,,,,,,,,,,,,,,,,,,,,,,,,,,,,,,,,,,,,,,,,,,,,,,,,,,,,,,,,,,,,,,,,,,,,,,,,,,,,,,,
0.22,0.89253132,1.78043073,0.44742665,0.34592188,0.54116471,1.23485088,1.6998564,0.86118118,0.98069774,1.03525757,1.33254439,0.64167819,0.41718323,1.10229333,0.75966488,1.29037363,0.47031638,0.5704837,0.27647581,0.32282407,1.91581132,0.97577807,1.26290214,0.53141613,0.1692532,0.66426331,1.85106021,1.22919039,0.19162626,0.60448886,0.66453596,1.04494358,0.85687147,0.42041435,0.65879342,1.65052652,0.66547943,0.40644778,0.86368671,0.89625,0.64853139,0.47704697,1.85453546,0.44664294,0.92113873,0.6266686,0.56495267,0.56658829,0.73617045,0.71567506,3.87704571,,,,,,,,,,,,,,,,,,,,,,,,,,,,,,,,,,,,,,,,,,,,,,,,,,,,,,,,,,,,,,,,,,,,,,,,,,,,,,,,,,,,,,,,,,,,,
0.24,0.88220283,1.91686381,0.40601832,0.274804,0.70623855,1.18124505,1.57082821,1.07637591,0.91021316,0.86691514,1.25488685,0.70791067,0.49181403,1.11644214,0.73234059,1.08777189,0.52506374,0.71882421,0.27240302,0.34260568,2.10160937,0.90884048,1.40729451,0.61544946,0.16503432,0.75889985,1.59016062,0.97063837,0.22383045,0.48152454,0.64020982,1.00542556,0.78812754,0.47703681,0.79926845,1.49589153,0.64402631,0.33862899,0.92877814,0.82301132,0.56843244,0.49866806,1.44973592,0.37770601,0.72103752,0.57210433,0.64885068,0.5203098,0.78232415,0.51521288,4.69098466,,,,,,,,,,,,,,,,,,,,,,,,,,,,,,,,,,,,,,,,,,,,,,,,,,,,,,,,,,,,,,,,,,,,,,,,,,,,,,,,,,,,,,,,,,,,,
0.25,0.8743016,1.94692606,0.39262061,0.24032046,0.76986269,1.14825047,1.44885412,1.04543653,0.77727725,0.76932678,1.21405678,0.67961566,0.46026514,1.09919883,0.71076579,1.10016243,0.56442645,0.78063772,0.27035494,0.35271845,2.05460066,0.86059811,1.26897719,0.63334258,0.15075658,0.81016162,1.65361124,0.91601732,0.24801777,0.40179955,0.6310014,0.96890817,0.82976108,0.4714428,0.90575222,1.56536902,0.69773231,0.32522144,0.91001782,0.77819869,0.54761002,0.46551284,1.50028791,0.43275345,0.73230208,0.5439539,0.66328181,0.45601304,0.85757421,0.42652406,4.82784537,,,,,,,,,,,,,,,,,,,,,,,,,,,,,,,,,,,,,,,,,,,,,,,,,,,,,,,,,,,,,,,,,,,,,,,,,,,,,,,,,,,,,,,,,,,,,
0.26,0.87720755,1.99137233,0.38641346,0.23957767,0.84474291,1.06604349,1.43969292,0.8968281,0.77817508,0.7084615,1.40771524,0.71486695,0.41395851,1.14091155,0.67076197,1.25184683,0.54210845,0.77992769,0.25363654,0.36685024,1.99054316,0.75530534,1.25763269,0.65397306,0.15938415,0.77600201,1.71439249,0.97150086,0.25092503,0.3527797,0.57973141,0.93884784,0.89356344,0.4528293,0.93431226,1.53003215,0.68665087,0.3012931,0.96541432,0.82195596,0.5632465,0.43631027,1.63392857,0.47127407,0.68508379,0.58153867,0.65801575,0.40501792,0.89169242,0.35581948,4.92086003,,,,,,,,,,,,,,,,,,,,,,,,,,,,,,,,,,,,,,,,,,,,,,,,,,,,,,,,,,,,,,,,,,,,,,,,,,,,,,,,,,,,,,,,,,,,,
0.28,0.84556173,1.83417556,0.38980709,0.25127044,0.66331049,1.13814491,1.59347997,0.62617259,0.65707369,0.68379105,1.60923927,0.70028287,0.35516621,1.39072593,0.62169663,1.205309,0.46598044,0.6971615,0.2474943,0.42679745,1.97419963,0.66356405,1.2561705,0.67077288,0.14706108,0.68233312,1.72774655,0.97426913,0.25652407,0.30002462,0.50136527,0.85652187,0.97722227,0.38493508,0.77856031,1.30818336,0.73889523,0.28269633,1.12018715,0.81346992,0.4663276,0.46797251,1.5985399,0.3927596,0.6808146,0.60241191,0.7900093,0.36413645,1.00798617,0.26904178,4.19916399,,,,,,,,,,,,,,,,,,,,,,,,,,,,,,,,,,,,,,,,,,,,,,,,,,,,,,,,,,,,,,,,,,,,,,,,,,,,,,,,,,,,,,,,,,,,,
0.29,0.8272456,1.74456003,0.39226812,0.27998621,0.54705166,1.16160469,1.721951,0.54430674,0.60714791,0.66568175,1.62487218,0.64905689,0.37213484,1.41798364,0.59768069,1.01290997,0.45174122,0.74791261,0.28089619,0.45774482,2.01329913,0.58387861,1.20358994,0.69457934,0.15235017,0.61483505,1.78421676,0.90740069,0.28113519,0.2849055,0.46428424,0.81549004,0.99415978,0.33480186,0.79094772,1.21054333,0.82849882,0.30216789,1.09765987,0.80039681,0.44183506,0.45851801,1.56275892,0.3643829,0.7357957,0.66179606,0.85916493,0.30148958,0.99345715,0.25227507,3.77651157,,,,,,,,,,,,,,,,,,,,,,,,,,,,,,,,,,,,,,,,,,,,,,,,,,,,,,,,,,,,,,,,,,,,,,,,,,,,,,,,,,,,,,,,,,,,,
0.3,0.81635863,1.70424735,0.39104735,0.29032731,0.53230236,1.09220236,1.76725591,0.5413069,0.6121383,0.66819052,1.54239265,0.62372944,0.39518599,1.36844698,0.53865645,0.95021524,0.45411702,0.80669776,0.30574344,0.46318641,2.09489978,0.52777398,1.16407129,0.7082161,0.16319944,0.60980556,1.79074446,0.98387881,0.29678385,0.30000805,0.41381776,0.74643106,1.0400677,0.31166406,0.72875676,1.03407115,0.85558686,0.30654938,1.04317256,0.76639185,0.4561836,0.46513215,1.57806389,0.3495542,0.80783406,0.70235966,0.83639961,0.26474497,1.04426643,0.23976039,3.60292962,,,,,,,,,,,,,,,,,,,,,,,,,,,,,,,,,,,,,,,,,,,,,,,,,,,,,,,,,,,,,,,,,,,,,,,,,,,,,,,,,,,,,,,,,,,,,
0.32,0.80984327,1.66866464,0.39303651,0.27718547,0.59246592,1.07806467,1.81711047,0.52801267,0.67808138,0.72209039,1.47867753,0.7887346,0.36616475,1.36709591,0.49800786,0.84892233,0.48923803,0.7776305,0.3099353,0.47537958,1.95310014,0.53335636,1.2475205,0.74745213,0.14681241,0.59909143,1.63821977,1.10182487,0.28176636,0.26428399,0.31376853,0.83239214,1.12724437,0.2981879,0.74054979,0.85512637,0.68624024,0.26586602,1.26256086,0.81774457,0.51740352,0.4592224,1.74133241,0.3083608,0.83239716,0.65775289,0.69424228,0.2777983,0.94360257,0.20894751,3.4255112,,,,,,,,,,,,,,,,,,,,,,,,,,,,,,,,,,,,,,,,,,,,,,,,,,,,,,,,,,,,,,,,,,,,,,,,,,,,,,,,,,,,,,,,,,,,,
0.34,0.80970835,1.61358784,0.40631666,0.29649891,0.57364333,1.2228763,2.02087723,0.45142491,0.6763222,0.81662258,1.64840723,0.8059941,0.36343302,1.20726008,0.42206045,0.86137711,0.56182536,0.89442564,0.2594113,0.46743059,1.88029161,0.56487901,1.30830772,0.82267243,0.14154811,0.62278784,1.93676574,1.03339097,0.2341522,0.24041705,0.24787087,0.83266394,1.17656681,0.29156204,0.87016423,0.70774682,0.63996721,0.27331929,1.43705399,0.90774214,0.44149393,0.41536513,1.81636451,0.31731139,0.81855479,0.66819792,0.72050813,0.29677995,0.80348009,0.15918908,2.6889957,,,,,,,,,,,,,,,,,,,,,,,,,,,,,,,,,,,,,,,,,,,,,,,,,,,,,,,,,,,,,,,,,,,,,,,,,,,,,,,,,,,,,,,,,,,,,
0.35,0.80351399,1.59661344,0.40437761,0.32859258,0.52114017,1.31069269,2.16131485,0.43161501,0.65390203,0.77730162,1.69156731,0.76804832,0.3679156,1.2994149,0.38443324,0.8578717,0.61702185,0.98168264,0.25181449,0.48803908,1.78084868,0.5953009,1.26923566,0.78565437,0.13205624,0.68919118,1.93176276,0.97105442,0.21176216,0.24999683,0.2278576,0.82427131,1.19383432,0.28958711,0.82362645,0.65067533,0.67155396,0.29312254,1.41909952,1.01146284,0.36068336,0.3767181,1.79756799,0.30507971,0.83552512,0.63593759,0.70904901,0.30566103,0.71872135,0.15368557,2.45572055,,,,,,,,,,,,,,,,,,,,,,,,,,,,,,,,,,,,,,,,,,,,,,,,,,,,,,,,,,,,,,,,,,,,,,,,,,,,,,,,,,,,,,,,,,,,,
0.36,0.7965644,1.57680961,0.40240422,0.34302753,0.48271902,1.357248,2.25416958,0.43326166,0.65223659,0.77134594,1.65170598,0.77240626,0.36040458,1.44744465,0.35802324,0.85982061,0.64935644,1.01870913,0.24243231,0.49390638,1.77686759,0.60280819,1.21674523,0.76890688,0.12836332,0.71345078,1.80429574,0.92944263,0.20933691,0.25605826,0.21809265,0.80626052,1.19534272,0.32255207,0.75143995,0.62587241,0.69414264,0.3055573,1.35288382,1.03243186,0.32236022,0.35583668,1.85306839,0.27732706,0.83601673,0.599326,0.71958862,0.29726052,0.69926919,0.16423534,2.25173292,,,,,,,,,,,,,,,,,,,,,,,,,,,,,,,,,,,,,,,,,,,,,,,,,,,,,,,,,,,,,,,,,,,,,,,,,,,,,,,,,,,,,,,,,,,,,
0.38,0.79047176,1.56968846,0.39806982,0.31005387,0.46995155,1.33942007,2.29793886,0.47723263,0.74431775,0.62462902,1.34036511,0.77231258,0.33893473,1.49801111,0.29606679,0.98002713,0.83697904,1.02713011,0.26316396,0.48787166,2.04693672,0.58283625,1.17045208,0.77751331,0.11713196,0.66143238,1.52027045,0.91157071,0.20746334,0.23685768,0.21638343,0.7966881,1.1412387,0.38034306,0.73023752,0.61424583,0.70909677,0.29541366,1.36598478,0.99368122,0.37815975,0.35884521,2.16148929,0.24447965,0.73880916,0.64715449,0.62982789,0.25937406,0.79795971,0.17064725,1.97571401,,,,,,,,,,,,,,,,,,,,,,,,,,,,,,,,,,,,,,,,,,,,,,,,,,,,,,,,,,,,,,,,,,,,,,,,,,,,,,,,,,,,,,,,,,,,,
0.4,0.77059709,1.54272874,0.38491529,0.2423445,0.4200679,1.29081653,2.19043901,0.45510155,0.77657366,0.60937123,1.15352851,0.86464849,0.35201325,1.24761213,0.27373884,0.93125173,0.80564186,0.95739916,0.2769268,0.54269612,2.29097035,0.61255142,1.07291228,0.82606855,0.10605832,0.60864214,1.47549506,0.85398387,0.20669652,0.2036647,0.2155688,0.75793911,1.04783104,0.38668666,0.65475277,0.66959651,0.68551671,0.30143764,1.44192984,1.01569834,0.35422586,0.33228998,2.25197285,0.24470106,0.73709767,0.70199615,0.63686581,0.24998164,0.80458529,0.1378199,1.71295216,,,,,,,,,,,,,,,,,,,,,,,,,,,,,,,,,,,,,,,,,,,,,,,,,,,,,,,,,,,,,,,,,,,,,,,,,,,,,,,,,,,,,,,,,,,,,
0.42,0.73706096,1.54217267,0.35226851,0.19672883,0.34776567,1.22833098,2.03400233,0.42503504,0.7395218,0.53488928,1.16894395,0.9215257,0.33947247,1.05861308,0.25254852,0.75623838,0.66115263,1.01155292,0.26927575,0.64114536,2.43718258,0.60419133,0.9335026,0.89732599,0.09532323,0.53088815,1.30597529,0.91446622,0.22450132,0.15816188,0.2144414,0.63709836,0.95406275,0.30678276,0.62992341,0.66291119,0.59937938,0.27048912,1.39693909,1.1851911,0.29830573,0.27044836,2.45133411,0.24637661,0.5851672,0.64686975,0.67324661,0.22664573,0.75618054,0.13592746,1.54294433,,,,,,,,,,,,,,,,,,,,,,,,,,,,,,,,,,,,,,,,,,,,,,,,,,,,,,,,,,,,,,,,,,,,,,,,,,,,,,,,,,,,,,,,,,,,,
0.44,0.70258383,1.52635364,0.32340084,0.17066953,0.31311798,1.15254001,1.87043707,0.40392109,0.75341222,0.46236354,0.90346674,0.86325236,0.31528924,1.06123719,0.23147689,0.65086211,0.62497787,0.91403336,0.2634592,0.71047546,2.56118064,0.56634575,0.88632459,0.69741759,0.09759882,0.50215919,1.22181674,1.13176572,0.24645736,0.13471713,0.21098111,0.49500813,0.90031678,0.24038959,0.65400874,0.62598593,0.64808986,0.28898288,1.27752882,1.21438096,0.31132347,0.2532914,2.60495941,0.26034566,0.61528671,0.6340224,0.61312542,0.21597379,0.5494503,0.13415321,1.26564408,,,,,,,,,,,,,,,,,,,,,,,,,,,,,,,,,,,,,,,,,,,,,,,,,,,,,,,,,,,,,,,,,,,,,,,,,,,,,,,,,,,,,,,,,,,,,
0.45,0.68810576,1.53088058,0.30929227,0.15815334,0.31255636,1.1100139,1.78918411,0.3829687,0.73622016,0.42650568,0.80714517,0.81563124,0.31923291,1.04478614,0.2200439,0.59781304,0.57079915,0.86377915,0.26360875,0.78286615,2.66799625,0.53845396,0.82503793,0.6347392,0.09081313,0.47449442,1.21169488,1.18470539,0.25634171,0.1254408,0.21575055,0.49919964,0.87800722,0.20662005,0.63175681,0.61300648,0.67747629,0.29283851,1.23800616,1.18366147,0.34033978,0.25626669,2.66122587,0.27645938,0.62768919,0.64343607,0.5619322,0.21507435,0.50954841,0.13436995,1.1553857,,,,,,,,,,,,,,,,,,,,,,,,,,,,,,,,,,,,,,,,,,,,,,,,,,,,,,,,,,,,,,,,,,,,,,,,,,,,,,,,,,,,,,,,,,,,,
0.46,0.67475547,1.52103946,0.29933145,0.14755688,0.30785099,1.06897139,1.69984841,0.36697074,0.69882387,0.40330357,0.72281264,0.81226093,0.33570844,0.97478743,0.21435999,0.5685552,0.53100215,0.82186651,0.25712115,0.86177685,2.68023648,0.50580235,0.77694666,0.57631741,0.08135732,0.46423823,1.19158767,1.25059756,0.25984463,0.11979718,0.22085656,0.49524885,0.85193807,0.2034292,0.60162357,0.60849982,0.70803133,0.30273141,1.17035555,1.15412386,0.38370755,0.26062797,2.71535341,0.28245373,0.64423378,0.65616623,0.51655336,0.21020684,0.50729408,0.13347938,1.06104536,,,,,,,,,,,,,,,,,,,,,,,,,,,,,,,,,,,,,,,,,,,,,,,,,,,,,,,,,,,,,,,,,,,,,,,,,,,,,,,,,,,,,,,,,,,,,
0.48,0.653262,1.47644074,0.28904055,0.12346169,0.27910028,0.9611615,1.502365,0.36189851,0.63569505,0.37764282,0.64845184,0.90099084,0.34510824,0.8313876,0.21842498,0.58024358,0.48903493,0.75149096,0.26510176,0.99450442,2.43938928,0.43681234,0.73009122,0.55514326,0.07533414,0.4687768,1.14001929,1.39845261,0.24926615,0.11771259,0.22961791,0.47029201,0.80063258,0.17809186,0.59686575,0.61162865,0.74423222,0.337484,1.05375653,1.08338451,0.39650668,0.29306275,2.84777322,0.26110763,0.64058863,0.68899492,0.54690606,0.20446152,0.4617508,0.12860217,0.90377398,,,,,,,,,,,,,,,,,,,,,,,,,,,,,,,,,,,,,,,,,,,,,,,,,,,,,,,,,,,,,,,,,,,,,,,,,,,,,,,,,,,,,,,,,,,,,
0.5,0.63957288,1.4395964,0.28414455,0.10369706,0.24055531,0.88063146,1.32444349,0.35576152,0.62953556,0.37516704,0.60535914,0.93463273,0.33046834,0.85167276,0.22556593,0.616902,0.47339978,0.68614913,0.2861863,1.07975306,2.03561503,0.41149825,0.73629006,0.65466457,0.07682001,0.49481875,1.14144076,1.47797122,0.23528249,0.11527333,0.23441594,0.42591268,0.75045161,0.18003187,0.60499814,0.63316476,0.7734442,0.32732531,1.02855724,1.2067786,0.37689475,0.29675272,2.96144299,0.21429815,0.55496943,0.67954187,0.5716095,0.19418931,0.42884061,0.12915386,0.74716965,,,,,,,,,,,,,,,,,,,,,,,,,,,,,,,,,,,,,,,,,,,,,,,,,,,,,,,,,,,,,,,,,,,,,,,,,,,,,,,,,,,,,,,,,,,,,
0.55,0.61621926,1.510393,0.25140886,0.08709131,0.20487702,0.74337834,0.91724073,0.38042138,0.73935697,0.27444363,0.46983572,0.89046534,0.3392841,0.86876252,0.24424515,0.57956343,0.42218731,0.64133441,0.31105934,0.8824957,2.14563664,0.3453428,0.67448758,0.66734367,0.06793052,0.43703891,0.96263814,1.15737076,0.20081462,0.09831333,0.22555306,0.41702454,0.67353107,0.20034374,0.69738883,0.66649615,0.67804758,0.39004941,1.1083085,1.46598835,0.37762431,0.26773138,3.35317191,0.1852558,0.54269911,0.49188949,0.60711306,0.22391151,0.47760532,0.09453508,0.68129687,,,,,,,,,,,,,,,,,,,,,,,,,,,,,,,,,,,,,,,,,,,,,,,,,,,,,,,,,,,,,,,,,,,,,,,,,,,,,,,,,,,,,,,,,,,,,
0.6,0.59705825,1.68707245,0.21130008,0.09455836,0.22071917,0.60454097,0.65675925,0.4038935,0.70692006,0.24319978,0.36129709,0.90305035,0.29008254,0.7718051,0.20006476,0.57249031,0.45331979,0.656728,0.3015332,0.65593077,2.00666774,0.51516512,0.58569908,0.6017687,0.08055042,0.36566317,0.92599316,0.70503999,0.16497517,0.09519174,0.21104046,0.36834298,0.61406406,0.20751467,0.75609072,0.59039465,0.83384088,0.39140376,1.16245015,2.14554832,0.28052552,0.29355294,3.82657055,0.23643046,0.50422184,0.44369225,0.42301785,0.20707037,0.4212109,0.07502549,0.52317976,,,,,,,,,,,,,,,,,,,,,,,,,,,,,,,,,,,,,,,,,,,,,,,,,,,,,,,,,,,,,,,,,,,,,,,,,,,,,,,,,,,,,,,,,,,,,
0.65,0.57182848,1.79627146,0.18203697,0.09011534,0.18167693,0.51111462,0.495936,0.3549528,0.71010465,0.23280194,0.30060426,0.88348746,0.25024025,0.64967861,0.14472583,0.4276426,0.46281885,0.88450271,0.2817784,0.52372758,1.94951671,0.56806491,0.63184619,0.60461045,0.08189241,0.31277891,0.91908456,0.5694348,0.14500605,0.08474264,0.16684486,0.29189138,0.5597007,0.2027304,0.60178949,0.56494627,0.8246264,0.4189948,0.9201431,2.64844074,0.24389474,0.33069556,3.85392976,0.16976909,0.60954414,0.43095096,0.30688064,0.21446843,0.27756956,0.0764675,0.48060184,,,,,,,,,,,,,,,,,,,,,,,,,,,,,,,,,,,,,,,,,,,,,,,,,,,,,,,,,,,,,,,,,,,,,,,,,,,,,,,,,,,,,,,,,,,,,
0.667,0.56124126,1.76173215,0.17879662,0.09236798,0.17460002,0.48010342,0.46247561,0.33499466,0.6370358,0.21014537,0.29774565,0.8713451,0.2486552,0.62642779,0.13539067,0.44396547,0.43335419,0.91703324,0.28024848,0.58342345,2.04993404,0.5590122,0.66606167,0.62562708,0.08160606,0.29756717,0.90090271,0.5354213,0.13942998,0.07962811,0.16019703,0.26031751,0.54209422,0.18718332,0.57930423,0.55754941,0.76421444,0.41649504,0.89497095,2.6456981,0.2595383,0.32806106,3.68021543,0.1651958,0.56741845,0.46352338,0.30148743,0.22237496,0.25269617,0.07484035,0.45170241,,,,,,,,,,,,,,,,,,,,,,,,,,,,,,,,,,,,,,,,,,,,,,,,,,,,,,,,,,,,,,,,,,,,,,,,,,,,,,,,,,,,,,,,,,,,,
0.7,0.52384866,1.53616579,0.1786379,0.09264772,0.20116362,0.42676405,0.42561771,0.29978541,0.53015741,0.20181477,0.26403752,0.81748461,0.27228395,0.67509829,0.1117686,0.45447952,0.32864214,0.89318092,0.31257774,0.59342988,2.15743399,0.53914945,0.64367026,0.66437481,0.07360918,0.24952362,0.92530507,0.50201361,0.12478922,0.07019351,0.16167185,0.22301719,0.52018017,0.15059718,0.52611161,0.53612625,0.5675365,0.380723,0.93705435,2.20263541,0.28046767,0.30359756,3.09201365,0.16172901,0.46267988,0.51275552,0.31193852,0.20632059,0.24863202,0.08274513,0.42520628,,,,,,,,,,,,,,,,,,,,,,,,,,,,,,,,,,,,,,,,,,,,,,,,,,,,,,,,,,,,,,,,,,,,,,,,,,,,,,,,,,,,,,,,,,,,,
0.75,0.47001685,1.33008567,0.16609144,0.0861708,0.24446065,0.36327739,0.3766926,0.2331147,0.41321338,0.17711106,0.23516955,0.68887099,0.2705074,0.72554442,0.08335739,0.3619263,0.23787061,0.78506324,0.37130021,0.73788592,2.56234822,0.49052508,0.61400426,0.66319599,0.06228858,0.20034352,0.89001585,0.46011124,0.10010672,0.06617452,0.16527786,0.17539331,0.47936869,0.10745134,0.48127419,0.46216194,0.37337182,0.31501549,0.89592219,1.55907629,0.24918742,0.27727007,2.23359703,0.15097249,0.32572492,0.43776655,0.27255509,0.20291972,0.23624727,0.08600139,0.57360327,,,,,,,,,,,,,,,,,,,,,,,,,,,,,,,,,,,,,,,,,,,,,,,,,,,,,,,,,,,,,,,,,,,,,,,,,,,,,,,,,,,,,,,,,,,,,
0.8,0.44611829,1.36069796,0.14626429,0.08013882,0.23928307,0.31395587,0.35630826,0.22168015,0.41521016,0.19920681,0.24786479,0.57216303,0.28203678,0.58906794,0.07619319,0.30900665,0.24270206,0.83802089,0.45295752,0.72198891,3.02006647,0.3968908,0.55267725,0.70816405,0.06945366,0.20927243,0.81211218,0.45610573,0.0834618,0.0723136,0.16346599,0.14408829,0.43935276,0.08348207,0.5378645,0.41223791,0.30751252,0.2568877,0.83503358,1.25010319,0.26809664,0.28214631,1.89240076,0.15330741,0.30774412,0.34841511,0.21035975,0.21900071,0.21269798,0.08074043,0.47043715,,,,,,,,,,,,,,,,,,,,,,,,,,,,,,,,,,,,,,,,,,,,,,,,,,,,,,,,,,,,,,,,,,,,,,,,,,,,,,,,,,,,,,,,,,,,,
0.85,0.43600618,1.50870174,0.12600329,0.07464663,0.21176726,0.28340767,0.36084939,0.21933491,0.49097688,0.22069329,0.284637,0.55190404,0.28288449,0.56436903,0.06316005,0.34340278,0.2508855,0.79238249,0.36283387,0.66787192,3.42305156,0.34722612,0.53517336,0.79801789,0.06477749,0.21879725,0.70416784,0.4531303,0.07305897,0.07467432,0.15753499,0.1283298,0.40772149,0.07911102,0.4811638,0.36433299,0.27507272,0.23615739,0.67922376,0.8315261,0.26069773,0.30337734,2.07819866,0.15427872,0.34510204,0.36942445,0.21591657,0.25712551,0.17689904,0.06500529,0.34401489,,,,,,,,,,,,,,,,,,,,,,,,,,,,,,,,,,,,,,,,,,,,,,,,,,,,,,,,,,,,,,,,,,,,,,,,,,,,,,,,,,,,,,,,,,,,,
0.9,0.4198777,1.61659987,0.10905437,0.06965436,0.19941269,0.27967251,0.35722304,0.22650498,0.48661107,0.21618086,0.25639012,0.49007934,0.23878059,0.50951032,0.05615586,0.31352158,0.23889824,0.79559813,0.32347629,0.57460294,3.67667441,0.29663214,0.52422577,0.80375931,0.05575673,0.18983256,0.63429647,0.45481783,0.07236783,0.08399309,0.14935116,0.11859651,0.38224456,0.07135845,0.45274514,0.33332977,0.26337667,0.21070086,0.54951987,0.60116499,0.25180559,0.33841302,2.04923028,0.15802041,0.38392042,0.35470423,0.23492598,0.28244919,0.1836058,0.05649043,0.30354702,,,,,,,,,,,,,,,,,,,,,,,,,,,,,,,,,,,,,,,,,,,,,,,,,,,,,,,,,,,,,,,,,,,,,,,,,,,,,,,,,,,,,,,,,,,,,
0.95,0.39091637,1.42688452,0.10709739,0.06420451,0.18456027,0.27837322,0.34324634,0.26231388,0.41661317,0.23097342,0.28832521,0.41521603,0.20364365,0.42427218,0.05124118,0.29618578,0.2672078,0.7430079,0.28410269,0.45135125,3.35492709,0.21213942,0.56075811,0.74257497,0.05388647,0.17713514,0.64617048,0.45131719,0.0748721,0.0788081,0.14887001,0.11823844,0.36225383,0.06715387,0.45230931,0.2885101,0.27050165,0.21913582,0.5434463,0.48404931,0.23785296,0.36797044,1.71613729,0.16521483,0.37590535,0.33886821,0.20505049,0.27703403,0.18107569,0.05933472,0.32764551,,,,,,,,,,,,,,,,,,,,,,,,,,,,,,,,,,,,,,,,,,,,,,,,,,,,,,,,,,,,,,,,,,,,,,,,,,,,,,,,,,,,,,,,,,,,,
1,0.35892541,1.11496127,0.11554433,0.05767391,0.16440732,0.26822928,0.32866893,0.28621506,0.33680175,0.26512496,0.30576018,0.37607962,0.1972747,0.39148569,0.04780159,0.30189251,0.27682877,0.7068776,0.22190381,0.33949579,2.71285255,0.16523391,0.54210174,0.64910185,0.04985642,0.1754884,0.64686746,0.50972979,0.07630683,0.0766128,0.14461779,0.11642947,0.34091428,0.05541927,0.45139304,0.24272963,0.25718142,0.28012891,0.56858175,0.43661299,0.23555242,0.36335221,1.32392064,0.17199298,0.37086959,0.36954723,0.19907459,0.24715834,0.20696681,0.0526733,0.31662981,,,,,,,,,,,,,,,,,,,,,,,,,,,,,,,,,,,,,,,,,,,,,,,,,,,,,,,,,,,,,,,,,,,,,,,,,,,,,,,,,,,,,,,,,,,,,
1.1,0.32560937,1.00009329,0.10601157,0.04996701,0.14611981,0.24272502,0.28341864,0.27360166,0.23334915,0.24900271,0.27537112,0.3818887,0.19756856,0.36999806,0.04532333,0.30343343,0.2305837,0.79297814,0.23744155,0.34022006,2.46878649,0.13921562,0.52248002,0.49277279,0.0511149,0.15024413,0.52814396,0.64324236,0.07486924,0.06845018,0.13134837,0.12563208,0.3010247,0.04229576,0.40963229,0.1690999,0.19021797,0.32966172,0.54969699,0.32230213,0.19251207,0.24342115,0.95271417,0.13752055,0.36143033,0.4605565,0.19044263,0.18866945,0.24714783,0.03424204,0.25737093,,,,,,,,,,,,,,,,,,,,,,,,,,,,,,,,,,,,,,,,,,,,,,,,,,,,,,,,,,,,,,,,,,,,,,,,,,,,,,,,,,,,,,,,,,,,,
1.2,0.29646963,0.94506672,0.09300322,0.05073221,0.11593473,0.25427548,0.27818114,0.23524447,0.24383357,0.23522678,0.26539421,0.28410191,0.16427682,0.28713668,0.05009666,0.2392583,0.1745253,1.00396164,0.24556423,0.29076626,2.28805435,0.13504979,0.41727284,0.52534493,0.05123741,0.11065355,0.38562048,0.66918672,0.07572899,0.06060662,0.12087486,0.13927607,0.30619592,0.04473532,0.27851682,0.14449539,0.2021305,0.28722616,0.48792384,0.28060083,0.18933706,0.19339953,0.71350316,0.10381209,0.30229186,0.45730604,0.13878762,0.17627192,0.24338455,0.03816967,0.24503713,,,,,,,,,,,,,,,,,,,,,,,,,,,,,,,,,,,,,,,,,,,,,,,,,,,,,,,,,,,,,,,,,,,,,,,,,,,,,,,,,,,,,,,,,,,,,
1.3,0.26976533,0.79250628,0.09182682,0.04556014,0.08496038,0.2547312,0.28436855,0.20472533,0.25872367,0.19485554,0.20645209,0.22455398,0.11181277,0.2074535,0.04737554,0.19199831,0.15215987,0.94275391,0.21469341,0.26724608,1.8228344,0.13427719,0.40518486,0.61465511,0.05680201,0.10718891,0.37947957,0.63093674,0.0743023,0.06064027,0.10780358,0.14805975,0.22562481,0.03609462,0.16837249,0.11340264,0.18866361,0.36169521,0.42493614,0.27432999,0.20986034,0.17846127,0.70700294,0.09297156,0.29760726,0.46285937,0.10621933,0.17678162,0.21899421,0.03629382,0.23197541,,,,,,,,,,,,,,,,,,,,,,,,,,,,,,,,,,,,,,,,,,,,,,,,,,,,,,,,,,,,,,,,,,,,,,,,,,,,,,,,,,,,,,,,,,,,,
1.4,0.24651384,0.66937968,0.09078416,0.04701916,0.06548138,0.24021628,0.26137635,0.18648188,0.23851969,0.14084245,0.15723192,0.23849654,0.08589655,0.19600629,0.04798479,0.18780689,0.14187034,0.82360202,0.19760586,0.21785218,1.48769791,0.12040163,0.35686895,0.57310341,0.05559253,0.12701315,0.46675723,0.58036038,0.07033397,0.0591111,0.09643113,0.1592401,0.2150473,0.03251591,0.15097431,0.10349365,0.18167311,0.33751291,0.31493374,0.24757098,0.22039295,0.17320537,0.66952035,0.07967785,0.29885361,0.40410412,0.09980954,0.18581771,0.1676105,0.03012448,0.29262384,,,,,,,,,,,,,,,,,,,,,,,,,,,,,,,,,,,,,,,,,,,,,,,,,,,,,,,,,,,,,,,,,,,,,,,,,,,,,,,,,,,,,,,,,,,,,
1.5,0.22814879,0.63202001,0.08235795,0.04402987,0.05310467,0.21652157,0.23976839,0.17756199,0.22643464,0.11186169,0.12689767,0.27038104,0.08518036,0.20794064,0.04311774,0.17911181,0.13165045,0.63834213,0.15433552,0.17772401,1.46835425,0.09928262,0.3314381,0.43715733,0.04848124,0.12691328,0.49155336,0.50744829,0.06606795,0.05780495,0.08795536,0.16302986,0.20178829,0.0284822,0.14488565,0.10475408,0.15191754,0.34681143,0.24425418,0.20326549,0.17087184,0.18974651,0.64112702,0.08338778,0.31137061,0.36673783,0.10819005,0.19431039,0.13405385,0.0287723,0.32696425,,,,,,,,,,,,,,,,,,,,,,,,,,,,,,,,,,,,,,,,,,,,,,,,,,,,,,,,,,,,,,,,,,,,,,,,,,,,,,,,,,,,,,,,,,,,,
1.6,0.20870236,0.64882192,0.06713194,0.04294526,0.04609671,0.19614561,0.21801564,0.16627103,0.17362697,0.09252632,0.11130579,0.2520067,0.0819015,0.19158592,0.04310715,0.17725442,0.10636052,0.45401667,0.12463142,0.15505869,1.59003869,0.09626893,0.30117191,0.39850452,0.05010088,0.09775272,0.50853587,0.4325822,0.06456277,0.05578427,0.08311243,0.15893742,0.16001492,0.02064876,0.14247729,0.10309662,0.13565308,0.2951205,0.19592327,0.18662051,0.12864773,0.1964066,0.5584416,0.09008447,0.26484451,0.3076216,0.10847602,0.18315423,0.14504053,0.02936521,0.29586669,,,,,,,,,,,,,,,,,,,,,,,,,,,,,,,,,,,,,,,,,,,,,,,,,,,,,,,,,,,,,,,,,,,,,,,,,,,,,,,,,,,,,,,,,,,,,
1.7,0.19015707,0.62925972,0.05746389,0.03989216,0.04001159,0.17391417,0.1941371,0.14672098,0.14145953,0.07912613,0.10071623,0.19647985,0.07040116,0.15247276,0.04017324,0.16955503,0.08567057,0.35123355,0.12784471,0.14011103,1.55527639,0.0979022,0.2724825,0.42116352,0.05427198,0.07194393,0.49117177,0.37559588,0.06422257,0.05324136,0.07714779,0.16725035,0.1377669,0.01744644,0.13931664,0.099058,0.12364111,0.22756641,0.19076351,0.17543916,0.11161412,0.18147978,0.47774799,0.08879995,0.23618985,0.27672669,0.1052351,0.17962895,0.14913331,0.02592882,0.2324665,,,,,,,,,,,,,,,,,,,,,,,,,,,,,,,,,,,,,,,,,,,,,,,,,,,,,,,,,,,,,,,,,,,,,,,,,,,,,,,,,,,,,,,,,,,,,
1.8,0.17352158,0.59375012,0.05071113,0.03805808,0.03714572,0.15234525,0.1713819,0.12275042,0.12640857,0.06259078,0.07830175,0.15116695,0.05695061,0.11589307,0.03561468,0.16755275,0.0829597,0.30976319,0.11652198,0.11989458,1.4550382,0.10609844,0.24103734,0.4303552,0.05468747,0.05397261,0.45442188,0.33239596,0.06741959,0.0511593,0.07138877,0.14703673,0.14611985,0.01538523,0.122225,0.09300026,0.10793581,0.14333911,0.19238547,0.14382022,0.1104959,0.17586027,0.43802581,0.08339695,0.24071194,0.27956341,0.10869453,0.17654647,0.14700729,0.0223899,0.17182113,,,,,,,,,,,,,,,,,,,,,,,,,,,,,,,,,,,,,,,,,,,,,,,,,,,,,,,,,,,,,,,,,,,,,,,,,,,,,,,,,,,,,,,,,,,,,
1.9,0.16205075,0.55973246,0.04691607,0.03407607,0.03426998,0.13265477,0.15146274,0.1137147,0.11133187,0.05304432,0.06706264,0.12280156,0.04801839,0.09650842,0.03318423,0.17267324,0.08579764,0.32105188,0.09971155,0.10308568,1.37135301,0.11673058,0.19579338,0.38141845,0.04409577,0.0438645,0.44122165,0.27676358,0.07180294,0.04776958,0.06725685,0.13564675,0.16015834,0.01357949,0.10770278,0.09269652,0.10248097,0.11699279,0.20847126,0.12623946,0.09218216,0.17244998,0.36760307,0.08213081,0.23235345,0.29991981,0.11485261,0.18703648,0.16855986,0.02163442,0.13722522,,,,,,,,,,,,,,,,,,,,,,,,,,,,,,,,,,,,,,,,,,,,,,,,,,,,,,,,,,,,,,,,,,,,,,,,,,,,,,,,,,,,,,,,,,,,,
2,0.15306667,0.49780751,0.04706519,0.03082832,0.03115549,0.12127443,0.13347248,0.10063824,0.0997971,0.04887731,0.06077758,0.12343166,0.04416084,0.09382396,0.033704,0.15785628,0.08742481,0.33894513,0.09136023,0.09586764,1.21344742,0.12339951,0.18444164,0.32569346,0.03828017,0.0390564,0.47383847,0.23907679,0.07391174,0.04587697,0.06234505,0.12061106,0.16449587,0.01129762,0.09288606,0.10075064,0.09742186,0.11957871,0.21519584,0.11678483,0.08014472,0.16345326,0.29492783,0.08483246,0.22798115,0.28772302,0.13673553,0.20313815,0.17964617,0.02248254,0.11434986,,,,,,,,,,,,,,,,,,,,,,,,,,,,,,,,,,,,,,,,,,,,,,,,,,,,,,,,,,,,,,,,,,,,,,,,,,,,,,,,,,,,,,,,,,,,,
2.2,0.1353165,0.3650426,0.05016005,0.02593226,0.02409365,0.10502526,0.11507274,0.0752993,0.08444787,0.04521947,0.05370691,0.12693919,0.04103778,0.0955254,0.03545662,0.11357602,0.08173392,0.33748412,0.08679913,0.0882055,0.82529387,0.12375168,0.19651585,0.21636429,0.03585944,0.0337668,0.43834886,0.20324606,0.0689116,0.04722999,0.05144392,0.09704017,0.11804512,0.01099229,0.08487421,0.10157544,0.09113879,0.11138092,0.16996986,0.11922767,0.07795131,0.12484166,0.27094801,0.0845224,0.31137419,0.25213399,0.14828087,0.2627799,0.17647777,0.02422204,0.08112808,,,,,,,,,,,,,,,,,,,,,,,,,,,,,,,,,,,,,,,,,,,,,,,,,,,,,,,,,,,,,,,,,,,,,,,,,,,,,,,,,,,,,,,,,,,,,
2.4,0.11530467,0.2808844,0.04733323,0.02075273,0.01798922,0.08846638,0.10012855,0.06472396,0.07024935,0.03552403,0.0419694,0.1208909,0.0406317,0.07626688,0.03466309,0.09326158,0.06984115,0.30661894,0.0588259,0.06840448,0.52522027,0.110935,0.17402003,0.18846617,0.02879934,0.03035447,0.40327514,0.15757565,0.05978635,0.04779719,0.04901433,0.08653403,0.07571815,0.010372,0.08082851,0.08196906,0.08021461,0.09501287,0.10506454,0.09463777,0.06946886,0.11443447,0.28391368,0.0897723,0.25638444,0.22945842,0.1569244,0.27737569,0.17072721,0.0235831,0.06777764,,,,,,,,,,,,,,,,,,,,,,,,,,,,,,,,,,,,,,,,,,,,,,,,,,,,,,,,,,,,,,,,,,,,,,,,,,,,,,,,,,,,,,,,,,,,,
2.5,0.10801688,0.26046576,0.04479531,0.01816778,0.01563097,0.08240218,0.09384206,0.06128044,0.06472336,0.03080723,0.03698095,0.11014664,0.0393836,0.06896074,0.03336358,0.0819983,0.06345392,0.30557825,0.05469682,0.06931362,0.44752137,0.10298446,0.16203571,0.18011693,0.02726315,0.02854347,0.3847836,0.13804183,0.05487814,0.04613691,0.04598271,0.08415358,0.06742097,0.01086865,0.07568505,0.08168799,0.07522435,0.08337091,0.10085433,0.08643221,0.07007307,0.10083568,0.29485719,0.09505495,0.21944084,0.21953592,0.15185701,0.27576783,0.15900321,0.02156639,0.06210121,,,,,,,,,,,,,,,,,,,,,,,,,,,,,,,,,,,,,,,,,,,,,,,,,,,,,,,,,,,,,,,,,,,,,,,,,,,,,,,,,,,,,,,,,,,,,
2.6,0.10206912,0.24894813,0.04184849,0.0171947,0.01366537,0.07655687,0.08862183,0.0618726,0.05915828,0.02944411,0.03381228,0.09653283,0.0363929,0.06439403,0.03093289,0.07107401,0.0572051,0.29173667,0.05371274,0.06833141,0.42259847,0.09323911,0.15003258,0.18641363,0.02849623,0.02671697,0.36405378,0.12833598,0.05151886,0.04262255,0.04129537,0.07654153,0.06526805,0.01136122,0.07084983,0.07723329,0.06986178,0.07397598,0.09792588,0.07975265,0.066082,0.09085363,0.28946993,0.09617059,0.19953072,0.20409207,0.14425601,0.27422641,0.14658364,0.02007728,0.05924294,,,,,,,,,,,,,,,,,,,,,,,,,,,,,,,,,,,,,,,,,,,,,,,,,,,,,,,,,,,,,,,,,,,,,,,,,,,,,,,,,,,,,,,,,,,,,
2.8,0.09016016,0.22031111,0.03689716,0.01485331,0.01048995,0.06554221,0.07972595,0.05426297,0.04931727,0.02602473,0.03168229,0.0725833,0.02912066,0.0523418,0.02422843,0.05686604,0.04909263,0.24418282,0.05615749,0.05887002,0.3696998,0.07553236,0.13401259,0.20975148,0.02921961,0.02671409,0.3219201,0.12111509,0.04527539,0.03771227,0.0309065,0.06101719,0.06678937,0.01165247,0.05846206,0.06757409,0.06119419,0.06501692,0.08882685,0.07363493,0.04775559,0.07891873,0.23277046,0.09612318,0.15854068,0.17471549,0.13142461,0.26578262,0.12768017,0.02079521,0.06181179,,,,,,,,,,,,,,,,,,,,,,,,,,,,,,,,,,,,,,,,,,,,,,,,,,,,,,,,,,,,,,,,,,,,,,,,,,,,,,,,,,,,,,,,,,,,,
3,0.08182354,0.20716019,0.03231843,0.01154145,0.00832737,0.06225509,0.07182854,0.04448606,0.04177045,0.02251996,0.03065021,0.05661261,0.02156312,0.03812661,0.02419556,0.04717136,0.03963629,0.19561887,0.04626427,0.04857788,0.37956297,0.06200056,0.15068593,0.23645873,0.02622036,0.02983934,0.25832001,0.10702726,0.03975562,0.03040457,0.02779983,0.05428436,0.06457724,0.01228469,0.05388025,0.05371517,0.05313751,0.0614043,0.08203494,0.07010824,0.04682978,0.07321928,0.21044181,0.09479586,0.1330696,0.1488842,0.11422796,0.24446523,0.11462009,0.01784759,0.06448107,,,,,,,,,,,,,,,,,,,,,,,,,,,,,,,,,,,,,,,,,,,,,,,,,,,,,,,,,,,,,,,,,,,,,,,,,,,,,,,,,,,,,,,,,,,,,
3.2,0.07495436,0.19481291,0.02883872,0.00979067,0.00689406,0.05780493,0.06750357,0.0420237,0.0369747,0.02436837,0.03112392,0.04539735,0.0197765,0.0289498,0.02357719,0.04136911,0.03375616,0.15103711,0.04395135,0.05105569,0.37429586,0.04967617,0.12796037,0.24452518,0.02682392,0.02857606,0.20088946,0.09461658,0.03859042,0.02710574,0.02495074,0.04914302,0.059244,0.0126066,0.04763039,0.04447204,0.05285026,0.05342324,0.07665219,0.06740505,0.04109932,0.07314546,0.1872731,0.09230219,0.12030193,0.14299043,0.08860886,0.2471871,0.10216577,0.01591652,0.07002708,,,,,,,,,,,,,,,,,,,,,,,,,,,,,,,,,,,,,,,,,,,,,,,,,,,,,,,,,,,,,,,,,,,,,,,,,,,,,,,,,,,,,,,,,,,,,
3.4,0.06898654,0.17533705,0.02714283,0.00940951,0.00588314,0.05048786,0.06173927,0.04082634,0.03561095,0.02686797,0.03240851,0.03855962,0.02175187,0.02435134,0.02409066,0.03734905,0.03016182,0.12919308,0.04087403,0.04720976,0.30411518,0.04151179,0.11778339,0.24247034,0.02959066,0.03025527,0.16503984,0.08425837,0.03765619,0.0234135,0.02229085,0.06362802,0.05215978,0.01257913,0.04284901,0.0380847,0.0626664,0.04578175,0.07369752,0.05752186,0.03643641,0.06875386,0.15913696,0.07940216,0.10577016,0.13531174,0.06923747,0.27069262,0.09076088,0.01543625,0.07628728,,,,,,,,,,,,,,,,,,,,,,,,,,,,,,,,,,,,,,,,,,,,,,,,,,,,,,,,,,,,,,,,,,,,,,,,,,,,,,,,,,,,,,,,,,,,,
3.5,0.06640374,0.16991451,0.02595103,0.01035643,0.00546105,0.04813085,0.05902029,0.04019431,0.03503876,0.02763207,0.03360287,0.03591664,0.02213996,0.02322466,0.02426194,0.0357379,0.0282452,0.12118464,0.03984478,0.04606187,0.28068622,0.04011926,0.10971297,0.2462055,0.03111739,0.03089447,0.15450231,0.07943652,0.03731918,0.02195439,0.02118695,0.06837604,0.04845155,0.01189669,0.03902573,0.03526259,0.06318016,0.04384166,0.07154615,0.05377036,0.03544557,0.06567202,0.14477353,0.07274017,0.09956379,0.12825772,0.06160811,0.27937495,0.08319599,0.01523322,0.07697398,,,,,,,,,,,,,,,,,,,,,,,,,,,,,,,,,,,,,,,,,,,,,,,,,,,,,,,,,,,,,,,,,,,,,,,,,,,,,,,,,,,,,,,,,,,,,
3.6,0.06380046,0.16200465,0.02512581,0.01085843,0.00508276,0.04678521,0.05642806,0.0396375,0.03438181,0.02796469,0.03472454,0.03342946,0.0225696,0.02245456,0.02405036,0.03463082,0.02635697,0.11271801,0.04036544,0.04529299,0.24806403,0.03971333,0.10289446,0.24226951,0.03202878,0.02992128,0.14707624,0.0773317,0.03692962,0.02043639,0.02013789,0.07069493,0.04649186,0.01137008,0.03411021,0.03307955,0.0621281,0.04370534,0.07020696,0.0492394,0.03649931,0.0636369,0.13595805,0.06517034,0.09821496,0.1215068,0.05669127,0.28182178,0.0749224,0.01482689,0.0776124,,,,,,,,,,,,,,,,,,,,,,,,,,,,,,,,,,,,,,,,,,,,,,,,,,,,,,,,,,,,,,,,,,,,,,,,,,,,,,,,,,,,,,,,,,,,,
3.8,0.0574753,0.1452578,0.02274171,0.0111017,0.00443742,0.04379361,0.05042912,0.03840539,0.03493482,0.02644911,0.0357442,0.03167365,0.02194827,0.02077863,0.02310081,0.03162485,0.02274973,0.09527221,0.04017906,0.04456848,0.18000152,0.03592727,0.10297309,0.22768393,0.03306716,0.02602309,0.1362906,0.07155045,0.03660219,0.01821738,0.01864503,0.07076364,0.03725646,0.01004458,0.02624628,0.02972663,0.05452471,0.04160879,0.06996517,0.04060679,0.03223625,0.05624917,0.11296186,0.0531274,0.08446317,0.10043863,0.04579804,0.27776035,0.0598634,0.01365192,0.07734862,,,,,,,,,,,,,,,,,,,,,,,,,,,,,,,,,,,,,,,,,,,,,,,,,,,,,,,,,,,,,,,,,,,,,,,,,,,,,,,,,,,,,,,,,,,,,
4,0.05202442,0.13025603,0.02077862,0.00995182,0.00391937,0.04016381,0.04704676,0.03651291,0.03405054,0.02473602,0.03657694,0.03104014,0.01986503,0.01900374,0.02257324,0.02952833,0.01953604,0.07871018,0.04227076,0.0484804,0.14723915,0.03426528,0.10038695,0.21260688,0.03192319,0.02513481,0.12531783,0.06408461,0.03581052,0.01585493,0.01806009,0.06614109,0.03192388,0.00888975,0.02400022,0.02818062,0.05034822,0.04157648,0.06145934,0.03589509,0.0269073,0.04921665,0.08867696,0.04407469,0.07241848,0.08363473,0.03804661,0.25467417,0.05136001,0.01285801,0.07223969,,,,,,,,,,,,,,,,,,,,,,,,,,,,,,,,,,,,,,,,,,,,,,,,,,,,,,,,,,,,,,,,,,,,,,,,,,,,,,,,,,,,,,,,,,,,,
4.2,0.04769845,0.11884053,0.01914449,0.00950523,0.00352622,0.03788389,0.04485782,0.03466049,0.03544039,0.02295417,0.03608528,0.02938674,0.01731816,0.01737059,0.02253274,0.0272927,0.01682183,0.06395996,0.04054903,0.04466874,0.14069438,0.03161495,0.09684554,0.19219432,0.02930285,0.02427644,0.11497756,0.06232831,0.03435775,0.01376971,0.01810044,0.06083986,0.02955685,0.00839149,0.02199148,0.02667138,0.04694846,0.04285508,0.0524797,0.02889314,0.02170653,0.04482447,0.07789154,0.03682094,0.06454387,0.07582721,0.0325741,0.23144594,0.04402299,0.01261848,0.06534562,,,,,,,,,,,,,,,,,,,,,,,,,,,,,,,,,,,,,,,,,,,,,,,,,,,,,,,,,,,,,,,,,,,,,,,,,,,,,,,,,,,,,,,,,,,,,
4.4,0.04349482,0.10747857,0.01760164,0.00870651,0.00319075,0.03582852,0.04241914,0.03285199,0.035338,0.02193419,0.03573479,0.02676026,0.01489238,0.01661628,0.02190875,0.02553148,0.01457196,0.05107789,0.03521907,0.04221815,0.13288804,0.02919265,0.09496487,0.16588095,0.02590884,0.02614504,0.11109672,0.06080222,0.03270327,0.01201774,0.01864653,0.05508447,0.02526483,0.00783167,0.02051358,0.0261475,0.04139887,0.04040334,0.04811047,0.02582934,0.01779443,0.03726731,0.0714609,0.03158952,0.05099229,0.06845011,0.02840939,0.20903462,0.03886339,0.01100354,0.05725494,,,,,,,,,,,,,,,,,,,,,,,,,,,,,,,,,,,,,,,,,,,,,,,,,,,,,,,,,,,,,,,,,,,,,,,,,,,,,,,,,,,,,,,,,,,,,
4.6,0.03983091,0.09730205,0.01630491,0.00749713,0.00289844,0.03442267,0.03949547,0.03057555,0.03473628,0.01969959,0.0338502,0.02352412,0.01280479,0.01655336,0.0205463,0.02370083,0.01273739,0.04468673,0.0351881,0.03939569,0.13122071,0.02691994,0.09338616,0.13852935,0.02445584,0.02622607,0.10480138,0.05849239,0.03059228,0.01113559,0.01904751,0.05335034,0.02287964,0.00757959,0.01899091,0.02551745,0.03422242,0.03516418,0.04303634,0.0222155,0.01623411,0.03190606,0.0643594,0.02718161,0.04016891,0.06094308,0.02603404,0.18681641,0.0335383,0.00937511,0.05525019,,,,,,,,,,,,,,,,,,,,,,,,,,,,,,,,,,,,,,,,,,,,,,,,,,,,,,,,,,,,,,,,,,,,,,,,,,,,,,,,,,,,,,,,,,,,,
4.8,0.03677905,0.08758971,0.01544358,0.00629761,0.00264072,0.03292581,0.03721037,0.02767178,0.03466757,0.01684895,0.03140963,0.02007646,0.01105446,0.01606023,0.02016405,0.02204573,0.01124497,0.03951356,0.03666093,0.04007955,0.1241151,0.02501253,0.09202735,0.12134648,0.02347229,0.02593932,0.09569532,0.0555067,0.02830702,0.01131508,0.01893696,0.05174411,0.02209906,0.0073633,0.01780304,0.02533106,0.02794808,0.02927653,0.04452289,0.01903192,0.01685787,0.02884727,0.05712665,0.02424157,0.03421726,0.0533177,0.02434284,0.1620103,0.02926844,0.00821823,0.0535798,,,,,,,,,,,,,,,,,,,,,,,,,,,,,,,,,,,,,,,,,,,,,,,,,,,,,,,,,,,,,,,,,,,,,,,,,,,,,,,,,,,,,,,,,,,,,
5,0.03454066,0.08053205,0.01481469,0.00502548,0.00241203,0.03097414,0.03484846,0.02516145,0.03424215,0.01418498,0.02853062,0.01761009,0.00992685,0.01520189,0.01934933,0.02106618,0.0100211,0.03528758,0.03799923,0.03979987,0.11462524,0.02433075,0.09400804,0.1096716,0.02300445,0.02521055,0.09793872,0.05308734,0.0273057,0.01116096,0.01839514,0.05205859,0.02074433,0.00739328,0.01792889,0.0267401,0.02319316,0.02381793,0.04987023,0.01692808,0.01770802,0.02606749,0.05090589,0.02220588,0.02910011,0.04571964,0.021759,0.13727012,0.02770107,0.00753799,0.05292218,,,,,,,,,,,,,,,,,,,,,,,,,,,,,,,,,,,,,,,,,,,,,,,,,,,,,,,,,,,,,,,,,,,,,,,,,,,,,,,,,,,,,,,,,,,,,
5.5,0.02990912,0.06686424,0.01337868,0.00293911,0.00198426,0.02563903,0.02934037,0.02165238,0.0360852,0.00986114,0.02233884,0.01345247,0.00766412,0.01218855,0.01751013,0.01801695,0.00777016,0.03042236,0.03721762,0.0378425,0.08779916,0.02460867,0.09101484,0.09651036,0.02324028,0.02367847,0.08715693,0.04682651,0.02447627,0.00986915,0.01621585,0.04934007,0.01750825,0.00710953,0.02085025,0.03278891,0.01985213,0.01562506,0.04809877,0.01371217,0.02064205,0.02519961,0.03701338,0.01752546,0.02425338,0.03130437,0.01563111,0.09532054,0.02219115,0.00709929,0.05125059,,,,,,,,,,,,,,,,,,,,,,,,,,,,,,,,,,,,,,,,,,,,,,,,,,,,,,,,,,,,,,,,,,,,,,,,,,,,,,,,,,,,,,,,,,,,,
6,0.02672804,0.05931218,0.01204454,0.00222821,0.00167306,0.02117833,0.02574943,0.01587663,0.0354177,0.00728102,0.01755396,0.01142857,0.00553746,0.00904111,0.01599501,0.01541834,0.00621626,0.02606738,0.03512298,0.03514899,0.07122541,0.02889249,0.07769112,0.09334872,0.02452519,0.02337852,0.08320547,0.04325839,0.02097561,0.00841564,0.01319602,0.04216811,0.01572573,0.00685977,0.02143611,0.03367804,0.02197236,0.01388405,0.04546168,0.0125613,0.02164566,0.0261478,0.02839312,0.01561201,0.02223809,0.02380719,0.01268033,0.07181478,0.01597988,0.00646829,0.0493645,,,,,,,,,,,,,,,,,,,,,,,,,,,,,,,,,,,,,,,,,,,,,,,,,,,,,,,,,,,,,,,,,,,,,,,,,,,,,,,,,,,,,,,,,,,,,
6.5,0.02336621,0.04949189,0.0110317,0.00205246,0.00142948,0.01839879,0.0216957,0.01335582,0.03343161,0.00551475,0.01694383,0.00943834,0.00444488,0.00645105,0.01449568,0.0134107,0.00507598,0.02233061,0.02952288,0.02884947,0.06487117,0.02970699,0.05928518,0.0673171,0.02856434,0.02422978,0.07290067,0.03842549,0.01707198,0.00780263,0.01243639,0.03532141,0.01495696,0.00669947,0.0196576,0.03151727,0.02437206,0.01362444,0.0359581,0.01209405,0.02121398,0.02529393,0.02243867,0.01289787,0.01844543,0.01853246,0.00980911,0.05619343,0.01282696,0.00626084,0.05401047,,,,,,,,,,,,,,,,,,,,,,,,,,,,,,,,,,,,,,,,,,,,,,,,,,,,,,,,,,,,,,,,,,,,,,,,,,,,,,,,,,,,,,,,,,,,,
7,0.02057694,0.04333501,0.00977063,0.00192606,0.00123358,0.01578318,0.01768716,0.01049738,0.03024102,0.00429254,0.01589475,0.00761627,0.00396809,0.00492253,0.01235972,0.01198504,0.00421832,0.01918529,0.02374033,0.02300158,0.05504873,0.03078758,0.04817869,0.06455606,0.03027266,0.02352922,0.05893455,0.03406004,0.01438308,0.00743889,0.01131803,0.03025956,0.01471541,0.00657423,0.01833648,0.02839488,0.0240636,0.01482969,0.0303869,0.01093752,0.01966056,0.02297009,0.01754868,0.00982987,0.01507519,0.01472669,0.00845416,0.04364685,0.01099702,0.00587519,0.0533502,,,,,,,,,,,,,,,,,,,,,,,,,,,,,,,,,,,,,,,,,,,,,,,,,,,,,,,,,,,,,,,,,,,,,,,,,,,,,,,,,,,,,,,,,,,,,
7.5,0.01809722,0.03959497,0.00827149,0.0016852,0.00107328,0.01384216,0.01500138,0.00819172,0.02709839,0.00346438,0.01499733,0.00608725,0.00346039,0.00455777,0.01044569,0.0107022,0.00355947,0.01655855,0.01858777,0.018462,0.04677819,0.03130851,0.04297789,0.06377805,0.0289845,0.02105838,0.05490652,0.03016522,0.0129087,0.00689232,0.01006605,0.02443452,0.01345864,0.00588238,0.01661881,0.02390789,0.02135741,0.01375362,0.0210733,0.01045369,0.01559701,0.01866784,0.01455042,0.00834794,0.01286659,0.01193626,0.00708047,0.0360595,0.00955826,0.00532201,0.05014083,,,,,,,,,,,,,,,,,,,,,,,,,,,,,,,,,,,,,,,,,,,,,,,,,,,,,,,,,,,,,,,,,,,,,,,,,,,,,,,,,,,,,,,,,,,,,
8,0.0158472,0.03585006,0.00700511,0.00143677,0.00094052,0.01222537,0.01329469,0.0066337,0.02475422,0.00293024,0.01371022,0.00486031,0.00296529,0.00415212,0.00869226,0.00930952,0.00304614,0.01437481,0.01524616,0.01500947,0.03801021,0.0316368,0.03836578,0.06073551,0.02694261,0.0196282,0.04795004,0.02902255,0.01172452,0.00623149,0.00881104,0.01965887,0.01042377,0.00500865,0.01465973,0.0204381,0.01818595,0.01381665,0.01614827,0.00875627,0.01175713,0.01485714,0.01244446,0.00666339,0.01116022,0.00985437,0.00565961,0.02908005,0.00838252,0.00476194,0.04630783,,,,,,,,,,,,,,,,,,,,,,,,,,,,,,,,,,,,,,,,,,,,,,,,,,,,,,,,,,,,,,,,,,,,,,,,,,,,,,,,,,,,,,,,,,,,,
8.5,0.01375678,0.03107742,0.0060896,0.0012967,0.00082955,0.01117918,0.01191227,0.00561243,0.02259445,0.00251189,0.01207351,0.00390178,0.00240567,0.00373826,0.00704397,0.00783498,0.00264006,0.01255177,0.0130713,0.01268925,0.03411516,0.03104901,0.03339778,0.05262751,0.02466237,0.01833733,0.03587491,0.02674666,0.01060142,0.00553417,0.00757362,0.01658824,0.00872351,0.00474119,0.01257573,0.0173324,0.01468325,0.01269415,0.01459165,0.00750385,0.00936779,0.01244347,0.01083889,0.00536321,0.00939415,0.00826481,0.00442615,0.02407722,0.00735997,0.00425731,0.04069147,,,,,,,,,,,,,,,,,,,,,,,,,,,,,,,,,,,,,,,,,,,,,,,,,,,,,,,,,,,,,,,,,,,,,,,,,,,,,,,,,,,,,,,,,,,,,
9,0.01200185,0.02712518,0.00531036,0.00108218,0.00073606,0.0098566,0.01053388,0.00487672,0.02055594,0.00215904,0.01086861,0.00324467,0.00190504,0.00334088,0.00569727,0.00681179,0.00231369,0.01102817,0.01128596,0.010736,0.03134454,0.0291,0.02984408,0.04542605,0.02165763,0.0164664,0.02664435,0.02415052,0.00962143,0.00480773,0.00645069,0.0138551,0.00734526,0.00436535,0.01065947,0.01472001,0.01321729,0.01083004,0.01389344,0.00621455,0.00770023,0.01107907,0.00958512,0.00460156,0.0076301,0.00703491,0.00354932,0.02180002,0.0066977,0.00391332,0.03485112,,,,,,,,,,,,,,,,,,,,,,,,,,,,,,,,,,,,,,,,,,,,,,,,,,,,,,,,,,,,,,,,,,,,,,,,,,,,,,,,,,,,,,,,,,,,,
9.5,0.01057191,0.02403229,0.00465063,0.00097836,0.00065675,0.00863528,0.00976922,0.00426226,0.01873683,0.00187379,0.00982187,0.00275297,0.00160043,0.00315703,0.00474676,0.00597172,0.0020472,0.00974654,0.00989931,0.00920774,0.02834498,0.02654358,0.02718108,0.03959731,0.01799486,0.0138926,0.02256141,0.02187663,0.00865878,0.00408268,0.00545788,0.01182065,0.00632485,0.00395259,0.00890159,0.01260398,0.01164885,0.00879731,0.01249624,0.00510914,0.00680118,0.01005267,0.00857292,0.0042027,0.00669015,0.00607617,0.00315147,0.01944636,0.00626645,0.00363387,0.03084684,,,,,,,,,,,,,,,,,,,,,,,,,,,,,,,,,,,,,,,,,,,,,,,,,,,,,,,,,,,,,,,,,,,,,,,,,,,,,,,,,,,,,,,,,,,,,
10,0.00938651,0.02151817,0.00409452,0.00093749,0.00058903,0.00760976,0.00910125,0.00369747,0.01686725,0.00164936,0.00876549,0.00236265,0.0013895,0.00291864,0.00392817,0.00523171,0.0018264,0.00867197,0.00880098,0.008098,0.02512347,0.02449144,0.02537262,0.03560462,0.01544497,0.01162991,0.01977206,0.01992574,0.00775223,0.00342859,0.00463467,0.01041924,0.00531219,0.00349939,0.00763548,0.01056485,0.01029946,0.00747604,0.01116015,0.00449598,0.00617096,0.00900324,0.00771674,0.00391967,0.00623097,0.00532104,0.00283968,0.01711985,0.00571037,0.00338274,0.02664882,,,,,,,,,,,,,,,,,,,,,,,,,,,,,,,,,,,,,,,,,,,,,,,,,,,,,,,,,,,,,,,,,,,,,,,,,,,,,,,,,,,,,,,,,,,,,
11,0.00745455,0.01703311,0.00326249,0.00084376,0.0004806,0.00630098,0.00782034,0.00268867,0.0137991,0.00134037,0.00668611,0.00205762,0.00119785,0.00236058,0.00277807,0.00416929,0.00148346,0.00713757,0.00715348,0.00666383,0.01844718,0.02166643,0.02187199,0.02781713,0.01139571,0.00851536,0.01538758,0.01616027,0.0062425,0.00269664,0.00340462,0.00811389,0.00424138,0.00261172,0.00621967,0.00758393,0.00786868,0.00656071,0.00752055,0.00359623,0.00504607,0.00735705,0.00629337,0.00328717,0.00632352,0.00422249,0.00224839,0.01289728,0.00467786,0.00291429,0.01966696,,,,,,,,,,,,,,,,,,,,,,,,,,,,,,,,,,,,,,,,,,,,,,,,,,,,,,,,,,,,,,,,,,,,,,,,,,,,,,,,,,,,,,,,,,,,,
12,0.00608232,0.01410845,0.00262216,0.00069849,0.00039882,0.00506085,0.00644851,0.00240406,0.01116553,0.00110618,0.00500444,0.00186613,0.00103224,0.00196632,0.00213396,0.0034225,0.00123117,0.00593851,0.00577438,0.00565561,0.01414171,0.01959317,0.01980148,0.02317622,0.00878985,0.00701849,0.0125754,0.01282833,0.00501367,0.00228933,0.00263297,0.0063292,0.00353372,0.00205836,0.00495633,0.00585814,0.00600776,0.00525638,0.0057136,0.00287578,0.00397768,0.00591344,0.00522843,0.00354684,0.00587423,0.00346288,0.00177556,0.00959989,0.00376499,0.00262999,0.01441982,,,,,,,,,,,,,,,,,,,,,,,,,,,,,,,,,,,,,,,,,,,,,,,,,,,,,,,,,,,,,,,,,,,,,,,,,,,,,,,,,,,,,,,,,,,,,
13,0.00505487,0.01184162,0.00215779,0.00055382,0.00033586,0.00394965,0.00517159,0.00210492,0.0091954,0.00092583,0.00380234,0.00168842,0.00083358,0.00173882,0.00169185,0.00286157,0.00103919,0.00499423,0.00546244,0.00538793,0.01134732,0.01674127,0.01665808,0.02022973,0.00685632,0.0058278,0.01048557,0.01001963,0.00401423,0.00192314,0.00214124,0.00491691,0.00301679,0.00169701,0.00415351,0.0046637,0.00526808,0.00407494,0.00429131,0.00225074,0.00331219,0.00449007,0.0043879,0.00342916,0.00504631,0.00292585,0.00152864,0.00766295,0.00345359,0.00240973,0.01167271,,,,,,,,,,,,,,,,,,,,,,,,,,,,,,,,,,,,,,,,,,,,,,,,,,,,,,,,,,,,,,,,,,,,,,,,,,,,,,,,,,,,,,,,,,,,,
14,0.00420305,0.00969351,0.00182242,0.00047188,0.00028651,0.00326456,0.00429216,0.00181356,0.00753034,0.00078528,0.00315449,0.00151197,0.00072677,0.0014969,0.00137317,0.00242096,0.00088927,0.00424363,0.00537356,0.00536214,0.00942702,0.01350357,0.01342426,0.01686484,0.00529046,0.00472195,0.00878769,0.0077505,0.00321917,0.00163156,0.00175243,0.00401068,0.00256564,0.00146425,0.00346081,0.00371286,0.00443462,0.00297326,0.0032195,0.00186853,0.0028185,0.00365367,0.00368094,0.00304382,0.0040664,0.00253319,0.00130747,0.00664432,0.0031052,0.00229246,0.00951982,,,,,,,,,,,,,,,,,,,,,,,,,,,,,,,,,,,,,,,,,,,,,,,,,,,,,,,,,,,,,,,,,,,,,,,,,,,,,,,,,,,,,,,,,,,,,
15,0.00353919,0.00826719,0.00151513,0.0004555,0.00024727,0.00279877,0.0037145,0.00154995,0.00610438,0.00068313,0.00265054,0.00134794,0.00063567,0.00126425,0.00116,0.0020678,0.00076977,0.00364136,0.00399354,0.00388797,0.007912,0.011691,0.01126284,0.01498136,0.00415527,0.00378769,0.00739692,0.00643833,0.00266185,0.00143054,0.00146679,0.0033286,0.00218438,0.00127881,0.00286707,0.00296842,0.00363003,0.00248388,0.00253818,0.00157215,0.00249513,0.00290561,0.00314728,0.00286996,0.00386261,0.0022086,0.00112163,0.00562339,0.00274238,0.00210212,0.00779394,,,,,,,,,,,,,,,,,,,,,,,,,,,,,,,,,,,,,,,,,,,,,,,,,,,,,,,,,,,,,,,,,,,,,,,,,,,,,,,,,,,,,,,,,,,,,
20,0.00179035,0.00402188,0.00079698,0.00024347,0.00014002,0.00138333,0.00188753,0.00079395,0.00293143,0.00038105,0.00143357,0.00077236,0.0003511,0.00081336,0.00059947,0.00106607,0.00042386,0.00191735,0.00178914,0.00163854,0.00433229,0.00626506,0.00503228,0.00696393,0.00197308,0.00159612,0.00391277,0.00344182,0.00164215,0.00078123,0.00085993,0.00177748,0.00107419,0.00065722,0.0011689,0.0014079,0.00179671,0.00126673,0.00118828,0.00085778,0.00111297,0.00136479,0.0018696,0.00165095,0.00261771,0.00122539,0.00059574,0.00264328,0.00152723,0.00144402,0.0033236,,,,,,,,,,,,,,,,,,,,,,,,,,,,,,,,,,,,,,,,,,,,,,,,,,,,,,,,,,,,,,,,,,,,,,,,,,,,,,,,,,,,,,,,,,,,,
,,,,,,,,,,,,,,,,,,,,,,,,,,,,,,,,,,,,,,,,,,,,,,,,,,,,,,,,,,,,,,,,,,,,,,,,,,,,,,,,,,,,,,,,,,,,,,,,,,,,,,,,,,,,,,,,,,,,,,,,,,,,,,,,,,,,,,,,,,,,,,,,
 -- Unscaled Horizontal & Vertical Spectra, as recorded --,,,,,,,,,,,,,,,,,,,,,,,,,,,,,,,,,,,,,,,,,,,,,,,,,,,,,,,,,,,,,,,,,,,,,,,,,,,,,,,,,,,,,,,,,,,,,,,,,,,,,,,,,,,,,,,,,,,,,,,,,,,,,,,,,,,,,,,,,,,,,,,
Period (sec),RSN-73 Horizontal-1 pSa (g),RSN-73 Horizontal-2 pSa (g),RSN-73 Vertical pSa (g),RSN-80 Horizontal-1 pSa (g),RSN-80 Horizontal-2 pSa (g),RSN-80 Vertical pSa (g),RSN-763 Horizontal-1 pSa (g),RSN-763 Horizontal-2 pSa (g),RSN-763 Vertical pSa (g),RSN-765 Horizontal-1 pSa (g),RSN-765 Horizontal-2 pSa (g),RSN-765 Vertical pSa (g),RSN-769 Horizontal-1 pSa (g),RSN-769 Horizontal-2 pSa (g),RSN-769 Vertical pSa (g),RSN-801 Horizontal-1 pSa (g),RSN-801 Horizontal-2 pSa (g),RSN-801 Vertical pSa (g),RSN-809 Horizontal-1 pSa (g),RSN-809 Horizontal-2 pSa (g),RSN-809 Vertical pSa (g),RSN-810 Horizontal-1 pSa (g),RSN-810 Horizontal-2 pSa (g),RSN-810 Vertical pSa (g),RSN-989 Horizontal-1 pSa (g),RSN-989 Horizontal-2 pSa (g),RSN-989 Vertical pSa (g),RSN-1011 Horizontal-1 pSa (g),RSN-1011 Horizontal-2 pSa (g),RSN-1011 Vertical pSa (g),RSN-1012 Horizontal-1 pSa (g),RSN-1012 Horizontal-2 pSa (g),RSN-1012 Vertical pSa (g),RSN-1023 Horizontal-1 pSa (g),RSN-1023 Horizontal-2 pSa (g),RSN-1023 Vertical pSa (g),RSN-1078 Horizontal-1 pSa (g),RSN-1078 Horizontal-2 pSa (g),RSN-1078 Vertical pSa (g),RSN-1091 Horizontal-1 pSa (g),RSN-1091 Horizontal-2 pSa (g),RSN-1091 Vertical pSa (g),RSN-1108 Horizontal-1 pSa (g),RSN-1108 Horizontal-2 pSa (g),RSN-1108 Vertical pSa (g),RSN-1206 Horizontal-1 pSa (g),RSN-1206 Horizontal-2 pSa (g),RSN-1206 Vertical pSa (g),RSN-1234 Horizontal-1 pSa (g),RSN-1234 Horizontal-2 pSa (g),RSN-1234 Vertical pSa (g),RSN-1517 Horizontal-1 pSa (g),RSN-1517 Horizontal-2 pSa (g),RSN-1517 Vertical pSa (g),RSN-1520 Horizontal-1 pSa (g),RSN-1520 Horizontal-2 pSa (g),RSN-1520 Vertical pSa (g),RSN-1521 Horizontal-1 pSa (g),RSN-1521 Horizontal-2 pSa (g),RSN-1521 Vertical pSa (g),RSN-1551 Horizontal-1 pSa (g),RSN-1551 Horizontal-2 pSa (g),RSN-1551 Vertical pSa (g),RSN-1613 Horizontal-1 pSa (g),RSN-1613 Horizontal-2 pSa (g),RSN-1613 Vertical pSa (g),RSN-1618 Horizontal-1 pSa (g),RSN-1618 Horizontal-2 pSa (g),RSN-1618 Vertical pSa (g),RSN-1633 Horizontal-1 pSa (g),RSN-1633 Horizontal-2 pSa (g),RSN-1633 Vertical pSa (g),RSN-1787 Horizontal-1 pSa (g),RSN-1787 Horizontal-2 pSa (g),RSN-1787 Vertical pSa (g),RSN-3925 Horizontal-1 pSa (g),RSN-3925 Horizontal-2 pSa (g),RSN-3925 Vertical pSa (g),RSN-3926 Horizontal-1 pSa (g),RSN-3926 Horizontal-2 pSa (g),RSN-3926 Vertical pSa (g),RSN-3932 Horizontal-1 pSa (g),RSN-3932 Horizontal-2 pSa (g),RSN-3932 Vertical pSa (g),RSN-3954 Horizontal-1 pSa (g),RSN-3954 Horizontal-2 pSa (g),RSN-3954 Vertical pSa (g),RSN-4213 Horizontal-1 pSa (g),RSN-4213 Horizontal-2 pSa (g),RSN-4213 Vertical pSa (g),RSN-4231 Horizontal-1 pSa (g),RSN-4231 Horizontal-2 pSa (g),RSN-4231 Vertical pSa (g),RSN-4841 Horizontal-1 pSa (g),RSN-4841 Horizontal-2 pSa (g),RSN-4841 Vertical pSa (g),RSN-4842 Horizontal-1 pSa (g),RSN-4842 Horizontal-2 pSa (g),RSN-4842 Vertical pSa (g),RSN-4843 Horizontal-1 pSa (g),RSN-4843 Horizontal-2 pSa (g),RSN-4843 Vertical pSa (g),RSN-4844 Horizontal-1 pSa (g),RSN-4844 Horizontal-2 pSa (g),RSN-4844 Vertical pSa (g),RSN-4864 Horizontal-1 pSa (g),RSN-4864 Horizontal-2 pSa (g),RSN-4864 Vertical pSa (g),RSN-4868 Horizontal-1 pSa (g),RSN-4868 Horizontal-2 pSa (g),RSN-4868 Vertical pSa (g),RSN-4869 Horizontal-1 pSa (g),RSN-4869 Horizontal-2 pSa (g),RSN-4869 Vertical pSa (g),RSN-4872 Horizontal-1 pSa (g),RSN-4872 Horizontal-2 pSa (g),RSN-4872 Vertical pSa (g),RSN-4876 Horizontal-1 pSa (g),RSN-4876 Horizontal-2 pSa (g),RSN-4876 Vertical pSa (g),RSN-5474 Horizontal-1 pSa (g),RSN-5474 Horizontal-2 pSa (g),RSN-5474 Vertical pSa (g),RSN-5618 Horizontal-1 pSa (g),RSN-5618 Horizontal-2 pSa (g),RSN-5618 Vertical pSa (g),RSN-5806 Horizontal-1 pSa (g),RSN-5806 Horizontal-2 pSa (g),RSN-5806 Vertical pSa (g),RSN-5809 Horizontal-1 pSa (g),RSN-5809 Horizontal-2 pSa (g),RSN-5809 Vertical pSa (g),RSN-5810 Horizontal-1 pSa (g),RSN-5810 Horizontal-2 pSa (g),RSN-5810 Vertical pSa (g),RSN-5815 Horizontal-1 pSa (g),RSN-5815 Horizontal-2 pSa (g),RSN-5815 Vertical pSa (g),RSN-5819 Horizontal-1 pSa (g),RSN-5819 Horizontal-2 pSa (g),RSN-5819 Vertical pSa (g),RSN-8165 Horizontal-1 pSa (g),RSN-8165 Horizontal-2 pSa (g),RSN-8165 Vertical pSa (g)
0.01,0.1716673,0.1468248,0.097,0.09637911,0.2074638,0.0902,0.3650736,0.3267775,0.194,0.4195179,0.4974233,0.227,0.1263922,0.1706776,0.102,0.2771525,0.2588573,0.229,0.3132001,0.4115622,0.225,0.4609536,0.4192648,0.378,0.2189667,0.1841775,0.158,0.1060425,0.1634164,0.106,0.2658278,0.3833029,0.186,0.1696155,0.218564,0.0799,0.232595,0.2876438,,0.151869,0.1441346,0.0923,0.2775374,0.3144171,0.461,0.09953457,0.06703933,0.0639,0.1007721,0.2057063,0.0511,1.009238,0.4317116,0.321,0.5265644,0.5289055,0.229,0.3537172,0.2294518,0.198,0.211857,0.2064787,0.113,0.02569849,0.05391296,0.0236,0.1631714,0.1240027,0.0643,0.5260827,0.5014857,0.545,0.2679408,0.3317548,0.151,0.1846576,0.1293333,0.125,0.2290986,0.2417834,0.218,0.2686077,0.4526965,0.168,0.1589594,0.2312375,0.136,0.4059869,0.2843716,0.0892,0.2410607,0.183695,0.114,0.1583937,0.2248469,0.0539,0.2602485,0.5722363,0.132,0.1873294,0.1963464,0.0677,0.1080273,0.1088811,0.0409,0.2859858,0.3231522,0.173,0.3584934,0.3292238,0.139,0.1489372,0.2126719,0.0744,0.148069,0.1260473,0.0572,0.8543949,0.9037717,0.586,0.1624247,0.1803606,0.141,0.2264609,0.2953901,0.206,0.2399288,0.1970019,0.119,0.2471525,0.2173124,0.141,0.1686698,0.163554,0.102,0.1972925,0.1997628,0.174,0.3987429,0.3452423,0.167,0.7522713,1.042895,0.335
0.02,0.1709745,0.1452405,0.128,0.09686805,0.204963,0.0908,0.3964014,0.3298865,0.21,0.4775393,0.5678757,0.306,0.1285756,0.1714542,0.103,0.282796,0.2645296,0.243,0.3402167,0.4937818,0.25,0.4607681,0.4260072,0.401,0.2158281,0.184435,0.16,0.1048178,0.1591281,0.113,0.2635005,0.3830903,0.188,0.1713471,0.2198078,0.0799,0.2343854,0.2895187,,0.1532157,0.1446834,0.0928,0.2758888,0.3124086,0.467,0.09958818,0.06750986,0.0641,0.1008881,0.20622,0.0512,1.011721,0.4369276,0.325,0.5610691,0.5725777,0.242,0.3553317,0.2317127,0.217,0.2122074,0.2086308,0.116,0.02572295,0.05336617,0.0235,0.1630337,0.1246282,0.066,0.5300136,0.5023213,0.546,0.2662732,0.3340709,0.15,0.1915381,0.1373314,0.13,0.2366328,0.2514438,0.233,0.2728259,0.4567553,0.183,0.1602016,0.2327746,0.141,0.4064991,0.2817177,0.0889,0.2612373,0.188481,0.123,0.1583944,0.2235646,0.0543,0.2683459,0.5726397,0.134,0.1854127,0.1945205,0.0669,0.1068928,0.1088778,0.0408,0.2839671,0.3229817,0.173,0.357547,0.3266017,0.138,0.1646618,0.21299,0.0756,0.1483382,0.1246303,0.0595,0.8789161,0.898427,0.614,0.1594089,0.189222,0.139,0.2257854,0.3146677,0.231,0.2395393,0.2084292,0.134,0.2441417,0.215445,0.151,0.1681482,0.1664715,0.106,0.194629,0.1996288,0.172,0.3922789,0.3677371,0.186,0.7747322,1.13008,0.355
0.022,0.1835957,0.1594514,0.146,0.09728657,0.2124602,0.0924,0.3814971,0.3294879,0.248,0.4729998,0.6032486,0.283,0.1298526,0.1718655,0.104,0.2875978,0.2644353,0.232,0.3486061,0.5182948,0.264,0.4683504,0.427466,0.408,0.2171953,0.1869495,0.163,0.1055443,0.1607423,0.114,0.2644428,0.3834712,0.193,0.1828229,0.2276033,0.085,0.2387577,0.3035296,,0.1523425,0.1571846,0.0948,0.2762268,0.3128208,0.47,0.09958351,0.06760169,0.0642,0.1009179,0.2062595,0.0512,1.01241,0.4359603,0.328,0.6417573,0.6004136,0.254,0.357351,0.2330478,0.235,0.2120197,0.2090657,0.116,0.02582137,0.05342186,0.0239,0.1635258,0.1248727,0.0671,0.5559552,0.5288107,0.566,0.2663043,0.3355084,0.151,0.1931991,0.14008,0.134,0.23892,0.2550299,0.242,0.2755512,0.4572557,0.186,0.1605793,0.2334231,0.143,0.407004,0.2819568,0.0891,0.268099,0.1899053,0.127,0.1589138,0.2231302,0.0545,0.2706645,0.57407,0.135,0.185464,0.1950052,0.067,0.1069569,0.1089208,0.0408,0.2836149,0.3245935,0.173,0.3579772,0.3279506,0.139,0.1680137,0.2162016,0.0761,0.1486084,0.124638,0.0602,0.8943095,0.9059119,0.642,0.1634215,0.1920927,0.144,0.2265248,0.318794,0.237,0.2398213,0.2110219,0.139,0.2439427,0.2161084,0.156,0.1672621,0.164801,0.109,0.1952067,0.2001047,0.175,0.4003631,0.3725417,0.2,0.7773541,1.136708,0.383
0.025,0.2146002,0.1997634,0.168,0.09863967,0.2154612,0.091,0.3956273,0.3304195,0.26,0.4729649,0.6747623,0.351,0.1340671,0.1721288,0.106,0.2852374,0.2690677,0.246,0.3289136,0.6114196,0.255,0.5034058,0.4267823,0.453,0.2174639,0.1875526,0.164,0.1067405,0.1626371,0.119,0.2644142,0.3942932,0.206,0.1754146,0.2250838,0.104,0.2437933,0.3228849,,0.16894,0.1784092,0.0929,0.2774574,0.3138101,0.477,0.09968951,0.06786209,0.0643,0.1009514,0.2064957,0.0512,1.013446,0.442813,0.329,0.7703295,0.5870104,0.277,0.3570605,0.22963,0.257,0.2120295,0.2077263,0.116,0.02575963,0.05365543,0.0246,0.1659311,0.1264707,0.0686,0.5939077,0.60042,0.644,0.2672763,0.3388938,0.152,0.1959543,0.1447661,0.134,0.2438164,0.2632037,0.258,0.281715,0.4571827,0.197,0.161014,0.2341921,0.146,0.4079517,0.2821961,0.0893,0.2817613,0.1973962,0.137,0.1627486,0.2266728,0.0541,0.2759913,0.5760961,0.138,0.1860734,0.1955515,0.0675,0.1071651,0.1089902,0.0409,0.287533,0.3347326,0.172,0.3578127,0.3265162,0.138,0.1744325,0.2355209,0.0754,0.1488296,0.1249729,0.0603,0.9252898,0.9118004,0.701,0.1712904,0.1979644,0.154,0.2337411,0.3273632,0.26,0.239064,0.2232227,0.151,0.2485576,0.2351846,0.183,0.1660375,0.1639908,0.114,0.1962226,0.2010106,0.18,0.4099175,0.4237,0.254,0.8473504,1.131085,0.391
0.029,0.2322526,0.209175,0.198,0.1047526,0.2035614,0.0939,0.4101717,0.3340605,0.318,0.4938227,0.7016019,0.45,0.1339467,0.177566,0.107,0.2846686,0.264095,0.311,0.3665362,0.6903395,0.25,0.5293396,0.4233166,0.473,0.2167446,0.1866147,0.171,0.1074215,0.1640515,0.135,0.2733055,0.3989733,0.232,0.1778683,0.2233895,0.15,0.2647483,0.3221825,,0.1670204,0.1652493,0.0912,0.2800429,0.3150884,0.491,0.09977821,0.06812896,0.0644,0.1012671,0.2094216,0.0514,1.016119,0.4464755,0.333,0.7921321,0.7686373,0.344,0.3579106,0.2404865,0.263,0.2207148,0.2075428,0.114,0.02640873,0.05451275,0.0265,0.1668315,0.1293243,0.0736,0.5918179,0.6404056,0.575,0.2707739,0.3405001,0.154,0.2048465,0.1559276,0.147,0.2449528,0.2790689,0.293,0.2897837,0.4646669,0.221,0.1615438,0.2359203,0.15,0.4083105,0.2829935,0.0898,0.3171023,0.229604,0.158,0.1641764,0.2248744,0.0545,0.2851726,0.5793717,0.14,0.1862193,0.1985589,0.0695,0.1073847,0.1092669,0.0409,0.3033122,0.3447506,0.18,0.3622352,0.3231422,0.147,0.1835834,0.2116929,0.0803,0.1506353,0.1247354,0.0625,1.055155,0.9438726,0.831,0.1857035,0.2095711,0.176,0.271476,0.3563113,0.333,0.2437759,0.2187566,0.168,0.2462047,0.2892782,0.204,0.1681826,0.1629699,0.132,0.1977952,0.2025636,0.187,0.4478339,0.4812883,0.271,0.8438962,1.262241,0.363
0.03,0.2584664,0.2035412,0.23,0.1043721,0.2059503,0.0988,0.4191925,0.3325066,0.348,0.496658,0.7003624,0.503,0.1323171,0.1772973,0.106,0.2918277,0.2705135,0.332,0.3749676,0.7311901,0.283,0.5255712,0.424623,0.488,0.2191147,0.186121,0.174,0.1076325,0.1644663,0.137,0.2779715,0.398007,0.231,0.1810955,0.2234814,0.165,0.2668611,0.3230351,,0.1651892,0.1602548,0.0897,0.2803597,0.3144765,0.495,0.09978037,0.06828786,0.0646,0.1011894,0.2105817,0.0515,1.017344,0.4479364,0.334,0.7976976,0.7777339,0.357,0.3571266,0.2461042,0.281,0.221325,0.2097556,0.118,0.02676807,0.05444297,0.0267,0.1695338,0.1288387,0.0769,0.6432602,0.6335351,0.599,0.2711629,0.3377088,0.153,0.2047742,0.1598529,0.172,0.2533155,0.279859,0.304,0.2869289,0.4680794,0.228,0.1617095,0.2357613,0.151,0.4097596,0.2833626,0.0901,0.3252717,0.241879,0.169,0.1633007,0.2253662,0.0558,0.287372,0.5798386,0.147,0.1867327,0.1989758,0.0718,0.1074086,0.1091685,0.0409,0.3019023,0.345187,0.182,0.3627687,0.3259992,0.147,0.1874882,0.2175856,0.0863,0.151381,0.1253358,0.0635,1.086198,0.9582625,0.847,0.188776,0.2132464,0.178,0.2847639,0.3676452,0.337,0.2406166,0.2039434,0.182,0.2632808,0.2875988,0.231,0.168555,0.1662301,0.136,0.1982337,0.2029987,0.189,0.4771979,0.4704004,0.272,0.8173532,1.264195,0.366
0.032,0.2930077,0.2048294,0.246,0.1011252,0.2073739,0.111,0.4592694,0.3427776,0.412,0.5222746,0.6911854,0.481,0.1326686,0.1752249,0.111,0.3332687,0.2785399,0.331,0.4132108,0.7958571,0.295,0.5296105,0.4323669,0.467,0.2221724,0.1882126,0.179,0.1128925,0.1658053,0.128,0.2773903,0.3977473,0.208,0.1821894,0.2162884,0.135,0.2817312,0.3150589,,0.1589601,0.1510267,0.0899,0.2808981,0.3087515,0.507,0.09964623,0.06869302,0.0652,0.1012227,0.2109812,0.0515,1.019683,0.4469478,0.336,0.8143565,0.684745,0.357,0.3594908,0.2549304,0.304,0.2140831,0.2149015,0.123,0.02693787,0.05361888,0.0264,0.170385,0.1289686,0.0788,0.6384428,0.6281943,0.612,0.2685283,0.3404383,0.162,0.2036014,0.1568121,0.196,0.2617487,0.2820293,0.333,0.2970268,0.4723326,0.236,0.1603528,0.2384134,0.158,0.412437,0.2839542,0.0904,0.3561782,0.2730813,0.189,0.165905,0.2231209,0.0558,0.2905419,0.5661668,0.15,0.187485,0.1998684,0.0721,0.1074938,0.1092493,0.0411,0.3046974,0.3483898,0.188,0.3597134,0.3314689,0.146,0.1994963,0.2248854,0.0957,0.1531222,0.1260734,0.0638,1.069909,0.9729448,0.979,0.1997702,0.2191399,0.194,0.3215169,0.3993016,0.328,0.2435988,0.2134646,0.186,0.2708391,0.295457,0.253,0.1777785,0.1858732,0.15,0.1991636,0.2039289,0.193,0.4636717,0.5198351,0.303,0.7635102,1.222962,0.367
0.035,0.3095078,0.2298011,0.299,0.1011223,0.2115642,0.108,0.4959814,0.3743517,0.347,0.5387131,0.691866,0.458,0.1396682,0.1811951,0.121,0.364822,0.2891583,0.375,0.4080177,0.7735627,0.314,0.5332437,0.4485306,0.412,0.2289312,0.1973414,0.186,0.1160222,0.1689682,0.156,0.2760197,0.3899813,0.268,0.1784465,0.2229368,0.128,0.3045493,0.3304716,,0.1556858,0.1501612,0.0918,0.2843259,0.3142502,0.525,0.1000247,0.06904276,0.0662,0.1010263,0.2097336,0.0516,1.022119,0.444733,0.344,0.8394538,0.814166,0.36,0.3575208,0.2500914,0.343,0.2130761,0.2251855,0.132,0.02589239,0.0544204,0.0265,0.1701631,0.1253816,0.0855,0.5903909,0.5434061,0.603,0.2741346,0.3435433,0.156,0.2145069,0.1765948,0.267,0.2810879,0.3059124,0.386,0.3171839,0.4795189,0.281,0.1609634,0.2395991,0.187,0.4112811,0.2841051,0.0924,0.3975503,0.2603117,0.149,0.1638918,0.2429972,0.0537,0.3099832,0.570427,0.138,0.1872827,0.2029744,0.0729,0.1081465,0.1092758,0.0412,0.3253774,0.3497427,0.198,0.3600222,0.3342168,0.142,0.1917439,0.2299182,0.0912,0.1609464,0.1267126,0.0655,1.166573,0.9877599,1.01,0.2242389,0.3152286,0.285,0.3777014,0.4498741,0.364,0.2611921,0.2468075,0.226,0.2858698,0.3219685,0.278,0.1875193,0.21209,0.17,0.2006975,0.2053826,0.201,0.4808547,0.5625498,0.329,0.845508,1.161409,0.381
0.036,0.3076756,0.2384582,0.304,0.1022825,0.2145488,0.102,0.5021471,0.3679171,0.367,0.5369586,0.6937068,0.51,0.1438062,0.1840303,0.126,0.3623942,0.3060209,0.364,0.4377152,0.7585907,0.334,0.53485,0.4398521,0.461,0.23224,0.203755,0.184,0.1165744,0.1714921,0.154,0.2811512,0.3883419,0.286,0.1796818,0.2273699,0.13,0.3111511,0.3262068,,0.1537036,0.152199,0.0926,0.281067,0.3076539,0.535,0.1001846,0.06928011,0.0663,0.1010631,0.2091935,0.0518,1.023072,0.4460843,0.345,0.8073326,0.8538998,0.394,0.3614582,0.2530764,0.356,0.2178518,0.2247728,0.136,0.02591406,0.05484959,0.0263,0.1693941,0.1250044,0.0882,0.596225,0.5712018,0.589,0.2731668,0.3485168,0.157,0.2197039,0.1775268,0.256,0.2852331,0.3113284,0.415,0.3294016,0.4731028,0.29,0.1628859,0.2380657,0.199,0.4083807,0.2840526,0.0924,0.4183738,0.2795107,0.155,0.1652185,0.2428609,0.054,0.3114558,0.5588835,0.138,0.1868332,0.2037134,0.072,0.1084327,0.1093026,0.0412,0.328431,0.3615931,0.203,0.3588926,0.3340506,0.141,0.1958891,0.2357624,0.0858,0.162968,0.1268196,0.0672,1.177569,1.002967,1.09,0.2292522,0.3457087,0.31,0.394369,0.4654257,0.394,0.2649243,0.249964,0.235,0.2856058,0.345599,0.26,0.1910334,0.2165951,0.17,0.2012633,0.2059244,0.204,0.4723057,0.5723457,0.373,0.8918193,1.155792,0.39
0.04,0.3551181,0.2125832,0.332,0.1067725,0.2155502,0.106,0.4987148,0.3350486,0.391,0.5822659,0.6947186,0.616,0.1336582,0.1809155,0.127,0.3986863,0.3449312,0.45,0.5047845,0.7012093,0.341,0.5325438,0.4668092,0.552,0.2381953,0.2121279,0.211,0.1240384,0.186083,0.164,0.2804783,0.4191758,0.365,0.1799924,0.2309475,0.119,0.3032855,0.3542105,,0.1607984,0.1577168,0.0942,0.2821933,0.3169365,0.554,0.09997626,0.06979987,0.0655,0.1008544,0.2059888,0.0517,1.025845,0.4650354,0.35,0.8400387,0.8897511,0.524,0.3709882,0.2537677,0.381,0.2176705,0.2211088,0.155,0.02769576,0.05476669,0.0247,0.1614929,0.129384,0.0919,0.5867854,0.5530348,0.59,0.2678854,0.3679293,0.168,0.2668453,0.1807864,0.223,0.3089966,0.3200204,0.573,0.3693647,0.4839177,0.336,0.1696877,0.2396461,0.267,0.4201711,0.2819209,0.0925,0.4674407,0.2824994,0.186,0.1732283,0.2379293,0.0555,0.3044699,0.6025276,0.16,0.1869183,0.200847,0.0755,0.1087384,0.1095008,0.0421,0.3399338,0.4081705,0.212,0.3890103,0.3374001,0.138,0.2049525,0.2576555,0.0883,0.1618604,0.1276675,0.0655,1.400913,1.055925,1.45,0.2717094,0.3457473,0.371,0.4227072,0.5669771,0.406,0.2870703,0.2816542,0.24,0.2929147,0.372797,0.367,0.2169642,0.2795249,0.239,0.2035932,0.2082585,0.221,0.5250715,0.7202634,0.42,1.102714,1.194011,0.458
0.042,0.3416807,0.1930596,0.307,0.1100419,0.2159584,0.107,0.5073605,0.3686639,0.402,0.6417124,0.6841973,0.69,0.127932,0.1908692,0.133,0.4133782,0.3334332,0.515,0.4998981,0.6706126,0.313,0.5845073,0.4953582,0.624,0.2441552,0.2070295,0.248,0.1338885,0.1877009,0.16,0.2777694,0.4339569,0.411,0.1812756,0.2349361,0.136,0.3230648,0.3873285,,0.1610416,0.1590383,0.0915,0.2834317,0.307874,0.575,0.100507,0.06995147,0.0668,0.1013943,0.2062547,0.0522,1.031933,0.4729008,0.376,0.8919386,0.8195111,0.595,0.3697256,0.27222,0.377,0.2196522,0.2205875,0.158,0.02768868,0.05473848,0.025,0.1635083,0.1354173,0.0971,0.5940158,0.5815844,0.597,0.274901,0.3664238,0.167,0.2943984,0.1944673,0.204,0.3116375,0.3185951,0.73,0.3927518,0.4601659,0.392,0.1708653,0.2349683,0.295,0.4350906,0.285283,0.0957,0.4880748,0.2734692,0.199,0.1770778,0.245031,0.0572,0.3366751,0.614974,0.155,0.189864,0.2017806,0.0793,0.1092766,0.1096252,0.0427,0.3382592,0.4183207,0.22,0.4004785,0.3436848,0.136,0.2022835,0.2485639,0.0954,0.1632716,0.1266427,0.0656,1.433776,1.05233,1.63,0.2941784,0.3557272,0.458,0.4373494,0.5769132,0.406,0.2720939,0.2805844,0.235,0.3076441,0.344974,0.353,0.2343871,0.3102366,0.282,0.2069206,0.2093919,0.235,0.5422238,0.7203379,0.414,1.131431,1.245323,0.465
0.044,0.3380882,0.2273832,0.284,0.1174981,0.2234809,0.11,0.5048349,0.4081643,0.345,0.6845948,0.6658943,0.613,0.1294474,0.1996397,0.142,0.4044932,0.3575527,0.577,0.5881363,0.7093827,0.274,0.5986819,0.5170065,0.611,0.241499,0.205317,0.293,0.1339207,0.1911988,0.154,0.2883941,0.4514498,0.487,0.1832801,0.2382753,0.146,0.3302348,0.4235922,,0.1592565,0.1569755,0.0893,0.286172,0.3151259,0.589,0.1008163,0.06915326,0.0669,0.1015732,0.2052201,0.0528,1.036146,0.4733117,0.388,0.9467523,0.8455519,0.567,0.3659543,0.2940422,0.447,0.2309664,0.2126259,0.139,0.027894,0.05455147,0.0262,0.1704011,0.1366959,0.114,0.6121947,0.6081474,0.612,0.272487,0.3743636,0.163,0.3235866,0.2091105,0.194,0.322455,0.3055148,0.915,0.4504258,0.5293764,0.427,0.1700842,0.2423235,0.291,0.4492301,0.2882919,0.0992,0.5989562,0.3575783,0.242,0.1855005,0.2372195,0.0586,0.3337516,0.5933753,0.149,0.1888776,0.2026101,0.0815,0.1094235,0.1095121,0.0423,0.3453776,0.4227619,0.232,0.4022242,0.3440309,0.137,0.2360781,0.2318973,0.0941,0.1695042,0.1293259,0.0671,1.489856,1.074117,2.15,0.2643585,0.3797062,0.49,0.4457981,0.5472454,0.471,0.2604052,0.2702353,0.223,0.3277619,0.3529915,0.386,0.2831636,0.3283094,0.319,0.2114833,0.2103084,0.254,0.6233499,0.7406335,0.361,1.15893,1.339717,0.476
0.045,0.3500074,0.2341451,0.303,0.1197079,0.2256016,0.112,0.5128164,0.4268766,0.341,0.7003357,0.6625488,0.607,0.1312685,0.2022779,0.148,0.4077778,0.3671685,0.625,0.6120609,0.7273991,0.278,0.597235,0.5102407,0.596,0.2360838,0.2078453,0.303,0.1415373,0.1952956,0.168,0.2953402,0.4500314,0.488,0.1835974,0.2386097,0.147,0.3188861,0.432313,,0.1612792,0.1540212,0.0901,0.2859835,0.3163006,0.59,0.100846,0.06900577,0.0667,0.1014336,0.2057961,0.0534,1.038056,0.471518,0.394,0.9689404,0.8879957,0.548,0.3625773,0.3050361,0.457,0.2316538,0.2093944,0.131,0.0289814,0.05499857,0.0269,0.1732109,0.137774,0.115,0.6303685,0.5891487,0.63,0.2681472,0.3703585,0.161,0.3343858,0.2241351,0.194,0.332059,0.3082666,0.993,0.4862451,0.5666915,0.438,0.1691902,0.2471277,0.306,0.4527052,0.2908643,0.102,0.6153174,0.3895389,0.248,0.1877439,0.2408193,0.0607,0.3250118,0.6001287,0.148,0.1887956,0.2026435,0.0822,0.1091977,0.1095017,0.0419,0.3503961,0.4153416,0.245,0.3958257,0.3421474,0.138,0.2453449,0.2398097,0.0963,0.1711724,0.1328128,0.0701,1.535975,1.05481,2.22,0.2748188,0.3813954,0.497,0.4564479,0.5452694,0.496,0.265886,0.2695521,0.214,0.3254726,0.3579306,0.389,0.3027726,0.3261921,0.322,0.2141061,0.2100476,0.266,0.6305876,0.7026113,0.374,1.157413,1.369335,0.455
0.046,0.3857735,0.2470024,0.323,0.1203136,0.2264649,0.111,0.5289982,0.444618,0.353,0.7148482,0.6688823,0.589,0.1335178,0.2041492,0.155,0.4075767,0.3626345,0.647,0.6346226,0.7392074,0.3,0.6116114,0.5047871,0.597,0.2296379,0.2112706,0.308,0.1439689,0.2006685,0.18,0.2939934,0.4493987,0.507,0.1831016,0.2370777,0.152,0.2928632,0.4310908,,0.1665626,0.1538099,0.0911,0.2842526,0.3422233,0.597,0.100826,0.06929908,0.0659,0.1011702,0.2061575,0.0539,1.040564,0.4677854,0.409,0.9838476,0.8917146,0.565,0.3652081,0.3101426,0.452,0.2318703,0.2141389,0.14,0.02976037,0.05539683,0.0269,0.1746705,0.1387897,0.119,0.6759795,0.606053,0.653,0.266282,0.3684839,0.162,0.3466055,0.2359726,0.195,0.3411164,0.3110633,1.09,0.5013174,0.5920112,0.448,0.1668279,0.2512792,0.306,0.4544875,0.2972216,0.106,0.6133937,0.4140814,0.246,0.1868043,0.2507486,0.0618,0.3238125,0.621812,0.147,0.1889619,0.2044932,0.0841,0.1089278,0.1096597,0.0413,0.3514176,0.4114679,0.248,0.395655,0.3420226,0.139,0.24739,0.2491028,0.0968,0.1695282,0.1318333,0.074,1.56009,1.048111,2.24,0.2865665,0.3778223,0.468,0.4686272,0.5663499,0.527,0.2693084,0.2760712,0.207,0.3197136,0.3595435,0.392,0.3104538,0.3383307,0.343,0.217037,0.2093831,0.281,0.620391,0.7498628,0.416,1.152123,1.380141,0.44
0.048,0.3843903,0.2766241,0.358,0.1190349,0.2189119,0.121,0.5821496,0.4718634,0.355,0.7080838,0.7105915,0.503,0.1463566,0.2040985,0.169,0.4025247,0.3525613,0.584,0.6568938,0.7364685,0.306,0.6063488,0.5227439,0.641,0.2234284,0.233962,0.304,0.1348379,0.2149321,0.196,0.2898907,0.4461341,0.555,0.1823725,0.2340618,0.167,0.3070358,0.4365498,,0.176648,0.1601553,0.0965,0.2837909,0.3778169,0.579,0.1010165,0.06965997,0.0659,0.1013473,0.2070326,0.0543,1.05101,0.4610522,0.435,0.9839609,0.9837073,0.594,0.369046,0.3021741,0.431,0.2277791,0.2159052,0.164,0.03019656,0.05464194,0.0284,0.1720462,0.1437376,0.111,0.6891776,0.6974077,0.701,0.2789708,0.3851369,0.173,0.3766648,0.2572786,0.212,0.363126,0.3588422,1.23,0.4757161,0.6269166,0.431,0.160798,0.2564211,0.282,0.4553816,0.3113175,0.113,0.6224757,0.4202,0.254,0.1831405,0.2596798,0.0624,0.3345966,0.6456721,0.174,0.1900208,0.2106768,0.084,0.1093496,0.1100346,0.0408,0.3460124,0.3993884,0.251,0.4180268,0.3476651,0.141,0.2563918,0.2498266,0.0899,0.1698447,0.1288119,0.0836,1.579185,1.102961,2.12,0.3338368,0.4052084,0.455,0.4577225,0.6085451,0.622,0.2649383,0.282578,0.225,0.3369342,0.3782616,0.454,0.2904825,0.3418897,0.398,0.2228039,0.2105598,0.316,0.6604283,0.8339066,0.489,1.075042,1.395697,0.442
0.05,0.4525717,0.2929633,0.38,0.1203396,0.2186037,0.13,0.6204564,0.4787857,0.354,0.6998514,0.7530807,0.475,0.1592349,0.1996386,0.182,0.3859969,0.3557846,0.582,0.6751699,0.661043,0.305,0.5746224,0.5227461,0.689,0.2248767,0.2468466,0.321,0.1584681,0.2208018,0.22,0.2909684,0.4601151,0.634,0.1874222,0.2312103,0.172,0.2811824,0.4513884,,0.1822304,0.1600496,0.101,0.2828071,0.3862367,0.496,0.1018921,0.06987732,0.0674,0.1019447,0.2074326,0.0543,1.066583,0.4589218,0.441,0.9863597,1.068861,0.76,0.3760782,0.307124,0.411,0.2258214,0.2109555,0.17,0.0297898,0.05387336,0.0298,0.170985,0.14732,0.113,0.7611849,0.7347803,0.723,0.2890702,0.4023433,0.186,0.3944641,0.2889643,0.252,0.3946891,0.3671415,1.13,0.436507,0.6129159,0.409,0.1632506,0.2666605,0.275,0.4628489,0.3339695,0.117,0.6194872,0.4008946,0.264,0.1863435,0.2625025,0.0619,0.3430624,0.6565415,0.191,0.19075,0.212142,0.0806,0.1098308,0.1105262,0.0419,0.3596479,0.4044624,0.262,0.4307355,0.3528835,0.143,0.2445449,0.2402485,0.0906,0.1716067,0.1327313,0.0897,1.495931,1.133272,2,0.3764624,0.4458012,0.445,0.4331022,0.5471523,0.59,0.2623585,0.3044157,0.237,0.3515581,0.3787579,0.444,0.2733407,0.3274543,0.369,0.2244346,0.2198483,0.339,0.7199933,0.9161106,0.466,1.006412,1.50037,0.425
0.055,0.4858486,0.3402162,0.376,0.1262376,0.2319212,0.139,0.7226352,0.4242308,0.329,0.7733571,0.7904136,0.672,0.1700055,0.2004824,0.219,0.4869523,0.3567548,0.523,0.7368643,0.7491145,0.348,0.5569628,0.5653216,0.662,0.228246,0.2344536,0.268,0.1770217,0.2129126,0.194,0.3375226,0.4806157,0.572,0.2001386,0.2274504,0.232,0.312618,0.4697405,,0.1977479,0.1788521,0.0956,0.2855552,0.3857998,0.497,0.1018299,0.07302576,0.0691,0.1027911,0.2074597,0.054,1.080075,0.4682104,0.457,1.072636,1.100571,0.965,0.4090978,0.2951315,0.383,0.2518912,0.2192664,0.185,0.03235294,0.05506001,0.0323,0.179078,0.1519881,0.122,1.063649,0.8805639,0.828,0.2862914,0.3930303,0.222,0.4666037,0.4159561,0.266,0.4350353,0.3419816,0.849,0.4574494,0.6397005,0.51,0.1849612,0.2841464,0.271,0.4772578,0.3794529,0.114,0.5451003,0.4925877,0.271,0.1858401,0.2745384,0.0731,0.3770764,0.717904,0.205,0.1946882,0.2275726,0.0973,0.1097577,0.1113003,0.0431,0.3774968,0.3892144,0.231,0.4239653,0.3571917,0.153,0.2188653,0.2642898,0.109,0.1693847,0.138199,0.119,1.289369,1.424704,1.42,0.3854893,0.4057058,0.421,0.5567516,0.5400452,0.568,0.2749317,0.2954288,0.269,0.3724307,0.3518155,0.419,0.3091813,0.2513864,0.317,0.2369167,0.2305558,0.5,0.7549632,0.8870596,0.415,0.9848147,1.454244,0.467
0.06,0.4379141,0.3848624,0.304,0.1661923,0.2071615,0.159,0.6828412,0.4660966,0.418,0.8440781,0.8517525,0.64,0.179759,0.2106351,0.231,0.6604007,0.4151063,0.532,0.7672219,0.7477443,0.356,0.5954527,0.6641491,0.576,0.2215411,0.2589377,0.299,0.2342476,0.234518,0.175,0.3633199,0.4325599,0.583,0.2017062,0.2420369,0.34,0.3223965,0.441239,,0.2547719,0.1962584,0.103,0.2875933,0.3212945,0.563,0.1009128,0.07394858,0.069,0.1019784,0.2088464,0.0552,1.090147,0.479959,0.522,1.074074,1.006223,0.796,0.4060939,0.2900679,0.45,0.2363599,0.2329281,0.22,0.03411153,0.05667651,0.0365,0.1928842,0.1464239,0.143,0.9482766,0.998839,0.9,0.2758152,0.4006011,0.247,0.522395,0.5727423,0.225,0.4365034,0.3816544,0.847,0.4956284,0.6738007,0.658,0.1969552,0.2868187,0.262,0.5101253,0.3535285,0.119,0.6900809,0.4423803,0.229,0.186657,0.2466555,0.0833,0.5286108,0.7733398,0.219,0.2059022,0.1960574,0.108,0.1092157,0.1087257,0.042,0.3535741,0.3922004,0.261,0.4200612,0.3608755,0.157,0.3131632,0.2531552,0.117,0.1703043,0.1449748,0.113,1.374164,1.526964,1.32,0.4486875,0.4982275,0.384,0.4345638,0.6339974,0.573,0.2616811,0.2734661,0.295,0.380336,0.336652,0.444,0.3168202,0.2350274,0.341,0.263081,0.2497714,0.684,1.000417,0.8307833,0.457,0.9218789,1.473279,0.483
0.065,0.3046512,0.3963696,0.218,0.1708233,0.2012406,0.141,0.5958061,0.498188,0.491,0.8609715,0.7761987,0.564,0.1990306,0.2196601,0.239,0.6876479,0.511474,0.524,0.8374455,0.8541661,0.414,0.579768,0.7696933,0.722,0.2638419,0.2306403,0.316,0.2683659,0.2394223,0.24,0.4351075,0.4365713,0.502,0.2061702,0.2458652,0.238,0.3814547,0.4680316,,0.3020571,0.235988,0.104,0.2882828,0.3856106,0.608,0.1030012,0.07397693,0.0668,0.1025729,0.207209,0.0544,1.121075,0.5095104,0.467,1.131689,1.427143,0.673,0.3861664,0.2735153,0.373,0.2332615,0.2504122,0.23,0.0379362,0.06572138,0.0371,0.1845109,0.1542722,0.165,0.9775038,1.325223,0.979,0.3029604,0.4300963,0.245,0.6029468,0.6937329,0.253,0.3934391,0.47187,0.624,0.6200551,0.6458006,0.953,0.1986858,0.2565177,0.259,0.535314,0.3690332,0.149,0.9394997,0.5229833,0.343,0.2058602,0.2545359,0.0747,0.4975895,0.6677814,0.249,0.2154299,0.212784,0.114,0.109178,0.1157796,0.0476,0.4105694,0.4118208,0.293,0.3938318,0.3580191,0.187,0.2921541,0.2586476,0.117,0.1976496,0.1587286,0.124,1.468662,1.260508,1.53,0.452154,0.4792485,0.303,0.507498,0.4750783,0.552,0.2728507,0.2196387,0.278,0.3691194,0.3896602,0.407,0.3167429,0.2593802,0.38,0.2894155,0.2761209,0.616,1.249873,0.9756847,0.382,0.9606758,1.383833,0.502
0.067,0.2807899,0.3931187,0.222,0.1717285,0.2055266,0.135,0.5681354,0.4787028,0.464,0.7403317,0.7504209,0.519,0.1985047,0.216278,0.224,0.6971118,0.5042905,0.496,0.8665483,0.8058528,0.395,0.5934216,0.7247065,0.76,0.2805081,0.2310784,0.309,0.2665913,0.260395,0.23,0.4527826,0.4645547,0.531,0.2092915,0.2397485,0.247,0.4021204,0.4855958,,0.304445,0.2642185,0.11,0.2832767,0.3895875,0.66,0.1037648,0.07445878,0.0677,0.1041295,0.2059319,0.0553,1.131686,0.5131913,0.455,1.180613,1.541898,0.651,0.3967786,0.3095082,0.37,0.2332364,0.2501334,0.26,0.03679033,0.06941219,0.0393,0.1813774,0.161906,0.171,0.9476262,1.42648,0.971,0.3116617,0.4612553,0.24,0.6685408,0.6840029,0.246,0.3844354,0.4704051,0.656,0.6546121,0.6465428,1.06,0.1900095,0.2554661,0.242,0.5510476,0.4074347,0.164,1.028175,0.510885,0.363,0.2215845,0.2786314,0.0738,0.4797008,0.7251026,0.262,0.2012752,0.2189512,0.11,0.111186,0.1268563,0.0522,0.4688084,0.4187209,0.336,0.3966154,0.3630986,0.197,0.2934484,0.2784789,0.125,0.2101924,0.1673231,0.132,1.470055,1.248029,1.59,0.5253228,0.469449,0.317,0.4885164,0.5142097,0.516,0.2821248,0.2164204,0.289,0.379483,0.4390844,0.421,0.3519216,0.2907461,0.366,0.280395,0.2728322,0.601,1.368693,0.9960523,0.411,0.9225169,1.36645,0.546
0.07,0.2847437,0.3800814,0.245,0.1684255,0.2190688,0.126,0.62357,0.4882466,0.393,0.7984642,0.8357977,0.569,0.1901013,0.2200252,0.24,0.7222624,0.4958684,0.537,0.8782719,0.7874212,0.379,0.602796,0.7485313,0.733,0.2986378,0.2354016,0.292,0.2571745,0.2830571,0.204,0.4492901,0.471182,0.637,0.2055066,0.2671003,0.242,0.4262303,0.5055708,,0.2861104,0.2739739,0.102,0.2918496,0.3730404,0.681,0.1043946,0.07671078,0.0684,0.1061672,0.2074108,0.0586,1.137149,0.5224695,0.442,1.367286,1.698473,0.607,0.4195045,0.3663372,0.408,0.2464715,0.2523211,0.287,0.0387485,0.06838991,0.0481,0.1878274,0.1574966,0.155,0.9383732,1.360651,1.09,0.318011,0.4760149,0.273,0.7436478,0.7122983,0.262,0.3723686,0.437094,0.665,0.6826812,0.6665817,1.08,0.2197153,0.2717438,0.256,0.5872337,0.4291965,0.2,0.9815813,0.6170872,0.336,0.2259315,0.3263676,0.0829,0.4839052,0.7871509,0.284,0.2109814,0.2176492,0.117,0.1164051,0.1396854,0.054,0.4938037,0.4341193,0.397,0.403838,0.3626886,0.227,0.2961765,0.3342291,0.128,0.2232449,0.1788832,0.121,1.459824,1.437291,1.73,0.5417413,0.5037879,0.295,0.4862915,0.6158504,0.456,0.2780978,0.2178857,0.264,0.3790402,0.4522142,0.402,0.4091573,0.2957024,0.303,0.2822706,0.2750095,0.535,1.245836,1.233448,0.366,0.8841002,1.342289,0.603
0.075,0.2825703,0.3332677,0.323,0.1780624,0.2536336,0.119,0.6718364,0.5240034,0.522,0.9821911,0.8128667,0.519,0.1878557,0.2288753,0.248,0.7141746,0.5211286,0.706,0.8226689,0.9259649,0.414,0.5628558,0.714036,0.877,0.317342,0.237437,0.284,0.2641478,0.276956,0.198,0.484029,0.4411931,0.68,0.1995873,0.2755877,0.166,0.4550622,0.5195032,,0.2733774,0.2905642,0.128,0.2932289,0.3832412,0.65,0.1068117,0.07452233,0.0719,0.1097955,0.2084733,0.0667,1.150268,0.516127,0.5,1.371328,1.609077,0.642,0.4670412,0.3673446,0.533,0.2596702,0.3055253,0.236,0.04029742,0.06805195,0.0541,0.2092859,0.1609675,0.16,1.054981,1.402752,1.26,0.2951137,0.4323414,0.239,0.6619659,0.7904925,0.349,0.4061813,0.4322261,0.634,0.8930947,0.7092819,0.884,0.2546249,0.3314516,0.3,0.6256431,0.4746108,0.231,0.7398697,0.6021503,0.26,0.2306994,0.3442244,0.1,0.5175699,0.7735436,0.258,0.2373045,0.2382775,0.127,0.1163138,0.1372985,0.0527,0.4132477,0.4917026,0.31,0.3846524,0.3558671,0.262,0.3122312,0.3832883,0.125,0.2328573,0.1950493,0.12,1.33076,1.767673,2.11,0.468847,0.5961542,0.345,0.4996829,0.701993,0.557,0.2625192,0.2172447,0.222,0.429571,0.463239,0.325,0.3957253,0.33506,0.292,0.3264236,0.3082016,0.568,1.173467,1.365971,0.361,0.9098423,1.294941,0.646
0.08,0.3133349,0.3429404,0.243,0.171449,0.299406,0.13,0.6499107,0.5411398,0.539,0.8407221,0.8356986,0.497,0.2034769,0.2497979,0.273,0.5906442,0.5673158,0.718,0.836178,0.848144,0.522,0.576838,0.6602535,1.09,0.3187775,0.2371898,0.295,0.3126449,0.2921112,0.195,0.5398005,0.4673179,0.696,0.2360519,0.2453283,0.16,0.5515546,0.5866731,,0.3035549,0.3038445,0.146,0.2970944,0.3967612,0.603,0.1086261,0.07831575,0.0756,0.1151829,0.2116155,0.0694,1.169716,0.5219257,0.542,1.653499,1.619528,0.776,0.5051298,0.3440533,0.43,0.2559924,0.3388206,0.24,0.04381119,0.08117086,0.0616,0.2238162,0.1658075,0.145,1.031385,1.669766,1.46,0.2892063,0.4970504,0.259,0.6370089,0.6952079,0.354,0.4360743,0.513012,0.78,0.8202619,0.8041164,0.558,0.2614509,0.3283277,0.322,0.6136348,0.5661154,0.212,0.6584996,0.5612458,0.275,0.2571064,0.3396346,0.0978,0.5292038,0.7944535,0.297,0.2410825,0.2603683,0.129,0.1180369,0.1437674,0.0566,0.5469636,0.4852837,0.267,0.406362,0.3572284,0.304,0.3899209,0.3517702,0.165,0.2142211,0.2089668,0.12,1.522779,1.750368,2.28,0.4406017,0.710556,0.312,0.5061673,0.7680716,0.563,0.2414676,0.2693853,0.259,0.4526531,0.4540055,0.335,0.4003496,0.292314,0.294,0.3564538,0.4052893,0.653,1.156225,1.281186,0.403,0.9485723,1.32763,0.633
0.085,0.2993707,0.3038361,0.218,0.1581544,0.2785207,0.135,0.7783737,0.6287733,0.39,0.9395627,1.0255,0.363,0.209816,0.2578586,0.258,0.6860574,0.6783203,0.917,0.7149854,0.8419029,0.616,0.6063051,0.6199575,1.23,0.3243286,0.21468,0.304,0.3372557,0.2965082,0.198,0.5829643,0.5784504,0.677,0.2324522,0.2832123,0.185,0.5689896,0.6478745,,0.320905,0.2885962,0.142,0.2872792,0.418126,0.695,0.1114641,0.07787101,0.0784,0.1172812,0.2139692,0.0729,1.179648,0.5284348,0.543,1.697584,1.547921,0.881,0.5203561,0.3290411,0.389,0.255468,0.3226194,0.22,0.05007772,0.08576307,0.057,0.2414351,0.1817737,0.153,1.063287,2.083946,1.33,0.2982173,0.592405,0.286,0.4571833,0.497057,0.319,0.4675066,0.6300514,0.731,0.6109772,0.7884585,0.337,0.2865277,0.3348837,0.378,0.534104,0.5787138,0.199,0.8377832,0.5476074,0.243,0.2812884,0.3835195,0.102,0.6092706,0.8842885,0.314,0.2545964,0.2718808,0.123,0.1271985,0.1642695,0.0583,0.6053038,0.4702732,0.264,0.4430724,0.3524812,0.315,0.4096262,0.3507204,0.18,0.210776,0.23318,0.136,1.573017,1.549037,1.88,0.4577093,0.6796036,0.281,0.4881699,0.7277923,0.6,0.2604569,0.2779913,0.258,0.4613546,0.5257697,0.375,0.436778,0.3252842,0.349,0.3567106,0.3854436,0.876,1.341454,1.257669,0.392,0.9865466,1.460899,0.683
0.09,0.2677615,0.2973532,0.226,0.1615022,0.3231338,0.156,0.9019238,0.7049448,0.417,0.9175709,0.9542521,0.376,0.2555616,0.2682758,0.207,0.7941095,0.6834365,1.02,0.6414031,0.755375,0.654,0.6996084,0.7422206,1.19,0.3372762,0.204259,0.303,0.3354902,0.321076,0.2,0.4842711,0.5580261,0.663,0.2417034,0.3017449,0.185,0.5290564,0.6380319,,0.3302948,0.3066934,0.148,0.3479438,0.3907214,0.716,0.1103678,0.07612738,0.0711,0.1172154,0.2101534,0.074,1.196672,0.5248826,0.556,1.991921,1.868903,1.02,0.5096943,0.349927,0.449,0.2953748,0.3845987,0.243,0.0475594,0.08859318,0.0564,0.244523,0.1632243,0.14,1.05372,1.95373,1.18,0.3380011,0.5636876,0.37,0.4256208,0.3583592,0.285,0.5684076,0.6748461,0.653,0.6701751,0.8435468,0.309,0.3129115,0.3762311,0.349,0.5191649,0.589269,0.192,1.067307,0.5085534,0.25,0.3122383,0.4770952,0.127,0.6000023,0.7601434,0.25,0.2488036,0.2869739,0.151,0.1442714,0.1814033,0.0544,0.7618772,0.524805,0.291,0.4490266,0.3635547,0.312,0.4251999,0.3810709,0.191,0.2271147,0.2534481,0.16,1.416026,1.486388,1.76,0.482677,0.6251188,0.263,0.5146655,0.8151165,0.479,0.2587959,0.2716907,0.274,0.4775679,0.574909,0.326,0.398992,0.3313422,0.3,0.4027081,0.3875226,0.827,1.377374,1.423736,0.484,1.175374,1.496496,0.687
0.095,0.2611004,0.2984823,0.238,0.1867781,0.3702486,0.165,0.8966658,0.7933612,0.436,1.017401,0.9711425,0.36,0.2963162,0.2719866,0.217,0.8646293,0.716031,1.01,0.6224343,0.7538056,0.617,0.8622702,0.756683,1.45,0.3191671,0.2302001,0.279,0.326476,0.3257074,0.226,0.5625127,0.6052115,0.565,0.2924133,0.2692916,0.179,0.4896156,0.6829582,,0.3091097,0.340738,0.174,0.3875441,0.3702617,0.739,0.109136,0.0860793,0.0687,0.1197956,0.2066261,0.0755,1.196681,0.5561417,0.49,1.958496,1.99083,0.862,0.5822287,0.3827378,0.461,0.3234634,0.3643251,0.24,0.05171381,0.08383382,0.0557,0.2402612,0.179566,0.136,1.193933,1.391177,1.47,0.3598512,0.564328,0.394,0.3464479,0.337231,0.228,0.6366604,0.702309,0.56,0.7754543,0.9031162,0.302,0.3066154,0.3926777,0.318,0.5566029,0.6489131,0.17,0.9839357,0.445025,0.221,0.2984667,0.5643078,0.14,0.6623711,0.7149562,0.26,0.2464068,0.2872013,0.149,0.1489652,0.1746437,0.0538,0.8473524,0.5436566,0.345,0.4377404,0.3595398,0.377,0.4647717,0.4021739,0.182,0.3068692,0.25577,0.155,1.346125,1.596616,1.69,0.4661647,0.6015823,0.202,0.5382254,0.8786536,0.469,0.2938266,0.2857587,0.261,0.540415,0.560254,0.377,0.380182,0.3533583,0.272,0.439049,0.4047819,0.56,1.145269,1.734638,0.52,1.3298,1.477525,0.78
0.1,0.3388658,0.3931092,0.263,0.1793889,0.4010844,0.164,0.8523084,0.7577678,0.421,1.109828,1.049997,0.312,0.3334424,0.3160981,0.245,0.7946881,0.8440982,0.922,0.6892285,0.9050627,0.582,0.9458686,0.7429254,1.63,0.3071258,0.2460913,0.263,0.3548334,0.3003052,0.233,0.4908178,0.5779582,0.502,0.3294617,0.2709969,0.17,0.5136877,0.6850163,,0.3902667,0.3778672,0.181,0.4184186,0.437462,0.89,0.1214979,0.0961873,0.0712,0.1192936,0.2087798,0.0811,1.228336,0.618531,0.517,2.243646,1.953237,0.814,0.652852,0.432102,0.484,0.3648941,0.3200856,0.261,0.05202585,0.08646786,0.0541,0.2152386,0.1856177,0.127,1.1269,1.242651,1.37,0.379998,0.4902176,0.412,0.2765642,0.2656434,0.206,0.7482923,0.7825046,0.592,0.8930618,0.9972897,0.278,0.3038357,0.4102804,0.331,0.6137583,0.7106889,0.158,0.732142,0.394968,0.216,0.3086013,0.569838,0.139,0.6698387,0.7868707,0.272,0.2762284,0.3255467,0.147,0.1470118,0.1627562,0.0579,0.8315908,0.5276448,0.363,0.4061517,0.3922513,0.426,0.480689,0.4259796,0.165,0.3816922,0.2710167,0.176,1.36861,1.551274,1.53,0.5185465,0.5718734,0.23,0.4781698,0.820477,0.418,0.322446,0.2760185,0.269,0.737622,0.4212665,0.344,0.4374331,0.3637369,0.261,0.4231826,0.4707648,0.459,1.105652,1.472163,0.493,1.53032,1.437896,0.878
0.11,0.324505,0.4004367,0.163,0.2405252,0.4044919,0.188,0.8948758,0.6468838,0.384,0.9062517,0.9758303,0.332,0.372156,0.3443961,0.291,1.013655,0.7030141,0.52,0.7001292,1.289027,0.487,1.209202,0.8772664,1.23,0.3149878,0.2803468,0.267,0.3006917,0.2690459,0.218,0.4497947,0.6066989,0.253,0.3832032,0.3505447,0.184,0.6044699,0.5112537,,0.3869893,0.3662575,0.177,0.5457371,0.5247036,0.989,0.1417851,0.0952287,0.0852,0.1312042,0.2090459,0.102,1.122893,0.7363132,0.521,2.235626,1.589127,0.618,0.6167158,0.5815751,0.444,0.3373059,0.3407769,0.268,0.0622961,0.08444337,0.047,0.2568525,0.2330006,0.16,1.26118,1.474878,1.45,0.4089369,0.5500888,0.367,0.3123869,0.2251507,0.165,1.139099,0.8737,0.839,1.137533,1.352609,0.192,0.3497452,0.4597232,0.269,0.771069,0.7221044,0.205,0.5009002,0.4031364,0.154,0.298867,0.4107917,0.123,0.7393609,0.853634,0.301,0.3035525,0.3935035,0.167,0.1838861,0.2201604,0.0658,0.6521232,0.4860831,0.358,0.4523146,0.4382131,0.436,0.6129167,0.3932949,0.176,0.4471689,0.2770329,0.183,1.448368,1.439442,1.25,0.5485117,0.5971165,0.243,0.5246704,0.942533,0.445,0.3374986,0.2928339,0.254,0.8658233,0.4201245,0.287,0.4573168,0.3560315,0.213,0.5333254,0.6911576,0.336,1.19937,1.114711,0.539,1.727824,1.46632,0.98
0.12,0.2739211,0.3878786,0.173,0.2514761,0.4029084,0.228,1.002888,0.8713776,0.447,0.8056752,0.8243755,0.37,0.4169322,0.318473,0.28,0.8006141,0.8516706,0.392,0.7313524,1.389819,0.409,1.201976,1.08815,0.915,0.3891498,0.2852739,0.31,0.3733526,0.2719869,0.199,0.4079933,0.7288948,0.199,0.3782085,0.4186164,0.165,0.5437979,0.6050522,,0.3408147,0.3905132,0.192,0.6165717,0.5926666,1.09,0.127956,0.1152958,0.0908,0.1386552,0.2207534,0.096,1.143162,0.8622645,0.597,1.944405,1.74245,0.655,0.5625241,0.7364694,0.386,0.3144905,0.3910005,0.303,0.06438407,0.1081282,0.0469,0.2465884,0.2372119,0.159,1.469658,1.836965,1.5,0.423576,0.5415749,0.378,0.2821812,0.2708135,0.192,1.230279,0.9588197,0.957,1.54216,2.075305,0.261,0.4859514,0.5419112,0.258,0.6466153,0.6862047,0.21,0.3611151,0.3788926,0.155,0.3165336,0.4148924,0.132,0.6948467,1.243094,0.364,0.3019334,0.3584884,0.196,0.2019516,0.2863546,0.0989,0.5010278,0.5464891,0.405,0.4695128,0.4553567,0.343,0.517113,0.3893999,0.181,0.3792861,0.3297655,0.182,1.294295,1.578976,1.75,0.4526711,0.5095648,0.191,0.6127717,0.8415877,0.522,0.3697757,0.3198105,0.234,0.8429359,0.4665095,0.301,0.4518819,0.3814173,0.205,0.7633398,0.7135779,0.329,1.194732,1.121083,0.37,1.686893,1.564298,0.909
0.13,0.27562,0.369166,0.147,0.2002706,0.4915584,0.186,0.9321288,0.8398013,0.44,0.855489,0.8853539,0.36,0.4347845,0.3069498,0.298,0.8465301,0.7290699,0.346,0.9238201,1.062048,0.325,1.574382,1.26414,0.888,0.4830325,0.2920816,0.395,0.3273908,0.3502646,0.179,0.4581902,0.8314203,0.211,0.4147377,0.4461502,0.128,0.5365442,0.7441853,,0.3469757,0.4002706,0.153,0.6670566,0.8145642,1.15,0.1230963,0.1104099,0.0874,0.1350809,0.238015,0.114,1.206776,0.8878204,0.515,1.804083,2.032605,0.72,0.6269737,0.6233247,0.414,0.3282481,0.4159275,0.34,0.05913844,0.1301278,0.0446,0.2540945,0.2397186,0.179,1.390896,1.880616,1.75,0.4327488,0.5747522,0.435,0.3355687,0.2280227,0.22,0.8870084,0.925579,0.671,1.012597,2.748863,0.306,0.3552769,0.6312881,0.293,0.5501215,0.8908132,0.166,0.4185161,0.3539448,0.183,0.3127531,0.4374124,0.148,0.7278274,1.302859,0.376,0.3016724,0.3505698,0.217,0.1885218,0.30468,0.0958,0.5044385,0.557714,0.438,0.5208365,0.5127714,0.378,0.4390401,0.3590434,0.178,0.3288009,0.3062876,0.107,1.432983,1.594711,1.65,0.4183279,0.4357925,0.16,0.5942709,0.8782585,0.494,0.3735077,0.3046255,0.179,0.8858968,0.5217656,0.278,0.3895796,0.3805261,0.21,0.6665668,0.6948932,0.277,1.291724,0.9834508,0.407,1.722763,1.697718,1.17
0.133,0.2979117,0.3596608,0.146,0.2008874,0.5205173,0.179,0.8638119,0.8326392,0.417,0.8530441,1.051779,0.342,0.4710339,0.2990793,0.306,0.8413861,0.7275684,0.348,0.8926365,1.099063,0.355,1.681903,1.300798,0.841,0.4881463,0.2829062,0.408,0.3134447,0.358282,0.172,0.4905795,0.776808,0.19,0.427189,0.4473383,0.116,0.5706165,0.7474506,,0.365955,0.4212308,0.159,0.6314137,0.7834866,1.03,0.11549,0.116443,0.0818,0.1389239,0.2464395,0.118,1.242826,0.8508329,0.548,1.48572,2.016767,0.727,0.6644006,0.5458292,0.406,0.312702,0.4227806,0.328,0.05912261,0.1354015,0.0438,0.2887199,0.2574093,0.196,1.608433,1.845456,1.73,0.4529591,0.5630019,0.384,0.3348632,0.2320245,0.211,0.7869279,0.9390604,0.6,0.8213056,2.790667,0.299,0.3384666,0.6388142,0.294,0.5518673,0.932445,0.166,0.4391606,0.305208,0.186,0.3156709,0.4220282,0.153,0.7315221,1.214015,0.377,0.3187474,0.3271809,0.223,0.176674,0.3003481,0.095,0.5514667,0.5343925,0.461,0.5159279,0.522886,0.378,0.4060871,0.377834,0.174,0.3397434,0.3154335,0.112,1.496628,1.672239,1.46,0.379891,0.4628182,0.15,0.6077737,0.9486175,0.542,0.3674591,0.3290839,0.191,0.9048142,0.5369399,0.297,0.4039505,0.3759502,0.201,0.6525196,0.7130787,0.28,1.237526,0.8785127,0.405,1.740777,1.792564,1.12
0.14,0.3710483,0.3420026,0.144,0.2581966,0.5349998,0.18,0.8770442,0.835974,0.354,0.8146486,1.321004,0.314,0.4300434,0.3135039,0.27,0.7414683,0.710544,0.305,0.7341955,1.101376,0.384,1.777126,1.297598,0.804,0.4959732,0.274058,0.458,0.3165217,0.3718471,0.153,0.4525172,0.6663433,0.196,0.3858783,0.4866525,0.103,0.6748016,0.6737518,,0.356314,0.3738146,0.167,0.5339304,0.6894851,1.11,0.1127927,0.1176988,0.0937,0.1396552,0.2580364,0.11,1.415745,0.8131199,0.693,1.202327,1.625827,0.606,0.7321684,0.5775171,0.361,0.3185842,0.4210913,0.3,0.05384696,0.150424,0.0439,0.3038256,0.273179,0.203,1.79725,1.62361,1.49,0.5553337,0.4696225,0.392,0.3230272,0.2267373,0.184,0.6343645,0.8567407,0.495,0.6906721,2.48172,0.271,0.3927454,0.6498325,0.284,0.5968858,0.943011,0.187,0.4207429,0.3010738,0.184,0.3412803,0.389891,0.145,0.7695606,1.172696,0.321,0.3615827,0.307456,0.233,0.1568947,0.2718616,0.101,0.5905056,0.5391915,0.482,0.5220171,0.4925524,0.353,0.3930236,0.4060646,0.151,0.3728621,0.3324706,0.121,1.401923,1.645307,1.86,0.2982222,0.6065534,0.136,0.5338772,0.8851704,0.535,0.3688018,0.2984412,0.199,0.902052,0.5424756,0.293,0.4567342,0.340191,0.224,0.6194975,0.738892,0.274,1.319508,0.7026038,0.358,2.022413,2.222408,1.11
0.15,0.3975344,0.3491562,0.159,0.3097624,0.4768149,0.231,1.071204,0.944426,0.382,0.7479848,1.161409,0.364,0.5258752,0.4554529,0.251,1.024342,0.6788341,0.273,0.8012025,1.388077,0.528,1.83107,1.550808,0.999,0.3990623,0.2974639,0.574,0.3052042,0.4216958,0.146,0.5127299,1.027055,0.192,0.4779579,0.67674,0.121,0.8474316,0.7135462,,0.320296,0.4157516,0.15,0.4384673,0.6274098,1.31,0.1279923,0.1268822,0.112,0.1672141,0.2695657,0.121,1.482898,0.763473,0.925,1.069053,1.15887,0.441,0.8247917,0.7071881,0.348,0.3357734,0.3649121,0.245,0.06038509,0.1551426,0.0545,0.293244,0.251797,0.145,1.979883,1.543901,1.44,0.7166305,0.4949145,0.377,0.2868786,0.1760202,0.15,0.4946967,0.6618933,0.429,0.565971,1.670007,0.189,0.4349018,0.7410146,0.26,0.6985927,0.877148,0.201,0.3498808,0.3691118,0.2,0.3466824,0.3275932,0.16,0.8551561,1.078455,0.343,0.4304688,0.3189201,0.224,0.1658501,0.3159019,0.122,0.5987269,0.6172921,0.49,0.5690445,0.4915855,0.343,0.3605619,0.4726465,0.155,0.3846838,0.4163112,0.128,1.151878,1.57311,1.78,0.3589046,0.5993464,0.161,0.4791346,0.7978246,0.461,0.4194192,0.3191539,0.232,0.8301689,0.6003548,0.254,0.5040541,0.3454288,0.201,0.5684044,0.5732657,0.293,1.349519,0.6850143,0.279,2.185629,3.380626,1.18
0.16,0.3542491,0.3104227,0.159,0.3026984,0.4961015,0.228,1.036539,1.083868,0.404,0.7643923,1.048492,0.381,0.4121816,0.5705154,0.23,1.042251,0.5784994,0.273,0.731564,1.592383,0.604,1.796852,1.677771,0.923,0.4000563,0.3068546,0.494,0.3395134,0.3568838,0.162,0.5003536,0.9425088,0.175,0.5996359,0.7130507,0.127,0.9044455,0.8249611,,0.3057074,0.3652307,0.187,0.4215271,0.5304902,1.26,0.14405,0.1559136,0.0871,0.1665125,0.2896682,0.101,1.390886,0.6953918,0.906,1.151789,1.003165,0.412,0.8109258,0.716938,0.328,0.3294979,0.3838449,0.265,0.07056991,0.2211688,0.0511,0.3528236,0.2613825,0.133,2.079983,1.37831,1.74,0.6815565,0.5742275,0.394,0.3194148,0.1575507,0.148,0.4923771,0.6596647,0.367,0.5309817,1.252594,0.119,0.3936871,0.7666264,0.282,0.7051446,0.9093667,0.149,0.3759269,0.3151057,0.231,0.4515532,0.3273119,0.15,0.9389277,1.169462,0.389,0.5168698,0.416009,0.232,0.1954019,0.3391442,0.132,0.6544508,0.6280215,0.554,0.4589857,0.4849274,0.299,0.3154138,0.5820174,0.151,0.3789433,0.3839096,0.138,1.07621,1.237081,1.2,0.4001776,0.5760717,0.17,0.4657168,0.7114348,0.435,0.4155846,0.3100286,0.204,0.8364229,0.4222261,0.205,0.5408732,0.4738891,0.186,0.5829689,0.4763452,0.294,0.8449817,0.5963923,0.273,2.268101,3.797474,0.847
0.17,0.3560061,0.2791608,0.177,0.3342277,0.4831341,0.241,1.050525,1.117934,0.409,0.8267515,1.164575,0.329,0.3498301,0.5819997,0.275,0.9925063,0.6206419,0.252,0.740732,1.359032,0.529,1.505898,1.404134,0.676,0.5740556,0.3058218,0.44,0.2857048,0.3436734,0.167,0.5028064,0.8448507,0.175,0.713289,0.8660333,0.128,0.8440522,0.9942644,,0.3423571,0.3454881,0.189,0.3720888,0.4540602,1.06,0.1743038,0.163627,0.107,0.1469524,0.3169823,0.0907,1.653596,0.6723656,0.786,1.041114,0.9143595,0.364,0.8624594,0.825377,0.378,0.4087819,0.3502677,0.28,0.07904334,0.2645108,0.0433,0.3629551,0.279819,0.153,1.881151,1.45565,1.97,0.6634841,0.5945317,0.362,0.2877886,0.1622703,0.146,0.4884931,0.5813503,0.291,0.4651092,1.092602,0.103,0.3273085,0.7352546,0.281,0.6778044,0.9437903,0.142,0.3456253,0.3327106,0.268,0.4845064,0.3261402,0.161,0.8666105,1.268021,0.363,0.5143773,0.4492545,0.246,0.2501024,0.2936306,0.113,0.6534424,0.6525504,0.64,0.4454829,0.5583245,0.341,0.37139,0.5766934,0.16,0.362667,0.3414426,0.134,1.184775,1.122944,1.3,0.4378412,0.4884776,0.166,0.4749776,0.6836948,0.457,0.4846586,0.2976867,0.195,0.5448361,0.4304,0.264,0.518935,0.4550718,0.17,0.5553889,0.4488244,0.256,0.7190512,0.7067316,0.252,2.213024,3.607253,0.638
0.18,0.3223391,0.2796133,0.155,0.2855541,0.4668138,0.209,0.9110888,1.153518,0.36,1.044142,1.151428,0.289,0.4093762,0.5480307,0.267,1.051533,0.6036396,0.246,0.9037995,1.201354,0.46,1.416011,1.101476,0.503,0.5063144,0.2994546,0.354,0.2796191,0.3410567,0.166,0.5358407,0.7328464,0.205,0.7525343,0.9291009,0.154,0.8495937,1.15636,,0.2884815,0.4432405,0.19,0.3982377,0.3781451,0.948,0.1789,0.1602076,0.121,0.1453614,0.317742,0.0929,1.900115,0.7134749,0.699,0.9416807,0.7806761,0.342,0.8671892,0.8012957,0.336,0.410063,0.3736432,0.35,0.0869126,0.2800109,0.0459,0.3953575,0.3047206,0.144,1.973588,1.511106,1.76,0.6767679,0.6050107,0.388,0.2227242,0.138949,0.14,0.484249,0.5892238,0.241,0.3553431,0.8572516,0.101,0.2870392,0.7506421,0.356,0.5940516,0.9793714,0.145,0.3029102,0.4145411,0.271,0.4175362,0.3608346,0.179,0.6988211,1.451473,0.382,0.5348913,0.506169,0.248,0.2129854,0.2486137,0.0953,0.7015244,0.5882393,0.623,0.5136144,0.6563959,0.39,0.4121211,0.5806781,0.186,0.3238184,0.2693663,0.133,1.315065,1.079144,1.27,0.3928509,0.592018,0.17,0.5482662,0.6843458,0.422,0.5278673,0.3223209,0.197,0.607421,0.603459,0.245,0.4624001,0.430275,0.188,0.534199,0.4227727,0.25,0.6875292,0.6180986,0.216,2.158989,3.24474,0.664
0.19,0.3029847,0.2231192,0.135,0.315904,0.4924113,0.203,0.8793285,1.185846,0.327,1.225827,0.9864612,0.298,0.4192323,0.5516322,0.237,0.9946433,0.5141783,0.333,0.9278831,1.223129,0.304,1.6635,0.973308,0.552,0.4473723,0.3080271,0.3,0.2871895,0.2775302,0.203,0.5255162,0.668443,0.171,0.723393,0.8407042,0.165,0.8091344,1.11972,,0.2752721,0.5133505,0.179,0.3885151,0.411968,0.756,0.1685198,0.1689003,0.115,0.1501256,0.2833602,0.0996,1.84894,0.8071937,0.742,0.6037408,0.7501717,0.278,0.8315983,0.5878587,0.335,0.3984489,0.3766698,0.303,0.07234187,0.2425447,0.0487,0.3510482,0.3337601,0.143,1.767726,1.406963,1.45,0.6314497,0.5934026,0.348,0.1745598,0.1431637,0.143,0.4881588,0.6219929,0.195,0.3207793,0.6046448,0.0983,0.3566633,0.8834838,0.428,0.528573,0.9126087,0.164,0.3516898,0.4292785,0.274,0.4083595,0.4226969,0.141,0.6701055,1.593492,0.329,0.5573959,0.4858675,0.24,0.2519462,0.2718117,0.0852,0.6066527,0.5288922,0.632,0.6121765,0.6058958,0.367,0.4102403,0.5670104,0.2,0.289273,0.2677265,0.124,1.576234,1.102848,1.14,0.3619949,0.7053318,0.168,0.615997,0.6944375,0.451,0.6235412,0.3513804,0.24,0.6348318,0.6105206,0.228,0.4867867,0.4262117,0.183,0.6687368,0.3941386,0.261,0.7702593,0.5070189,0.193,2.073718,2.746334,0.66
0.2,0.2923834,0.2038526,0.122,0.3012166,0.5346279,0.177,0.8324386,1.136539,0.284,1.310393,0.9777411,0.358,0.3514681,0.4852441,0.221,0.8331042,0.5190186,0.355,0.7200521,1.184604,0.271,1.403393,0.8057923,0.564,0.4348857,0.2913081,0.269,0.2769595,0.2937576,0.196,0.5882154,0.6928529,0.165,0.6532613,0.7607894,0.138,0.7663143,1.106147,,0.2633479,0.5141651,0.174,0.3937722,0.4614589,0.558,0.1586418,0.1988637,0.101,0.1762352,0.2705772,0.101,1.638242,0.7438961,0.687,0.6013205,0.7550712,0.23,0.9696025,0.5903,0.363,0.4092509,0.4219691,0.251,0.07238101,0.2041451,0.0455,0.435195,0.4095629,0.177,1.68392,1.395754,1.25,0.6563333,0.8115582,0.376,0.1629205,0.139245,0.122,0.4917708,0.577552,0.179,0.266129,0.5680481,0.0848,0.3975673,0.9885055,0.449,0.5927747,0.7484508,0.182,0.3469535,0.3699762,0.229,0.4779359,0.4477165,0.113,0.6711041,1.642877,0.337,0.4980063,0.3895707,0.219,0.3052279,0.2941551,0.0787,0.6837027,0.576387,0.615,0.626636,0.6434372,0.363,0.4007558,0.5863853,0.207,0.3565268,0.2920485,0.116,1.595736,1.074543,1.01,0.3483587,0.6895356,0.185,0.6220206,0.8115968,0.525,0.6758655,0.3379831,0.232,0.5789889,0.5044117,0.203,0.5147983,0.3632703,0.215,0.6732553,0.3546102,0.253,0.7776033,0.357269,0.196,2.350292,2.849061,0.763
0.22,0.2849513,0.1961242,0.107,0.2856907,0.4596086,0.135,0.8154164,0.9273364,0.283,1.160189,1.242366,0.469,0.3840642,0.7707968,0.195,0.7791197,0.595601,0.271,0.5659392,0.8668743,0.268,1.048414,0.8224978,0.492,0.5366675,0.3517654,0.28,0.2290958,0.3486502,0.153,0.7068945,0.8457841,0.185,0.5084544,0.5644155,0.106,0.9032146,0.9215571,,0.2886591,0.3713131,0.174,0.4021543,0.4046277,0.405,0.175828,0.2133621,0.0936,0.1713489,0.2735963,0.0834,1.767311,0.7395572,0.664,0.5859036,0.7802947,0.181,0.9714431,0.8069821,0.458,0.3461827,0.4031881,0.207,0.08390225,0.1469934,0.0592,0.5615729,0.354798,0.145,1.30813,1.309664,1.08,0.7642995,0.9626813,0.295,0.1581971,0.1081402,0.142,0.3785294,0.4712985,0.143,0.3612764,0.5577521,0.0712,0.4626679,0.9369341,0.392,0.6848738,0.514953,0.224,0.2583547,0.3316641,0.286,0.4494293,0.4816867,0.107,1.030749,1.289106,0.247,0.5354489,0.3951675,0.19,0.3055862,0.2679867,0.111,0.644805,0.574614,0.477,0.6760863,0.5883633,0.359,0.4212548,0.4930896,0.222,0.3187383,0.3549362,0.113,1.499057,1.091847,1.08,0.2682849,0.3570898,0.15,0.6858571,0.6148956,0.531,0.545327,0.3087588,0.211,0.4057621,0.3931013,0.291,0.4886047,0.2868584,0.221,0.5765702,0.4577267,0.211,0.649596,0.3003595,0.175,2.529105,2.938556,0.841
0.24,0.2159958,0.1698913,0.0937,0.2568687,0.6578688,0.145,0.7965443,0.8722712,0.309,1.163084,1.055811,0.405,0.3423293,1.020488,0.236,0.6799851,0.6050688,0.313,0.454672,0.738116,0.249,1.034942,0.7096732,0.55,0.5991433,0.3770475,0.333,0.3019032,0.3882467,0.233,0.687807,0.8794115,0.184,0.4816628,0.5516554,0.114,0.6915544,0.8396429,,0.3545719,0.3872605,0.176,0.5793511,0.4255121,0.355,0.1850268,0.1999212,0.135,0.1852038,0.2882329,0.0944,1.891844,0.9152531,0.744,0.4870575,0.7673109,0.186,0.9121093,1.071697,0.407,0.4011405,0.4667594,0.244,0.07528669,0.1468613,0.0668,0.6137521,0.4463601,0.181,1.209944,1.031817,0.899,0.6974375,0.6750702,0.339,0.2055296,0.08864342,0.129,0.2687445,0.3995526,0.102,0.3405223,0.5421376,0.059,0.6304295,0.7832236,0.296,0.6736974,0.4089949,0.202,0.3010741,0.370025,0.296,0.4256594,0.676494,0.137,0.984951,1.125861,0.265,0.4841373,0.4247128,0.149,0.2509584,0.2273532,0.0875,0.7417868,0.5589107,0.366,0.5405079,0.6206439,0.333,0.3716395,0.4301157,0.151,0.3126557,0.3884794,0.124,1.107082,0.9360041,1.18,0.226785,0.3020437,0.184,0.5048002,0.5148513,0.37,0.4397119,0.3660011,0.229,0.4227347,0.4922424,0.275,0.4243894,0.3010248,0.138,0.7095873,0.3294191,0.184,0.4433211,0.2625085,0.116,2.334954,4.068578,0.653
0.25,0.1868038,0.1511895,0.0987,0.3335475,0.6938549,0.144,0.8248692,0.7987928,0.329,1.017089,1.031847,0.417,0.3477256,0.985913,0.229,0.5933419,0.5021009,0.296,0.3966182,0.6592099,0.248,0.9875281,0.7062026,0.542,0.5646586,0.3782038,0.28,0.3237308,0.3271733,0.223,0.7552841,0.7986138,0.183,0.45415,0.5467502,0.105,0.5476128,0.9541895,,0.3382179,0.4518693,0.192,0.6166439,0.4786915,0.309,0.2025921,0.1790202,0.161,0.2088575,0.2842338,0.0919,1.771741,1.040345,0.773,0.4784975,0.7153106,0.152,0.883449,0.9109451,0.373,0.4386325,0.4568636,0.267,0.07377937,0.1314692,0.0592,0.6757882,0.4468469,0.176,1.219363,1.116953,0.936,0.6667752,0.6280912,0.341,0.2343634,0.08115795,0.119,0.239374,0.3227119,0.0827,0.3503648,0.5247926,0.0603,0.6637285,0.7058665,0.248,0.6845373,0.4689479,0.19,0.3333666,0.3333542,0.339,0.3509938,0.8349793,0.131,0.8669962,1.303341,0.227,0.5433429,0.4377315,0.185,0.2591316,0.1965192,0.085,0.6753413,0.6099562,0.341,0.5315447,0.5683779,0.358,0.3398657,0.429381,0.132,0.3225928,0.335613,0.136,1.193699,0.908816,1.1,0.2438948,0.3574785,0.185,0.536597,0.4983272,0.325,0.4116832,0.3555317,0.251,0.427537,0.5071044,0.275,0.3688237,0.2681734,0.122,0.8069023,0.2904173,0.2,0.3575093,0.2326153,0.112,2.405229,4.186044,0.558
0.26,0.1957404,0.1381418,0.103,0.3693955,0.7596957,0.153,0.8156305,0.6864369,0.318,1.02327,1.012736,0.403,0.3334698,0.8325254,0.194,0.5896088,0.5078562,0.27,0.3457709,0.6183528,0.213,1.082618,0.899778,0.468,0.5991764,0.3899005,0.275,0.2714031,0.3125732,0.174,0.7793067,0.8332828,0.19,0.4456035,0.5013573,0.0975,0.5500684,1.12452,,0.316469,0.4401465,0.202,0.5917352,0.5080715,0.304,0.1959027,0.1611013,0.159,0.2155384,0.296854,0.0919,1.671837,1.080381,0.726,0.4870079,0.5773296,0.15,1.026232,0.7269717,0.333,0.4342295,0.4890046,0.27,0.06334768,0.1462545,0.0535,0.6601854,0.4078411,0.151,1.210658,1.213857,1.09,0.6766063,0.6971498,0.41,0.2349253,0.08816732,0.115,0.2238643,0.2726505,0.0781,0.3321815,0.4751252,0.0641,0.604712,0.7181634,0.254,0.723036,0.5250472,0.175,0.3609499,0.2734402,0.346,0.3408197,0.8699318,0.119,0.7510402,1.333018,0.182,0.5317791,0.4343966,0.208,0.2376511,0.1852012,0.0834,0.7172397,0.6462136,0.362,0.585695,0.5766914,0.323,0.3470415,0.4436314,0.123,0.3186596,0.2980314,0.136,1.310784,0.9754834,1.3,0.2712925,0.3853565,0.171,0.5276561,0.4369426,0.297,0.4268835,0.3949148,0.243,0.4118398,0.5131985,0.22,0.3118396,0.2584484,0.121,0.8466203,0.2799097,0.205,0.2995052,0.1921045,0.115,2.576155,4.192647,0.55
0.28,0.2094544,0.1388009,0.0734,0.2567413,0.6116083,0.211,0.9740708,0.5886934,0.239,1.035328,1.211311,0.472,0.3142187,0.541626,0.15,0.4771034,0.4517944,0.23,0.4145906,0.5437691,0.149,1.166607,1.108458,0.399,0.5517769,0.4312057,0.3,0.1809555,0.3056111,0.101,0.9247018,1.038771,0.145,0.3537144,0.5112659,0.096,0.6600036,1.008546,,0.3595186,0.2964526,0.174,0.4547635,0.5284168,0.278,0.2104331,0.1302741,0.12,0.223522,0.3635849,0.103,1.621199,1.126578,0.777,0.49987,0.4364026,0.154,1.02167,0.7308589,0.328,0.4959542,0.4516256,0.25,0.06064571,0.1339741,0.0448,0.5782307,0.3622537,0.14,1.118014,1.317252,1.18,0.4633415,0.8570385,0.445,0.2417089,0.0859151,0.142,0.2035404,0.2204225,0.0866,0.2471681,0.4362053,0.0847,0.4821446,0.707931,0.284,0.8087753,0.5484942,0.169,0.3345752,0.1903535,0.295,0.3947865,0.6710438,0.0985,0.6286969,1.147207,0.172,0.5656117,0.4754467,0.213,0.1975218,0.2022433,0.105,0.8377318,0.7436563,0.35,0.6338207,0.5099065,0.26,0.2697536,0.3803872,0.137,0.3496234,0.3110655,0.127,1.280413,0.9570122,1,0.2265229,0.3208543,0.145,0.4712194,0.4913866,0.346,0.3778932,0.4691448,0.217,0.4153107,0.6720355,0.196,0.2716897,0.242446,0.125,0.9653026,0.2902189,0.176,0.2358794,0.1294001,0.116,1.829259,3.779787,0.433
0.29,0.2342774,0.1533179,0.0687,0.2306044,0.4960717,0.21,1.007678,0.5778499,0.221,1.041782,1.37106,0.538,0.269049,0.4731622,0.16,0.4090394,0.4486818,0.239,0.4317154,0.506709,0.119,1.2027,1.092576,0.372,0.4977954,0.4165028,0.275,0.1748016,0.3285251,0.0883,0.8890404,1.104665,0.138,0.3134705,0.5088796,0.0844,0.6048911,0.8124613,,0.3791637,0.2455708,0.169,0.5099051,0.5471472,0.33,0.2424992,0.1417632,0.112,0.2547902,0.3802792,0.106,1.638846,1.169426,0.832,0.4494003,0.3727648,0.157,1.006824,0.6594954,0.287,0.5583998,0.413074,0.234,0.06351773,0.1384777,0.0474,0.4903837,0.3708719,0.127,1.129317,1.38133,1.25,0.4655436,0.7788743,0.403,0.2668773,0.08839403,0.154,0.1950328,0.2076857,0.0753,0.2016277,0.4182178,0.0956,0.4451332,0.6832865,0.251,0.8412969,0.5296916,0.15,0.2848595,0.1759186,0.289,0.3959896,0.6846828,0.0996,0.6038479,1.049182,0.178,0.6565652,0.5053043,0.236,0.2067041,0.2204061,0.108,0.8146724,0.7356399,0.402,0.6081681,0.5203524,0.31,0.2904212,0.3329771,0.136,0.3529405,0.2926974,0.114,1.264983,0.9176238,0.864,0.2039069,0.3019882,0.144,0.5146009,0.5259099,0.355,0.483169,0.4522408,0.211,0.4138041,0.7529479,0.224,0.2239927,0.2018,0.109,0.9383569,0.3262567,0.155,0.2215867,0.1205904,0.105,1.535648,3.450192,0.368
0.3,0.2471041,0.1524123,0.0751,0.2038856,0.4917077,0.207,0.9177624,0.5921302,0.258,1.066229,1.409379,0.561,0.2937347,0.4546791,0.184,0.4066707,0.4575284,0.235,0.4459315,0.497618,0.11,1.087073,1.094188,0.313,0.4904337,0.3853741,0.325,0.1833815,0.3500617,0.107,0.8224711,1.093704,0.14,0.2580825,0.4728046,0.0896,0.6942007,0.6488408,,0.392944,0.2276341,0.194,0.5686625,0.572175,0.357,0.2680362,0.1470906,0.113,0.2801716,0.3688435,0.111,1.7496,1.152174,0.85,0.4107187,0.3314446,0.162,1.032924,0.5367774,0.243,0.52895,0.4709373,0.224,0.07593837,0.1444556,0.0477,0.4723896,0.3856305,0.118,1.135605,1.384618,1.19,0.4720274,0.8632541,0.373,0.279005,0.1011774,0.14,0.1910196,0.231336,0.072,0.1725257,0.3761383,0.101,0.4032663,0.6281207,0.222,0.9105958,0.5025496,0.146,0.2520533,0.1833129,0.274,0.3609082,0.6331127,0.0997,0.5682389,0.8639489,0.177,0.6912934,0.5041253,0.234,0.1969996,0.2348695,0.105,0.7647924,0.7094375,0.439,0.5694675,0.5128969,0.351,0.3082602,0.3362724,0.131,0.3381141,0.3194163,0.114,1.324523,0.8578604,0.893,0.2127895,0.2773243,0.142,0.6136681,0.525364,0.338,0.5299246,0.4609653,0.241,0.4003203,0.7343759,0.236,0.2068961,0.1651784,0.0976,0.985171,0.3463098,0.142,0.2127376,0.1105792,0.0963,1.487169,3.281681,0.378
0.32,0.2185538,0.1704876,0.0704,0.1998554,0.5577398,0.2,0.7185345,0.8036987,0.313,1.120976,1.430141,0.679,0.2797539,0.4478115,0.209,0.4716224,0.4872029,0.187,0.3957856,0.6039605,0.0999,1.07481,1.015515,0.284,0.6609799,0.4303578,0.394,0.1666057,0.3260662,0.146,0.8133236,1.098843,0.145,0.2698455,0.4185633,0.0834,0.6922863,0.4913337,,0.4101599,0.2666884,0.24,0.5562307,0.5434304,0.327,0.2663518,0.1584822,0.123,0.2588925,0.3986984,0.106,1.641865,1.057771,0.921,0.3771454,0.3771344,0.155,1.109249,0.5708538,0.273,0.5694619,0.4841465,0.2,0.07442672,0.1265486,0.0408,0.4412237,0.4052557,0.15,1.134263,1.182037,1.04,0.4974783,0.9831243,0.316,0.2584624,0.1122028,0.12,0.1680404,0.2039815,0.0844,0.1220889,0.2890415,0.0897,0.3445983,0.7577128,0.248,1.037563,0.4406165,0.196,0.190073,0.229757,0.225,0.4026895,0.6214943,0.0936,0.549163,0.6554854,0.163,0.5119088,0.4570285,0.166,0.1734887,0.2014607,0.0945,1.002404,0.7676237,0.524,0.64226,0.5061702,0.391,0.3581517,0.3734083,0.146,0.3133601,0.3356943,0.118,1.395806,1.041136,0.706,0.2069346,0.2286142,0.117,0.7003301,0.4499142,0.318,0.5029541,0.4238821,0.255,0.3778256,0.5824261,0.184,0.1997512,0.1930579,0.0745,0.8844989,0.3287058,0.168,0.1865486,0.09412058,0.1,1.676754,2.987076,0.416
0.34,0.2431147,0.1697258,0.0689,0.1537563,0.5526533,0.174,0.7335494,0.9784333,0.317,1.154032,1.658962,0.698,0.2538721,0.3732739,0.189,0.4815395,0.4749015,0.181,0.3984666,0.7128091,0.116,1.311158,0.9990551,0.312,0.6445558,0.4839156,0.434,0.1937338,0.3074911,0.13,0.8222293,0.8839773,0.187,0.2287937,0.3546667,0.0887,0.6693562,0.5421557,,0.4968593,0.2622567,0.267,0.6012636,0.6621777,0.302,0.2112647,0.1505372,0.123,0.2656592,0.3845992,0.109,1.498707,1.135506,0.852,0.35976,0.4355009,0.153,1.185563,0.5532716,0.271,0.6169698,0.5441858,0.192,0.06669236,0.1248519,0.035,0.3929725,0.4831535,0.149,1.203122,1.517748,0.807,0.4980094,0.9054742,0.247,0.2067674,0.109884,0.114,0.1545269,0.1841787,0.103,0.1015884,0.2260968,0.0699,0.282356,0.783329,0.237,1.115357,0.3745507,0.194,0.1729591,0.2347202,0.207,0.4452161,0.7476419,0.0893,0.4217493,0.56836,0.172,0.44514,0.4597917,0.133,0.2057798,0.1798836,0.112,0.997111,1.03484,0.399,0.7273578,0.5430897,0.334,0.3094744,0.314869,0.146,0.3020972,0.285071,0.0926,1.390222,1.168958,0.7,0.2219225,0.2267971,0.0985,0.6651005,0.4771512,0.301,0.3850586,0.5460937,0.212,0.4834063,0.5342755,0.147,0.1733145,0.2409158,0.0682,0.7091222,0.3777909,0.154,0.1301239,0.09170024,0.0821,1.247146,2.382294,0.309
0.35,0.2860434,0.1617166,0.0807,0.1328055,0.5039343,0.143,0.8517655,0.9961982,0.307,1.194013,1.801559,0.663,0.256903,0.3468319,0.172,0.4871888,0.4361593,0.175,0.4024867,0.6649829,0.108,1.36922,0.9932958,0.302,0.5632008,0.5222098,0.396,0.2103575,0.301847,0.116,0.9489837,0.8876424,0.214,0.1905185,0.3339036,0.0866,0.6478755,0.5623177,,0.5581191,0.2630951,0.259,0.595706,0.7802789,0.287,0.1977057,0.1559583,0.121,0.2914998,0.3914205,0.121,1.434008,1.055956,0.842,0.3585254,0.4752291,0.146,1.150893,0.5351677,0.256,0.5822726,0.5274575,0.175,0.06231109,0.116431,0.033,0.4262225,0.5415892,0.159,1.234424,1.485902,0.791,0.5284547,0.814667,0.233,0.1752574,0.1188615,0.12,0.1702754,0.1830429,0.107,0.09923353,0.2051141,0.0654,0.2398589,0.7886006,0.23,1.133098,0.3759379,0.184,0.1484778,0.2486263,0.185,0.3807974,0.7303108,0.0993,0.3706903,0.5347589,0.166,0.494465,0.4544107,0.133,0.2322187,0.1788723,0.118,0.9537933,1.050772,0.373,0.8253092,0.5847408,0.268,0.2477001,0.2621777,0.132,0.2878048,0.2430739,0.102,1.380348,1.151473,0.685,0.2036364,0.2271692,0.099,0.7049146,0.4485506,0.293,0.3761044,0.5127983,0.188,0.5023037,0.5004413,0.167,0.1567066,0.2624342,0.0698,0.6069782,0.3848868,0.149,0.1291664,0.08327843,0.071,1.004897,2.240702,0.295
0.36,0.3070687,0.1528944,0.0967,0.1145907,0.4689207,0.124,0.9560831,0.9633417,0.289,1.184686,1.917759,0.608,0.2722283,0.337057,0.154,0.5140875,0.4014058,0.16,0.3802938,0.6710821,0.111,1.380873,0.9062684,0.268,0.5228066,0.5685813,0.338,0.234917,0.273323,0.103,1.066044,0.9791048,0.22,0.1634878,0.3185159,0.0878,0.6175674,0.5982491,,0.5944123,0.261415,0.235,0.5786775,0.8383917,0.258,0.1808497,0.1614522,0.117,0.310022,0.3844865,0.132,1.518,0.9235445,0.909,0.3484935,0.4918638,0.15,1.104856,0.5096687,0.28,0.5387954,0.5485593,0.155,0.06389919,0.1113285,0.0329,0.4404607,0.5612543,0.159,1.213422,1.335324,0.819,0.5235265,0.7679737,0.228,0.1750813,0.114754,0.121,0.180527,0.1815925,0.109,0.1019755,0.1927833,0.0612,0.2148176,0.7771161,0.229,1.132984,0.38104,0.182,0.1457099,0.2877646,0.153,0.3515233,0.6641486,0.105,0.3616304,0.5108226,0.158,0.5477424,0.4263945,0.127,0.2501062,0.1755339,0.126,0.8577061,1.046248,0.37,0.8491414,0.5872601,0.223,0.195306,0.2564599,0.109,0.2816259,0.2175008,0.118,1.395985,1.218642,0.668,0.175412,0.2148044,0.105,0.7302045,0.4070938,0.301,0.4110686,0.4361356,0.177,0.4971275,0.5202615,0.175,0.1458389,0.2590267,0.0701,0.5434763,0.4400124,0.147,0.1421268,0.08229957,0.0677,0.8324865,2.092192,0.262
0.38,0.2797087,0.1337776,0.111,0.1032823,0.4584618,0.137,1.08718,0.7823591,0.305,1.07147,2.032849,0.493,0.2582373,0.4013284,0.121,0.6071027,0.4306219,0.163,0.3436094,0.5216263,0.0918,1.11735,0.7403429,0.234,0.4925991,0.5948217,0.304,0.2171179,0.2602625,0.0955,1.092314,1.025128,0.219,0.1356875,0.2631434,0.102,0.7010778,0.6847942,,0.7688661,0.3307247,0.253,0.5574164,0.8627185,0.226,0.1737043,0.1976919,0.132,0.3119243,0.3751293,0.13,1.84916,0.8778139,0.928,0.3785532,0.4431654,0.195,0.9852622,0.6318358,0.269,0.458558,0.6278945,0.166,0.06493043,0.09748813,0.0321,0.4193379,0.5115159,0.139,1.144373,1.000816,0.732,0.4222359,0.8078849,0.259,0.185173,0.09355212,0.109,0.1719881,0.1628547,0.0974,0.1169375,0.1820643,0.0535,0.2580277,0.7537464,0.21,1.084195,0.3562962,0.202,0.1534232,0.3480261,0.12,0.393807,0.6149495,0.108,0.4167157,0.4512715,0.185,0.5624426,0.4318293,0.112,0.2570666,0.1455541,0.127,0.8392556,1.077759,0.347,0.7391067,0.6641714,0.202,0.2248487,0.3040524,0.105,0.2854393,0.2174725,0.114,1.546691,1.509895,0.574,0.1461972,0.1959507,0.126,0.6371378,0.3740246,0.312,0.5382856,0.3592458,0.186,0.4418266,0.4488568,0.213,0.1556529,0.2074779,0.0757,0.523721,0.6020432,0.151,0.1548572,0.07169191,0.0581,0.7313557,1.835365,0.232
0.4,0.206157,0.1273976,0.111,0.1161863,0.4036803,0.129,1.118103,0.6450217,0.295,0.9194401,1.988128,0.402,0.252231,0.3788099,0.118,0.6498733,0.4251251,0.233,0.4045911,0.4556746,0.0792,0.8019304,0.8291777,0.217,0.6265538,0.5958585,0.296,0.209515,0.2828724,0.102,0.9169813,0.8459795,0.202,0.1372953,0.2368184,0.1,0.6453155,0.6714147,,0.7445257,0.3077991,0.261,0.5449135,0.7871991,0.255,0.1965202,0.1951109,0.166,0.3100182,0.4454299,0.121,2.0214,1.078187,0.91,0.4096567,0.4554126,0.241,0.885604,0.6056784,0.233,0.4594142,0.6865332,0.175,0.05951132,0.08778821,0.0334,0.3717206,0.481943,0.146,1.078269,1.007185,0.679,0.3812691,0.7641481,0.218,0.1816633,0.09859968,0.103,0.1430656,0.1449536,0.0774,0.1266071,0.1744722,0.0512,0.3071368,0.6929204,0.196,1.002935,0.3034325,0.252,0.152138,0.3555005,0.114,0.3807931,0.5326329,0.0932,0.4749432,0.4720047,0.211,0.5435778,0.4176797,0.115,0.254128,0.1621222,0.102,0.8366125,1.174411,0.387,0.6975244,0.7383108,0.202,0.2114915,0.2841607,0.0927,0.2526088,0.2158829,0.109,1.743931,1.424811,0.474,0.1252382,0.2102237,0.14,0.5972881,0.4319258,0.33,0.5881305,0.3832768,0.197,0.4781843,0.4206398,0.239,0.1358225,0.2098644,0.0904,0.4419416,0.672343,0.123,0.1221006,0.06392001,0.0451,0.6755145,1.57413,0.229
0.42,0.1541033,0.1222882,0.11,0.1254834,0.3243376,0.105,1.084152,0.5774179,0.259,0.8423524,1.85138,0.341,0.2932481,0.3076692,0.132,0.5677845,0.4738283,0.272,0.3838699,0.3724922,0.073,0.8629141,0.7885488,0.199,0.6760813,0.6261978,0.262,0.1959422,0.2772151,0.0908,0.7972648,0.6964413,0.207,0.1278302,0.2178077,0.103,0.5371697,0.5323018,,0.5912313,0.2959195,0.195,0.4940476,0.8826983,0.208,0.1940888,0.186652,0.172,0.2944728,0.5695201,0.137,2.159365,1.130045,0.93,0.4267812,0.4276739,0.265,0.7893042,0.4984235,0.234,0.4693878,0.7647673,0.184,0.04885726,0.08185039,0.0377,0.3179545,0.4251437,0.142,0.9657459,0.8791509,0.659,0.3389822,0.8493171,0.27,0.1969456,0.1077649,0.119,0.1059063,0.1174693,0.063,0.1314416,0.169435,0.0517,0.3221732,0.5496351,0.2,0.9187391,0.2572046,0.248,0.1335319,0.2761972,0.0961,0.406803,0.480952,0.0996,0.4367614,0.498689,0.166,0.4160793,0.4314321,0.12,0.2228518,0.1533018,0.113,0.6921384,1.213418,0.445,0.8081833,0.8669012,0.209,0.1660179,0.2478394,0.104,0.2001189,0.1819196,0.113,1.942345,1.495438,0.457,0.1184613,0.2160286,0.133,0.4413296,0.384251,0.268,0.5149343,0.3915139,0.191,0.4230243,0.5237475,0.21,0.1351463,0.1819444,0.084,0.3919913,0.6466466,0.112,0.1187459,0.06614897,0.0408,0.7168578,1.366306,0.24
0.44,0.1280054,0.1128836,0.109,0.1212544,0.2886871,0.0897,1.008628,0.5576899,0.223,0.7648484,1.70691,0.3,0.259681,0.3093833,0.139,0.497227,0.5660347,0.268,0.3472349,0.3052998,0.0793,0.7400368,0.5182641,0.157,0.673858,0.5395554,0.272,0.1917935,0.250245,0.0862,0.8210982,0.6723259,0.204,0.1258843,0.1942542,0.0998,0.496663,0.4206511,,0.5500392,0.2967393,0.173,0.4226812,0.8104305,0.207,0.2075567,0.1622682,0.147,0.3125763,0.6380215,0.144,2.359993,0.9950273,1.05,0.4060638,0.3947907,0.249,0.6991879,0.5447087,0.243,0.3827568,0.5829996,0.18,0.04752226,0.08524767,0.0358,0.2936984,0.4073145,0.149,0.8586475,0.8692299,0.62,0.3255335,1.083938,0.361,0.2283926,0.09261777,0.137,0.09618618,0.0943235,0.0531,0.1302435,0.1659809,0.0533,0.3255743,0.3728732,0.18,0.8601975,0.2657641,0.216,0.1117792,0.2128205,0.0726,0.365633,0.5422545,0.105,0.346259,0.5215008,0.15,0.407059,0.5043049,0.116,0.2382725,0.1635155,0.13,0.6542569,1.097282,0.367,0.821298,0.8945338,0.172,0.1751387,0.2573883,0.135,0.1748892,0.183222,0.105,2.100354,1.540885,0.45,0.1275515,0.2269592,0.125,0.4245156,0.445381,0.294,0.5301673,0.3477169,0.15,0.3587236,0.4972325,0.194,0.1393802,0.1649783,0.0774,0.3170862,0.4487226,0.109,0.1185825,0.06273176,0.0425,0.7568321,1.014426,0.233
0.45,0.1182771,0.1049905,0.106,0.1109886,0.2921866,0.0807,0.9586406,0.5595883,0.221,0.7264722,1.635059,0.279,0.2312931,0.3052352,0.142,0.4433422,0.5877651,0.254,0.3271334,0.2736619,0.076,0.682355,0.4311322,0.135,0.6341527,0.5129373,0.26,0.1796076,0.2639143,0.0934,0.7853746,0.6890318,0.2,0.1162527,0.1868278,0.0988,0.4545707,0.3882601,,0.489898,0.2929362,0.171,0.4120056,0.7591876,0.206,0.2121744,0.156434,0.134,0.3509347,0.699803,0.161,2.490643,0.9565048,1.03,0.373538,0.387817,0.221,0.6042243,0.5617834,0.267,0.3990242,0.493633,0.184,0.04486213,0.0789583,0.0329,0.2997979,0.3677855,0.146,0.7957623,0.9137652,0.59,0.3427736,1.134034,0.371,0.2421215,0.08419176,0.145,0.0905215,0.08684038,0.0507,0.1273195,0.1741782,0.054,0.3322932,0.3725339,0.158,0.8354796,0.2699454,0.205,0.09606507,0.1829299,0.0674,0.3301296,0.5386382,0.101,0.3000415,0.5345578,0.158,0.4418661,0.513545,0.124,0.246763,0.1576782,0.132,0.7148944,1.010735,0.337,0.827025,0.8468082,0.169,0.1942363,0.2794699,0.149,0.1654268,0.1957207,0.106,2.170474,1.539859,0.474,0.1296527,0.244172,0.116,0.4143007,0.4715386,0.294,0.5293313,0.3658119,0.139,0.36274,0.4291707,0.194,0.1345118,0.16782,0.0819,0.3015643,0.4107293,0.108,0.1189208,0.06255499,0.0375,0.7187198,0.9046314,0.22
0.46,0.1107203,0.09753998,0.101,0.1043485,0.2896267,0.0712,0.9021696,0.573402,0.215,0.6876112,1.554566,0.257,0.2126789,0.2990572,0.141,0.3981905,0.5742814,0.242,0.299476,0.2701257,0.0758,0.6148664,0.3799966,0.126,0.6007836,0.5466506,0.256,0.1624527,0.2937844,0.105,0.6940178,0.684507,0.189,0.1089247,0.1846229,0.1,0.4189188,0.3843983,,0.4497293,0.282324,0.164,0.4426455,0.6924807,0.199,0.2082407,0.1508214,0.134,0.3819615,0.7725055,0.185,2.505514,0.9518756,1,0.3474909,0.3675406,0.2,0.5465743,0.5521799,0.282,0.386101,0.4278642,0.178,0.04084852,0.07035916,0.0367,0.3148666,0.3411395,0.14,0.7325432,0.93982,0.543,0.3723632,1.193876,0.357,0.2471174,0.08032572,0.153,0.08539367,0.08401956,0.0496,0.1229551,0.1834657,0.0547,0.3322638,0.3672495,0.151,0.8068654,0.273435,0.189,0.09557007,0.1795823,0.06,0.3031634,0.5196565,0.0931,0.2602148,0.5500548,0.163,0.4662869,0.5328085,0.133,0.2457004,0.1768548,0.129,0.7415887,0.9054161,0.306,0.8234011,0.8087104,0.167,0.2053262,0.3241491,0.154,0.1652923,0.2015078,0.105,2.235272,1.541656,0.538,0.1233727,0.2540852,0.116,0.436419,0.4738941,0.275,0.5262035,0.392,0.149,0.3758272,0.3543745,0.196,0.1235145,0.1700914,0.086,0.296998,0.4112657,0.0996,0.1189977,0.06046729,0.0335,0.6485884,0.8397323,0.2
0.48,0.09221949,0.08208748,0.0809,0.09768458,0.2614473,0.0612,0.7757542,0.5674829,0.19,0.6178313,1.369447,0.232,0.2232938,0.2847989,0.131,0.3642079,0.521019,0.216,0.2625824,0.2714122,0.0828,0.559466,0.327853,0.14,0.634597,0.6395867,0.278,0.1522497,0.3097091,0.132,0.6012091,0.5742412,0.168,0.1101524,0.1886158,0.0917,0.4303522,0.3892038,,0.3818978,0.3054656,0.146,0.4807516,0.5775955,0.182,0.21523,0.154774,0.14,0.4086654,0.9066596,0.222,2.263417,0.9097052,0.899,0.3203714,0.2969296,0.236,0.5518633,0.4779959,0.249,0.4016746,0.3831991,0.158,0.03721704,0.06549904,0.0405,0.3079905,0.3534028,0.153,0.6765237,0.9175836,0.505,0.4094526,1.337168,0.31,0.2397372,0.06826191,0.165,0.07836141,0.08783931,0.0433,0.1142542,0.1991742,0.0553,0.3053783,0.3576572,0.115,0.752057,0.2746321,0.19,0.07827054,0.1599701,0.0549,0.2988736,0.5166462,0.0748,0.2270295,0.5679324,0.161,0.4657197,0.5805056,0.135,0.2622415,0.2124261,0.115,0.7634941,0.7262779,0.264,0.8152888,0.7134607,0.155,0.2075113,0.3378707,0.158,0.2039016,0.2104992,0.102,2.337665,1.626387,0.67,0.1037109,0.2396273,0.123,0.4565513,0.4493492,0.213,0.5581624,0.4039415,0.163,0.4151439,0.3560362,0.188,0.1157483,0.1685433,0.0851,0.2939392,0.3561089,0.0865,0.1154821,0.05658977,0.0348,0.5712762,0.700322,0.157
0.5,0.07549434,0.07108928,0.0624,0.09047659,0.222892,0.0629,0.6605702,0.5823734,0.157,0.5554193,1.202356,0.22,0.2289061,0.2723385,0.12,0.4088819,0.4786759,0.198,0.2732648,0.2570538,0.08,0.5087714,0.3280417,0.127,0.5960391,0.7199137,0.291,0.1502241,0.2943502,0.147,0.7077233,0.4737871,0.16,0.1279243,0.1857831,0.0803,0.4878648,0.3775659,,0.3541555,0.3141357,0.137,0.4959972,0.4741175,0.205,0.2255288,0.1761799,0.161,0.3987039,1.003445,0.225,1.844958,0.8601503,0.808,0.3492108,0.2176755,0.243,0.5834805,0.4490808,0.229,0.4775025,0.4478583,0.15,0.03897573,0.06619823,0.0337,0.2612071,0.4202576,0.167,0.6362801,0.9476469,0.513,0.4099668,1.419974,0.29,0.2266942,0.0629888,0.167,0.07076004,0.09099977,0.0435,0.1084258,0.2078333,0.0512,0.2646972,0.333672,0.0811,0.7000082,0.2704924,0.179,0.06749295,0.1669017,0.0584,0.3318124,0.5058886,0.0827,0.2707823,0.5723413,0.162,0.4462476,0.631727,0.136,0.2416556,0.2207814,0.109,0.7616807,0.6912109,0.245,0.8832081,0.8223491,0.136,0.1996759,0.3196548,0.165,0.2241058,0.1945219,0.118,2.391369,1.746854,0.625,0.1137933,0.1815896,0.125,0.4155468,0.3678477,0.187,0.5934292,0.3310875,0.164,0.4428246,0.3614468,0.193,0.1124532,0.1583154,0.0842,0.3000077,0.3064305,0.0844,0.1159564,0.0568756,0.0345,0.4669858,0.5832553,0.117
0.55,0.06898786,0.0531561,0.0537,0.05665083,0.196889,0.072,0.4736781,0.5729227,0.111,0.4018995,0.8245043,0.203,0.2230554,0.3081667,0.115,0.4457452,0.5898813,0.161,0.1841536,0.2034865,0.0654,0.382932,0.2722291,0.1,0.4900945,0.7434621,0.24,0.1683952,0.294545,0.147,0.7219074,0.4833198,0.151,0.1377787,0.2016748,0.114,0.5237462,0.2481606,,0.308515,0.2882024,0.175,0.5134317,0.3843146,0.234,0.2643672,0.1639143,0.158,0.3780974,0.7973964,0.156,2.036126,0.6767182,0.801,0.2902937,0.1870594,0.163,0.5529581,0.3862264,0.234,0.4927806,0.4500165,0.181,0.05204971,0.0436507,0.0315,0.3005173,0.3173206,0.115,0.5592761,0.7835065,0.577,0.4030229,1.084933,0.247,0.1869135,0.07341564,0.151,0.04714902,0.08626981,0.0448,0.1022173,0.2010617,0.0452,0.1936288,0.3693472,0.0594,0.5828315,0.3375671,0.16,0.05449643,0.1927894,0.0551,0.4768453,0.5088907,0.0765,0.251267,0.6173184,0.196,0.3996035,0.5477824,0.146,0.2384759,0.3086548,0.12,0.7689293,0.7981826,0.229,0.9837686,1.086886,0.15,0.2051435,0.317043,0.117,0.2108346,0.1650117,0.168,2.718649,1.962832,0.411,0.1115097,0.1479368,0.111,0.4357415,0.3234991,0.141,0.3772972,0.315598,0.185,0.3900461,0.4652422,0.177,0.1253674,0.1855246,0.112,0.2445264,0.4102605,0.0639,0.07495251,0.05761078,0.0309,0.4093878,0.5445797,0.123
0.6,0.06890302,0.06475846,0.041,0.05396858,0.2140195,0.0907,0.3303604,0.5062922,0.0878,0.3132238,0.5772552,0.166,0.2614359,0.3078656,0.137,0.494742,0.5049419,0.176,0.1657486,0.1779706,0.0715,0.2674508,0.2429108,0.0705,0.4456861,0.7854068,0.22,0.133189,0.2576986,0.101,0.5792096,0.5100974,0.132,0.1341115,0.1484588,0.0943,0.5165855,0.246748,,0.26229,0.3697334,0.17,0.5549382,0.3511912,0.209,0.2732276,0.1275498,0.118,0.3180843,0.5736441,0.117,1.780131,0.9262014,0.622,0.4758703,0.1973387,0.155,0.4884495,0.3232035,0.172,0.4319992,0.4189299,0.185,0.06601515,0.04615593,0.0451,0.2563364,0.2607704,0.0851,0.6768752,0.6319045,0.517,0.3744747,0.5973693,0.15,0.1514605,0.06539514,0.105,0.03764929,0.08742996,0.0602,0.1070772,0.1818586,0.037,0.148066,0.3372729,0.0711,0.4864838,0.3747108,0.119,0.06201312,0.1980321,0.0633,0.4543787,0.6043287,0.0658,0.1890463,0.5593097,0.236,0.5978537,0.5812586,0.119,0.2841793,0.269145,0.105,0.6522921,0.9621878,0.22,1.551664,1.481795,0.114,0.1464467,0.2392654,0.0965,0.255693,0.1442027,0.15,2.973432,2.408598,0.393,0.1012039,0.2136753,0.142,0.4206598,0.2780018,0.193,0.3175862,0.3098416,0.141,0.2888811,0.3090175,0.182,0.1178371,0.170272,0.105,0.2446258,0.3428948,0.0559,0.05979626,0.04531259,0.0326,0.3414864,0.3963636,0.132
0.65,0.06982177,0.056971,0.0378,0.06510438,0.1696111,0.0953,0.3132843,0.4038454,0.0645,0.3214875,0.3776219,0.122,0.2601503,0.2414815,0.142,0.588432,0.3974876,0.22,0.1265357,0.195411,0.067,0.2532069,0.162016,0.0688,0.4273549,0.7732515,0.198,0.1164355,0.2215016,0.0905,0.5047035,0.4090925,0.129,0.1038269,0.1008243,0.06,0.3594858,0.2316207,,0.2614937,0.3818669,0.183,0.7922155,0.3933696,0.287,0.2411906,0.145692,0.131,0.2782295,0.4437104,0.103,1.822816,0.6913445,0.533,0.5261726,0.2141031,0.147,0.5456219,0.318632,0.206,0.4538589,0.399457,0.188,0.05773479,0.05807806,0.047,0.1933985,0.2458204,0.0772,0.7492633,0.532279,0.432,0.3352465,0.4602888,0.16,0.1360414,0.05019453,0.0801,0.03751401,0.07598693,0.0447,0.08677008,0.1425067,0.0351,0.1370691,0.2577065,0.0815,0.4105975,0.3803611,0.109,0.0606914,0.1934326,0.0548,0.3726957,0.4724918,0.0754,0.1670593,0.5396809,0.21,0.6937777,0.4457367,0.1,0.334948,0.251727,0.107,0.6948141,0.6032385,0.222,1.91883,1.825467,0.101,0.1173036,0.2138329,0.108,0.2807391,0.1747716,0.156,2.700672,2.74939,0.298,0.0882987,0.1449996,0.14,0.4698923,0.3882593,0.212,0.2633483,0.3411252,0.158,0.2216454,0.2122476,0.149,0.1661384,0.1356272,0.0884,0.1901515,0.202206,0.0677,0.06660649,0.03756133,0.0423,0.2993614,0.3759799,0.144
0.667,0.06872614,0.06171354,0.0372,0.06556727,0.1618212,0.0904,0.3053223,0.3705099,0.0549,0.3223347,0.3316384,0.114,0.2462939,0.2270699,0.138,0.5285136,0.3556515,0.203,0.1171138,0.1744862,0.0643,0.2564925,0.1512087,0.0721,0.4425208,0.7506115,0.186,0.1116711,0.2221688,0.103,0.4593216,0.4259524,0.134,0.1007608,0.09043171,0.0579,0.382332,0.2256714,,0.2431696,0.3586982,0.18,0.8035013,0.4419679,0.333,0.2352255,0.1523423,0.134,0.2845538,0.5093251,0.0982,1.915819,0.7292922,0.521,0.5130421,0.2219965,0.163,0.5822754,0.3234092,0.214,0.5049463,0.3693758,0.183,0.05373989,0.06141313,0.046,0.1759788,0.2399535,0.0797,0.7615529,0.4813137,0.475,0.3232355,0.4268428,0.169,0.1300768,0.05020703,0.0741,0.0343452,0.0718404,0.0381,0.07477488,0.141675,0.0323,0.1236199,0.2290924,0.085,0.3896041,0.3769281,0.112,0.06615751,0.1751022,0.0473,0.3484483,0.4627928,0.0774,0.1489488,0.5372854,0.191,0.6380893,0.4205541,0.104,0.3374608,0.2441072,0.103,0.672382,0.5906568,0.218,1.949975,1.788104,0.114,0.1266276,0.2265515,0.109,0.2712062,0.184584,0.156,2.537386,2.665644,0.293,0.08130158,0.1438044,0.136,0.4287249,0.371697,0.205,0.2660825,0.3795445,0.154,0.2167508,0.2095561,0.148,0.1781034,0.1331533,0.089,0.1702151,0.1867677,0.0747,0.06634265,0.03463712,0.0434,0.2752681,0.3581376,0.169
0.7,0.06512737,0.06589405,0.0333,0.07411084,0.1870144,0.0769,0.2903643,0.3127557,0.045,0.3047973,0.2970674,0.106,0.2232733,0.2000508,0.103,0.4436295,0.2902753,0.173,0.1138637,0.1666261,0.0676,0.2279496,0.1332471,0.0737,0.4528251,0.6806104,0.168,0.1226968,0.2430721,0.118,0.4185539,0.5296889,0.153,0.08313415,0.07470564,0.0503,0.4152079,0.1848081,,0.1789522,0.2756479,0.164,0.7226419,0.5249389,0.38,0.2883165,0.1207412,0.121,0.3049372,0.5090897,0.0915,1.956309,0.9096024,0.486,0.4863345,0.2327249,0.197,0.5463771,0.3402697,0.208,0.5714028,0.3389583,0.202,0.04395268,0.05904636,0.0479,0.1582912,0.1928884,0.0997,0.8134103,0.4410818,0.477,0.3098165,0.3950081,0.183,0.1152363,0.0478847,0.0609,0.03049022,0.06322559,0.0302,0.06496785,0.1480438,0.0268,0.09390125,0.202285,0.0796,0.3669332,0.3687105,0.117,0.07379839,0.1312757,0.0427,0.2920254,0.4376238,0.0711,0.1739903,0.5071082,0.165,0.4663298,0.3234721,0.0978,0.2939674,0.2419363,0.0864,0.7371725,0.5784873,0.202,1.621496,1.490756,0.117,0.1417434,0.2420143,0.111,0.2407279,0.1849907,0.134,2.163471,2.209059,0.292,0.07659656,0.1424403,0.136,0.3408062,0.3129278,0.196,0.3135392,0.4057233,0.162,0.2321685,0.2083349,0.171,0.1703749,0.116364,0.0862,0.174152,0.1774513,0.0717,0.07573254,0.03333676,0.0404,0.2833848,0.317007,0.185
0.75,0.0581579,0.0635851,0.037,0.08753564,0.228251,0.0659,0.2674104,0.2458905,0.0466,0.2565533,0.2758219,0.0965,0.1581529,0.1712604,0.0947,0.3273402,0.2521779,0.186,0.1081606,0.1402484,0.0556,0.207009,0.1115885,0.0673,0.3993962,0.5612717,0.173,0.1543027,0.2221822,0.083,0.5331419,0.4921122,0.113,0.05906738,0.0588175,0.0442,0.3183712,0.1721349,,0.1418646,0.1909368,0.131,0.5312354,0.5780253,0.368,0.3568133,0.102704,0.116,0.2841267,0.6809902,0.095,2.295456,1.138644,0.593,0.4380536,0.2207349,0.206,0.4894182,0.3707709,0.231,0.5823358,0.3173546,0.189,0.03878988,0.04873615,0.0503,0.1268782,0.1550466,0.103,0.6683314,0.5877596,0.45,0.3101153,0.3398983,0.199,0.09004043,0.04375015,0.0636,0.0384046,0.0538902,0.028,0.06209519,0.1531697,0.0198,0.06080731,0.1645153,0.0608,0.3351982,0.3426901,0.152,0.05619249,0.09158709,0.0476,0.2845358,0.3881549,0.0763,0.1502414,0.4370597,0.169,0.3063205,0.2134813,0.0849,0.2487924,0.1932281,0.0613,0.6859213,0.576358,0.201,1.03012,1.170287,0.095,0.1182012,0.2193692,0.107,0.2173296,0.1721817,0.145,1.600362,1.558139,0.24,0.0938959,0.1182212,0.106,0.2348645,0.2256887,0.184,0.2805685,0.336037,0.166,0.2109976,0.1725291,0.196,0.1610467,0.1234519,0.0921,0.1820567,0.1505594,0.0653,0.07544488,0.04128328,0.0293,0.3553412,0.4502814,0.203
0.8,0.05358788,0.05958666,0.0326,0.07668174,0.2266634,0.053,0.2425014,0.1994025,0.0497,0.2248437,0.2764071,0.0845,0.1525663,0.1608279,0.0813,0.3024359,0.2844855,0.22,0.1106858,0.1656261,0.0585,0.2214045,0.1114316,0.0677,0.407969,0.4011631,0.177,0.1541165,0.2362051,0.065,0.435059,0.3971457,0.107,0.0542053,0.05354612,0.0492,0.2377133,0.1974272,,0.1765342,0.1665532,0.155,0.5847831,0.6002564,0.274,0.4413257,0.1019909,0.124,0.291106,0.6607006,0.0889,2.857245,0.9782395,0.519,0.3592088,0.1687938,0.191,0.4789222,0.2758363,0.203,0.6214956,0.3394695,0.173,0.03854924,0.05777341,0.0547,0.1270362,0.1663032,0.0833,0.6400973,0.4998016,0.427,0.3471219,0.2958696,0.188,0.07082931,0.04414839,0.076,0.04410587,0.05730557,0.0246,0.06326365,0.1507277,0.018,0.04868104,0.1356156,0.0564,0.3012857,0.3197777,0.17,0.0519437,0.06535371,0.0382,0.3254116,0.4282587,0.0656,0.1855585,0.3681143,0.169,0.253084,0.1746781,0.0624,0.2047756,0.1551072,0.0611,0.6131358,0.5668735,0.224,0.8186304,0.9447763,0.0749,0.09796637,0.2495564,0.11,0.2330595,0.1590277,0.174,1.160868,1.494512,0.254,0.1172107,0.09881707,0.0776,0.2155811,0.2196161,0.177,0.2440344,0.2486771,0.129,0.1604065,0.1360918,0.143,0.1653093,0.1436459,0.109,0.1370791,0.1626338,0.0546,0.07188899,0.03675582,0.0299,0.3025292,0.3602599,0.137
0.85,0.05008394,0.05535086,0.0396,0.06389215,0.2018989,0.0432,0.2300892,0.1654656,0.0467,0.1930324,0.3048783,0.0739,0.1460397,0.1636466,0.0676,0.3196522,0.3726671,0.183,0.1124672,0.1898859,0.0479,0.2512689,0.1337242,0.0559,0.3294379,0.4427965,0.159,0.1283584,0.2520868,0.0714,0.4071761,0.3907941,0.0943,0.04075874,0.04824849,0.0465,0.2585189,0.2260386,,0.1840928,0.1704505,0.14,0.6361006,0.4724892,0.236,0.3430268,0.1182414,0.109,0.2944973,0.5994366,0.0785,3.321347,0.8282126,0.534,0.3096264,0.1571543,0.188,0.4927219,0.2088915,0.246,0.667563,0.4372553,0.166,0.04082085,0.05029693,0.0471,0.1354304,0.1718454,0.0795,0.5773455,0.4031433,0.331,0.3013581,0.3383938,0.159,0.05754532,0.04501277,0.0803,0.04293068,0.06110001,0.0251,0.06243389,0.144635,0.0175,0.05201798,0.1173144,0.0447,0.2795765,0.2967723,0.151,0.05317489,0.05857461,0.0331,0.3126791,0.365719,0.0584,0.1932251,0.3088731,0.153,0.225622,0.1573522,0.0654,0.1861554,0.1453151,0.0628,0.4689963,0.4913119,0.225,0.579106,0.5967176,0.0731,0.09779023,0.2416617,0.117,0.2720504,0.1342624,0.187,1.419654,1.517726,0.221,0.1138586,0.1041064,0.0701,0.2343657,0.2533143,0.148,0.3046663,0.2089327,0.15,0.1498646,0.1554367,0.116,0.1742931,0.1890382,0.119,0.1262119,0.1239509,0.0652,0.05478384,0.03499169,0.0267,0.2338136,0.2523439,0.119
0.9,0.04703462,0.05137581,0.0422,0.0678605,0.187511,0.0469,0.2393716,0.1446304,0.051,0.1587061,0.3200323,0.0665,0.1522658,0.1676891,0.059,0.2694187,0.4052208,0.196,0.1047996,0.1890799,0.04,0.2244671,0.1238968,0.0452,0.2007239,0.447088,0.143,0.1131819,0.2102523,0.0633,0.3436848,0.3761403,0.063,0.03752885,0.04177399,0.0419,0.2287476,0.2144069,,0.160259,0.1771706,0.0969,0.6694981,0.429824,0.22,0.2984678,0.1247152,0.0819,0.2675161,0.5085309,0.0837,3.508833,1.098192,0.403,0.2515986,0.1571266,0.157,0.4672605,0.2376558,0.276,0.6671316,0.4482906,0.16,0.03601203,0.04256697,0.042,0.1104033,0.1544264,0.0742,0.4543637,0.4425897,0.301,0.2904164,0.3500251,0.134,0.04993313,0.05238115,0.0799,0.04833059,0.06869493,0.022,0.06289248,0.1354633,0.0164,0.0526525,0.1062678,0.0499,0.2651776,0.275303,0.127,0.05106209,0.04984668,0.0284,0.2871138,0.3500626,0.0627,0.1741334,0.2842293,0.113,0.204029,0.1665516,0.0574,0.1555613,0.142111,0.066,0.3732958,0.4032646,0.208,0.3853282,0.4614342,0.0635,0.1148604,0.2240829,0.121,0.3057134,0.1451299,0.146,1.471909,1.425773,0.188,0.124729,0.09702127,0.0681,0.2553016,0.2867333,0.108,0.2722313,0.2273878,0.191,0.146991,0.183259,0.105,0.1572284,0.2346418,0.123,0.1361554,0.1231779,0.0822,0.04492814,0.0342437,0.0254,0.1889804,0.2375441,0.106
0.95,0.04745367,0.04324775,0.0383,0.06995264,0.1707897,0.0456,0.246825,0.1287209,0.0524,0.1228504,0.3205087,0.0745,0.1827524,0.1881758,0.0531,0.2122607,0.3584856,0.266,0.1059069,0.2052619,0.0496,0.2600338,0.1245546,0.0467,0.1699409,0.3788462,0.121,0.1006209,0.1770485,0.0549,0.2583064,0.3365779,0.0573,0.03324258,0.03899474,0.0298,0.1947597,0.2231472,,0.1704454,0.2057872,0.0783,0.6145017,0.4176702,0.206,0.26107,0.1120571,0.0723,0.1899289,0.4094447,0.0869,3.19164,1.03391,0.296,0.1742996,0.1209247,0.111,0.4810035,0.2882452,0.243,0.6207287,0.4075702,0.16,0.03668518,0.03947087,0.0344,0.08899769,0.1531544,0.0726,0.3875226,0.5170711,0.327,0.2841403,0.3506444,0.125,0.04552441,0.05944207,0.0766,0.03734228,0.06939936,0.0232,0.06201078,0.1353401,0.0154,0.05475458,0.1047963,0.053,0.2525491,0.2597052,0.103,0.05009089,0.04472745,0.0248,0.2835442,0.3524009,0.0745,0.1379541,0.2533905,0.1,0.2002099,0.1818987,0.0538,0.1730205,0.1344783,0.065,0.4314225,0.3304671,0.179,0.3360187,0.3484181,0.0682,0.1179274,0.2065603,0.0954,0.3222446,0.1776532,0.143,1.237104,1.189412,0.176,0.1367725,0.09267806,0.0682,0.2406978,0.2887376,0.0985,0.2659552,0.2099988,0.205,0.1191593,0.1668735,0.0947,0.1525443,0.2312533,0.113,0.1298302,0.1262241,0.0933,0.04985902,0.03216656,0.028,0.2022267,0.2577905,0.0916
1,0.0465517,0.03404731,0.0352,0.06835278,0.1495248,0.0399,0.2428494,0.1138908,0.0545,0.1097466,0.3098047,0.0765,0.1983461,0.2063441,0.0551,0.1913226,0.2771842,0.287,0.0994533,0.2457647,0.0553,0.2846042,0.1117575,0.0506,0.2004944,0.318179,0.0973,0.09394894,0.1734673,0.0541,0.2297461,0.3169823,0.0547,0.03010699,0.03712898,0.0262,0.1863476,0.2375156,,0.192123,0.1993061,0.079,0.5811042,0.4024846,0.259,0.1948545,0.1061745,0.0631,0.1637606,0.2973884,0.0821,2.590636,0.8050926,0.283,0.1327231,0.09842166,0.0899,0.4284831,0.3320791,0.198,0.528688,0.3765929,0.175,0.03419339,0.03628326,0.0325,0.07596789,0.1581931,0.0739,0.354223,0.5412611,0.371,0.3495197,0.3710262,0.114,0.04204125,0.06368097,0.0712,0.03347288,0.06891362,0.0282,0.05810124,0.1324332,0.0148,0.0507546,0.1047845,0.0473,0.2371755,0.2448884,0.0974,0.04310208,0.03483541,0.0223,0.2954623,0.341259,0.0785,0.114004,0.2142913,0.0908,0.2052581,0.1549561,0.0485,0.2243982,0.1676832,0.0588,0.4924299,0.2842499,0.159,0.2991072,0.3180657,0.0746,0.1182102,0.2037432,0.0713,0.3070182,0.1943313,0.163,0.8642995,1.002872,0.162,0.1392713,0.1009212,0.0736,0.2426572,0.280467,0.139,0.2909124,0.2278928,0.194,0.1081798,0.1671162,0.0898,0.1490731,0.1971407,0.141,0.1634487,0.1269637,0.1,0.04397471,0.02899485,0.0276,0.2196904,0.2280144,0.0888
1.1,0.04004722,0.02988181,0.0214,0.06998635,0.1282689,0.0465,0.2241261,0.09318221,0.0504,0.1017316,0.2645313,0.0771,0.1589663,0.2226827,0.0596,0.1455426,0.1823984,0.219,0.06793862,0.2395552,0.0652,0.2615865,0.08603345,0.0745,0.2142307,0.3161395,0.077,0.1128075,0.1621968,0.0302,0.2314963,0.2886313,0.0486,0.03689191,0.02632853,0.027,0.1712317,0.2505026,,0.1630627,0.1630319,0.0693,0.7022263,0.3683647,0.293,0.1937162,0.1373045,0.0667,0.2308641,0.2499029,0.0531,2.342002,0.7809823,0.214,0.117803,0.07418518,0.109,0.3665208,0.3723545,0.193,0.4091767,0.2745896,0.164,0.04134472,0.03005574,0.0322,0.04812496,0.1423281,0.0821,0.226424,0.4771459,0.393,0.4369853,0.4720218,0.0912,0.0367147,0.06524901,0.0676,0.02705558,0.06287625,0.0307,0.0491965,0.1217871,0.0187,0.04323712,0.1179575,0.0397,0.2066412,0.2188956,0.0896,0.03064714,0.02914934,0.0193,0.2526851,0.322411,0.0669,0.09618386,0.1390807,0.0736,0.1494918,0.1176226,0.0578,0.1900132,0.2693916,0.0607,0.4613299,0.2989005,0.147,0.2283884,0.2274146,0.0568,0.0912644,0.1695043,0.0677,0.2005157,0.138012,0.134,0.5784335,0.7570198,0.128,0.09200542,0.1022101,0.0697,0.2384701,0.2715951,0.155,0.3688071,0.2758507,0.154,0.1294594,0.1396734,0.0852,0.106308,0.1558678,0.167,0.1999618,0.1452492,0.0882,0.02653661,0.02164084,0.0201,0.2128924,0.1446258,0.13
1.2,0.04237926,0.02788827,0.0179,0.06347799,0.0970124,0.0323,0.240427,0.08277003,0.0542,0.09324244,0.2620889,0.0821,0.1099024,0.2079938,0.0554,0.1409397,0.1989744,0.16,0.07347003,0.2234587,0.0635,0.2477134,0.09524789,0.0718,0.1333153,0.2508803,0.0726,0.1081081,0.1236912,0.0249,0.2013626,0.2046963,0.0526,0.04058678,0.02936646,0.0292,0.1497826,0.1865736,,0.1219662,0.1248332,0.0804,0.9213554,0.3988022,0.294,0.2217124,0.1055718,0.0618,0.2376781,0.1674937,0.0502,2.224165,0.5369197,0.201,0.1076286,0.0815753,0.0955,0.3144782,0.2742628,0.18,0.4740157,0.2264871,0.128,0.04151781,0.03002572,0.0229,0.03747033,0.1041162,0.0955,0.1622998,0.3498027,0.332,0.4288884,0.5136785,0.107,0.04074852,0.06383133,0.0672,0.0240709,0.05562153,0.0268,0.04406804,0.1125555,0.0188,0.04564828,0.1315829,0.0336,0.2315432,0.2003589,0.0688,0.02634161,0.03615755,0.0251,0.1680134,0.2221331,0.0626,0.1065514,0.09759978,0.064,0.1401256,0.1456762,0.0672,0.1673923,0.2334067,0.0805,0.3933211,0.2887355,0.119,0.2025282,0.1942142,0.0428,0.09385326,0.1644387,0.0769,0.1666915,0.09806795,0.144,0.5076295,0.5013971,0.157,0.07886064,0.06751259,0.0435,0.1962825,0.229899,0.121,0.2883571,0.3549352,0.0995,0.1030136,0.09300646,0.0779,0.1035231,0.1426701,0.12,0.2090962,0.1245585,0.104,0.03051101,0.02293473,0.0178,0.2153908,0.1168332,0.132
1.3,0.03597607,0.02795441,0.017,0.04617789,0.07131528,0.0245,0.239933,0.08555781,0.0604,0.08612543,0.2710127,0.0892,0.1076068,0.1741644,0.0552,0.1697194,0.1952774,0.107,0.06461161,0.1838315,0.0623,0.192759,0.07393533,0.0696,0.1149327,0.1929118,0.0661,0.07184269,0.08567802,0.0203,0.1591453,0.1330779,0.043,0.03940189,0.02630461,0.0275,0.1342173,0.1372919,,0.1151917,0.09941579,0.0664,0.8668872,0.3705287,0.278,0.2030275,0.06980755,0.0611,0.2334475,0.1300874,0.0433,1.743702,0.5312519,0.21,0.1166164,0.0665656,0.0837,0.2810383,0.2918771,0.19,0.5754212,0.2160818,0.11,0.04101657,0.03929515,0.0248,0.04893714,0.09536571,0.081,0.211613,0.3149995,0.363,0.3702359,0.510888,0.126,0.0414561,0.06166217,0.0581,0.02651746,0.054535,0.0215,0.04169993,0.09941191,0.0192,0.05118409,0.1389312,0.0294,0.1413669,0.1758464,0.0598,0.02033808,0.02981919,0.027,0.1148699,0.1231024,0.0614,0.07718486,0.08308222,0.0566,0.1463634,0.119045,0.0762,0.1932625,0.3057336,0.115,0.3617123,0.2230133,0.123,0.2192097,0.1649365,0.0284,0.09346498,0.187898,0.0673,0.1497365,0.09709482,0.132,0.5296526,0.4683175,0.174,0.07127324,0.05969788,0.0435,0.1864529,0.2319599,0.0864,0.3571285,0.2944453,0.0918,0.07294471,0.0772115,0.0877,0.1301326,0.1196547,0.095,0.1902785,0.1084092,0.119,0.02649582,0.02480349,0.0165,0.1947449,0.1260437,0.136
1.4,0.03608081,0.03014924,0.0171,0.03497783,0.05535669,0.023,0.2246311,0.08511598,0.0566,0.08088683,0.2485456,0.0771,0.1025782,0.1557344,0.0532,0.1577219,0.1789286,0.0763,0.06976336,0.1223506,0.048,0.1383136,0.0747745,0.0608,0.1302252,0.1998049,0.0591,0.05385368,0.06691785,0.0211,0.1410764,0.1360732,0.0329,0.0409851,0.02495519,0.0205,0.1324448,0.1331533,,0.121122,0.07386917,0.0458,0.7242705,0.3921129,0.221,0.1847702,0.07005748,0.0576,0.18979,0.1069548,0.0577,1.44539,0.3522681,0.21,0.1062684,0.05660017,0.0851,0.2569306,0.2476734,0.176,0.533355,0.209714,0.136,0.03538123,0.04288004,0.0315,0.06080636,0.111512,0.0572,0.2162782,0.4136255,0.345,0.3161426,0.486695,0.115,0.03692962,0.05985876,0.0566,0.03112951,0.05025013,0.0194,0.03844623,0.08843557,0.0221,0.0579917,0.148305,0.0346,0.1536089,0.150498,0.0863,0.01620256,0.02819151,0.0182,0.1120164,0.1012204,0.05,0.06680682,0.07904293,0.0522,0.1436859,0.1111732,0.0753,0.1657082,0.2940336,0.136,0.2726859,0.1575616,0.106,0.180961,0.1689512,0.0295,0.1017908,0.1954781,0.0526,0.1334522,0.1104111,0.117,0.4239472,0.5181952,0.154,0.05660892,0.0560713,0.0572,0.155404,0.2552706,0.112,0.2958274,0.2752931,0.107,0.0571635,0.08181857,0.0727,0.1381407,0.1242794,0.115,0.1400478,0.09208634,0.0873,0.02249211,0.02003969,0.0172,0.2560592,0.1416418,0.104
1.5,0.03236996,0.02984652,0.0183,0.0276715,0.04532542,0.0205,0.2005003,0.08173874,0.0449,0.07692007,0.2270951,0.0599,0.1199,0.1309666,0.0607,0.1400061,0.1779633,0.0704,0.05444744,0.0977165,0.0439,0.1112772,0.06099511,0.0536,0.1611507,0.2171091,0.0456,0.05309615,0.066607,0.0247,0.1486027,0.1454529,0.0299,0.03499086,0.02519482,0.0173,0.1292213,0.1240278,,0.1111854,0.07049573,0.0345,0.5497968,0.3243519,0.178,0.1429591,0.05815624,0.0512,0.142114,0.1067213,0.0641,1.441551,0.2792757,0.227,0.07902882,0.06009563,0.0961,0.2252569,0.2431266,0.166,0.3808266,0.214657,0.166,0.03034293,0.03781186,0.0364,0.0505771,0.1163999,0.0445,0.1868003,0.4546761,0.277,0.2477165,0.4428773,0.0957,0.03218564,0.057698,0.0519,0.03536716,0.04572282,0.0175,0.03676805,0.07990154,0.0173,0.05706064,0.1527181,0.0461,0.1531771,0.1313594,0.0919,0.015234,0.02406576,0.0141,0.1129234,0.09077531,0.0416,0.07057729,0.07740971,0.0501,0.1295885,0.07928279,0.062,0.1947548,0.2869647,0.135,0.1849553,0.1595357,0.0839,0.1437774,0.1436834,0.0323,0.08097485,0.1504668,0.0437,0.1435551,0.1240793,0.0878,0.4853369,0.4189176,0.167,0.06169047,0.05610533,0.0566,0.1878515,0.2483213,0.126,0.2357488,0.2809255,0.108,0.05541474,0.0929209,0.072,0.1336154,0.1410796,0.102,0.1054449,0.08277564,0.0911,0.0192288,0.02140323,0.0183,0.2855793,0.1592171,0.07
1.6,0.03163204,0.02904668,0.0181,0.02212206,0.04044158,0.0166,0.1803046,0.07722273,0.0387,0.07339394,0.2052904,0.049,0.1252009,0.1094111,0.0533,0.1198559,0.125622,0.0756,0.04017484,0.08334928,0.0454,0.1009402,0.04690475,0.0539,0.1563829,0.1976152,0.0391,0.05265203,0.06273451,0.0212,0.1362339,0.1347052,0.0287,0.03507548,0.02505868,0.0199,0.1303633,0.1201022,,0.08652309,0.06185721,0.0326,0.3867959,0.2377395,0.135,0.102149,0.07140429,0.0587,0.09978332,0.1186865,0.0762,1.557593,0.3195733,0.221,0.06699909,0.06912907,0.0909,0.2254166,0.1997295,0.178,0.3423544,0.2039591,0.156,0.03649016,0.03433025,0.0428,0.04608551,0.08620743,0.0423,0.1790697,0.4759651,0.169,0.1927994,0.3872412,0.0893,0.03094006,0.05666625,0.0497,0.03564101,0.04291391,0.0173,0.03570197,0.07505362,0.0135,0.05001096,0.1508642,0.0484,0.1156295,0.1106101,0.0766,0.01212694,0.01671253,0.0136,0.1176774,0.08032314,0.0428,0.0705521,0.07517523,0.0485,0.1102385,0.07905208,0.0498,0.171758,0.2399902,0.11,0.1249502,0.1509085,0.0715,0.1371327,0.1265774,0.0282,0.07982286,0.1008888,0.0514,0.1267256,0.1500539,0.0931,0.4574449,0.3203142,0.224,0.06123411,0.06607266,0.0513,0.1767555,0.1972311,0.1,0.2078216,0.2268066,0.104,0.05454342,0.093766,0.0805,0.133498,0.1253944,0.0746,0.1106625,0.09375802,0.0693,0.01833563,0.02293731,0.0208,0.2500987,0.1580751,0.0557
1.7,0.02799252,0.02842188,0.0166,0.01776066,0.03585368,0.017,0.1579677,0.0727485,0.0339,0.06993742,0.1811021,0.0401,0.1173213,0.08810651,0.0388,0.102313,0.09768751,0.0812,0.04050658,0.06797177,0.0471,0.0893305,0.04651688,0.0561,0.1271325,0.1498054,0.0335,0.04876815,0.05077392,0.0166,0.1041159,0.1113904,0.0246,0.03138904,0.02507225,0.0214,0.1226235,0.1170999,,0.0693672,0.05027563,0.0308,0.2813513,0.2102533,0.0986,0.1081219,0.06821968,0.0543,0.09668298,0.1014076,0.0678,1.525763,0.3015492,0.198,0.06871893,0.06973198,0.0783,0.2229259,0.1566868,0.16,0.3618206,0.2155564,0.129,0.04058496,0.03603205,0.0428,0.03620554,0.06216983,0.0386,0.1566917,0.4655077,0.149,0.1809523,0.329133,0.0823,0.03082352,0.05634225,0.0492,0.03380865,0.04112928,0.0186,0.03453141,0.06898814,0.0136,0.05162017,0.159085,0.0435,0.09723815,0.09759335,0.0627,0.01130232,0.01329044,0.0135,0.1165847,0.07627013,0.0392,0.07155109,0.06850495,0.0362,0.09665517,0.07710319,0.0387,0.1145098,0.196657,0.0741,0.1139925,0.1529589,0.0797,0.1173246,0.1304371,0.0224,0.06570195,0.0902273,0.0495,0.1035158,0.1490617,0.0736,0.4175338,0.2321824,0.196,0.05384109,0.07061564,0.0515,0.1579766,0.175582,0.0886,0.1769018,0.212799,0.0983,0.05498581,0.08972729,0.0829,0.1104196,0.141683,0.0747,0.1252034,0.08102378,0.0492,0.01550894,0.02077923,0.0195,0.1952297,0.1261984,0.0493
1.8,0.02438955,0.02921587,0.0149,0.01753817,0.03274473,0.0204,0.136014,0.06862411,0.03,0.06851609,0.1570901,0.0359,0.09778106,0.074206,0.0315,0.09070167,0.08804734,0.0717,0.03583883,0.05131456,0.0465,0.06522004,0.04333024,0.0553,0.1016939,0.1118472,0.0315,0.04205164,0.03840614,0.0188,0.07652651,0.08703388,0.0229,0.02744871,0.02269304,0.0232,0.115985,0.120919,,0.06123789,0.05596636,0.0266,0.2527601,0.1790686,0.0949,0.0984571,0.06231831,0.0564,0.09694568,0.07054251,0.06,1.433968,0.2467224,0.153,0.07382847,0.07619866,0.0684,0.2079832,0.1218277,0.113,0.3732376,0.2142412,0.136,0.04295063,0.03385207,0.0309,0.02540347,0.04762044,0.0321,0.1539541,0.4275481,0.184,0.147111,0.2980695,0.0875,0.03532493,0.0574243,0.0504,0.03280709,0.03925517,0.0188,0.03224233,0.06369292,0.0144,0.0500894,0.138242,0.0406,0.1170176,0.08750938,0.0529,0.00973621,0.01191267,0.0117,0.1064169,0.06011983,0.0417,0.07186432,0.05903023,0.0323,0.0790496,0.07349353,0.0402,0.08164981,0.1178109,0.0487,0.1147808,0.1543941,0.0817,0.1029638,0.1004127,0.0187,0.06691854,0.08792754,0.0553,0.09934048,0.1451148,0.0662,0.3784987,0.2204662,0.148,0.05204367,0.06516524,0.0523,0.1566898,0.1827308,0.0958,0.177054,0.2163506,0.102,0.06020773,0.09049602,0.0865,0.1100315,0.1380642,0.0901,0.1332496,0.06209419,0.0431,0.01479978,0.01680102,0.0194,0.1467989,0.08928932,0.0472
1.9,0.01930721,0.02807864,0.015,0.0193067,0.02831401,0.0211,0.1157535,0.06479518,0.0287,0.06916095,0.1347506,0.0343,0.09148005,0.06754579,0.0342,0.07243764,0.08454333,0.058,0.03339958,0.04120883,0.043,0.05182718,0.04255985,0.0498,0.09530918,0.07743632,0.0291,0.03502174,0.03285184,0.0191,0.06824337,0.06824014,0.0232,0.02463543,0.0222326,0.0219,0.1233346,0.1208496,,0.06104242,0.06029144,0.0312,0.2720447,0.1704875,0.0932,0.08447309,0.0529782,0.0517,0.08572192,0.0572574,0.0502,1.353243,0.2221316,0.128,0.08716069,0.07764691,0.0631,0.1682318,0.1001654,0.1,0.3293225,0.1924233,0.128,0.0346816,0.02723276,0.0273,0.02423773,0.03655991,0.0247,0.1587479,0.4116742,0.201,0.1232902,0.2477854,0.0777,0.0414706,0.05861614,0.0531,0.03159699,0.03582685,0.021,0.03097357,0.05970027,0.0116,0.05606687,0.1235174,0.0303,0.1318852,0.09086797,0.046,0.00857709,0.01052787,0.00871,0.09189811,0.05616605,0.0396,0.07166345,0.05879621,0.0313,0.0669877,0.07755642,0.0331,0.07744805,0.08768759,0.0377,0.149509,0.1452836,0.0686,0.09128559,0.08719714,0.0216,0.05138306,0.07653321,0.0595,0.09889647,0.1412745,0.065,0.3162556,0.1873884,0.115,0.05629663,0.059801,0.0548,0.1298931,0.1926549,0.0973,0.2095142,0.2146059,0.11,0.06957535,0.09138048,0.0845,0.1153445,0.1472355,0.123,0.153871,0.06881962,0.0467,0.01429631,0.01623772,0.0282,0.1122977,0.0788669,0.0458
2,0.01601313,0.02634322,0.0143,0.01816051,0.02531522,0.0191,0.1047494,0.06111507,0.0294,0.06817998,0.1147449,0.034,0.07605556,0.06590605,0.0385,0.05850358,0.08085043,0.0484,0.02992279,0.03864736,0.0391,0.04465627,0.04122781,0.0441,0.09925922,0.07336881,0.0265,0.02858332,0.03366265,0.0221,0.07282047,0.05916177,0.0256,0.02348424,0.0241754,0.0176,0.1161374,0.1069145,,0.06525137,0.05818382,0.0302,0.2981625,0.1611922,0.092,0.08194119,0.04040214,0.0504,0.08489903,0.04452818,0.0446,1.196946,0.1994365,0.109,0.1011494,0.07068408,0.0638,0.1485699,0.1092964,0.128,0.2654311,0.1887394,0.124,0.03012945,0.0236133,0.0248,0.0208191,0.03304493,0.0185,0.1684227,0.4428958,0.207,0.09866249,0.2177692,0.0674,0.0443843,0.05910143,0.057,0.03286967,0.03200439,0.0225,0.02909991,0.05513711,0.00782,0.05279032,0.1084445,0.0307,0.1251817,0.1067166,0.0387,0.00751725,0.00843368,0.0084,0.07640552,0.0528206,0.0334,0.07789713,0.06389623,0.0311,0.05445293,0.08078302,0.0297,0.0889936,0.07986994,0.0326,0.1713054,0.1302448,0.0679,0.07120088,0.0925696,0.023,0.05304161,0.06008131,0.054,0.09837616,0.1305339,0.0588,0.2507751,0.1552233,0.0923,0.06398865,0.05569559,0.0513,0.1314706,0.1862549,0.0932,0.2057114,0.201165,0.118,0.08305143,0.1086235,0.0805,0.1320666,0.1543487,0.14,0.1624917,0.07661067,0.0417,0.01367783,0.01784325,0.0344,0.08900196,0.07179514,0.0402
2.2,0.01187706,0.02305249,0.0104,0.01316465,0.0201791,0.0124,0.09023076,0.05374677,0.0368,0.06538932,0.09468882,0.0388,0.05762428,0.04847088,0.0379,0.04257649,0.07292932,0.0457,0.02413847,0.03823787,0.0352,0.0433265,0.03173715,0.0405,0.09744483,0.08135148,0.0285,0.02067443,0.0354495,0.0183,0.07593264,0.05795978,0.0278,0.02406062,0.0260434,0.011,0.08206676,0.0785147,,0.0659031,0.04834475,0.0243,0.3059406,0.1424636,0.0833,0.07926673,0.03536771,0.0344,0.072092,0.05082276,0.0305,0.7901571,0.2382472,0.084,0.1129372,0.05059316,0.0597,0.1668922,0.1037568,0.12,0.1788082,0.1218242,0.113,0.02994992,0.0197206,0.0169,0.01945614,0.02759811,0.0169,0.2158963,0.3814951,0.17,0.1013088,0.1761973,0.0571,0.03994998,0.05614987,0.0572,0.03679113,0.02961562,0.0201,0.02410209,0.0454485,0.00687,0.0447901,0.08608508,0.0332,0.08033081,0.08649631,0.0322,0.00645449,0.00889775,0.00852,0.06002913,0.06000112,0.033,0.07024236,0.07337289,0.0293,0.05505291,0.07263234,0.0243,0.07279765,0.08429835,0.0336,0.1412462,0.09454768,0.0808,0.06672785,0.09880603,0.0185,0.0578943,0.05219825,0.0433,0.08601578,0.09048053,0.0419,0.2169186,0.162355,0.0587,0.06311297,0.05622089,0.0476,0.1838346,0.251314,0.103,0.1726146,0.1837818,0.12,0.107347,0.1022929,0.0715,0.1843785,0.1872374,0.0907,0.1602947,0.07382421,0.029,0.01398797,0.01977483,0.0302,0.06538192,0.04803092,0.0374
2.4,0.00836069,0.01899407,0.00882,0.00858797,0.01580692,0.00887,0.07452343,0.04767137,0.0482,0.05975249,0.0803453,0.051,0.04500958,0.0465116,0.0267,0.03191746,0.06257992,0.0474,0.02082409,0.02878045,0.027,0.03448823,0.02391637,0.0316,0.08072516,0.08998921,0.0318,0.02108151,0.03473478,0.0181,0.05486326,0.05297791,0.0271,0.02339414,0.0255782,0.00883,0.07098673,0.06048642,,0.05641379,0.04117366,0.0239,0.2684465,0.1481609,0.101,0.05248082,0.02657537,0.0421,0.05566625,0.03975477,0.031,0.4832204,0.2058018,0.0916,0.105333,0.03480708,0.0566,0.1486296,0.09051084,0.0826,0.1435794,0.1220838,0.175,0.02363813,0.01645117,0.0133,0.01868416,0.02392271,0.0183,0.2143177,0.341612,0.142,0.08436534,0.1330886,0.0513,0.02956693,0.05196349,0.06,0.03448595,0.03309517,0.0194,0.0243515,0.04253715,0.00718,0.04095048,0.0762312,0.0326,0.05022541,0.05666256,0.0286,0.00702897,0.00762705,0.0101,0.05584757,0.05843198,0.0215,0.06126821,0.05445304,0.0343,0.0563173,0.05712045,0.0204,0.06137313,0.07253126,0.0312,0.08303887,0.06436694,0.0567,0.05330413,0.07819832,0.0157,0.04226833,0.05512995,0.0362,0.0801491,0.08167846,0.0436,0.223877,0.1746026,0.0541,0.0757648,0.04815351,0.0503,0.1666714,0.1948169,0.0722,0.1380511,0.1832841,0.107,0.1210734,0.09983236,0.0574,0.1800486,0.2109971,0.0892,0.1466581,0.08740241,0.0267,0.01222271,0.02016849,0.0381,0.04899075,0.04683711,0.0346
2.5,0.00718761,0.01668552,0.0102,0.00714973,0.01389995,0.00767,0.06716766,0.04773494,0.0511,0.05862281,0.07327822,0.0543,0.04417984,0.04246686,0.0222,0.0315992,0.05648543,0.0474,0.01994822,0.02347667,0.0242,0.03053553,0.02086077,0.0269,0.06553032,0.08853281,0.0286,0.01855579,0.03473832,0.0175,0.04605677,0.051326,0.0278,0.01900443,0.02742189,0.0102,0.06492351,0.05008652,,0.05107567,0.03765204,0.0235,0.2676325,0.1474819,0.102,0.04720495,0.02763032,0.0431,0.05338117,0.04421345,0.0317,0.4020986,0.1964487,0.0972,0.09852038,0.02999222,0.0632,0.1408867,0.08004067,0.0837,0.1371075,0.116806,0.166,0.02163079,0.01659482,0.0146,0.0180832,0.02208455,0.0173,0.2031738,0.3267703,0.145,0.07516807,0.1157813,0.0537,0.02370916,0.04949228,0.0574,0.03180643,0.03342104,0.0194,0.02427804,0.03905108,0.00701,0.03970169,0.07419974,0.0314,0.0471295,0.04821201,0.0281,0.00768709,0.0076835,0.011,0.05361241,0.05342225,0.019,0.0642215,0.05048293,0.0363,0.05660782,0.04954046,0.0216,0.05647173,0.06133231,0.0308,0.08124269,0.0597597,0.0489,0.04985844,0.07060215,0.0153,0.03971724,0.0577302,0.0318,0.07226118,0.07032891,0.0465,0.2404715,0.1706289,0.0575,0.0837879,0.0448891,0.0485,0.1430182,0.1664334,0.0628,0.122522,0.1821658,0.099,0.1191741,0.09411741,0.0543,0.1585857,0.2256069,0.0925,0.1332227,0.08679708,0.0279,0.01023482,0.01898309,0.038,0.0410923,0.0465616,0.0347
2.6,0.00653079,0.01590618,0.0103,0.00614191,0.01220735,0.00674,0.06033225,0.04712721,0.0518,0.05844022,0.06662259,0.0547,0.04353444,0.04396557,0.0198,0.03094566,0.05041893,0.0467,0.01916563,0.0223525,0.0212,0.02842196,0.01831563,0.0222,0.05275237,0.08084414,0.0231,0.01609984,0.03263799,0.0166,0.04279226,0.04811874,0.0275,0.01700975,0.02583625,0.0114,0.05852999,0.04032065,,0.04583326,0.03423063,0.0222,0.2574278,0.1372633,0.0996,0.04699593,0.02600848,0.0376,0.05340341,0.04262931,0.0266,0.3695813,0.2049369,0.0937,0.08864422,0.02890907,0.0693,0.1286706,0.07715992,0.0847,0.145232,0.1168662,0.151,0.02234507,0.01768425,0.017,0.01737542,0.02029511,0.0157,0.1756404,0.3188818,0.152,0.06897507,0.1082246,0.0552,0.02258354,0.04630525,0.0531,0.02890498,0.03132385,0.0189,0.0224883,0.03463501,0.00671,0.03838541,0.06622059,0.0306,0.04779774,0.04444429,0.0321,0.0083609,0.00769238,0.0136,0.05123816,0.04893209,0.0152,0.06256575,0.04528254,0.0367,0.05687576,0.04056866,0.0217,0.0518648,0.05274929,0.0278,0.07820342,0.05893813,0.0393,0.04779973,0.06384098,0.0147,0.03851499,0.05369755,0.0309,0.06520642,0.06326535,0.0427,0.2396526,0.162356,0.0547,0.08697964,0.04102835,0.0445,0.1197168,0.1596258,0.0597,0.103169,0.1760958,0.0902,0.1161266,0.08558276,0.0539,0.1443863,0.2331367,0.0808,0.122405,0.08064601,0.0281,0.01079256,0.01692979,0.0338,0.03591203,0.04711743,0.0344
2.8,0.00566212,0.01373176,0.00984,0.00449566,0.00947778,0.00549,0.04832232,0.04428019,0.0474,0.05783319,0.05487759,0.0493,0.03511941,0.04136541,0.0211,0.02935256,0.03963105,0.0423,0.01717517,0.0195525,0.0152,0.02477945,0.019742,0.018,0.03287676,0.06471054,0.0129,0.01489495,0.02502305,0.0174,0.03622503,0.0377811,0.0206,0.01439402,0.0194892,0.0113,0.04705698,0.03192785,,0.03584598,0.03354328,0.0175,0.2178942,0.1102151,0.0884,0.04949891,0.02652398,0.0345,0.05234862,0.02693142,0.0281,0.3207006,0.1839268,0.0904,0.0687751,0.03122697,0.0699,0.101902,0.08703653,0.0647,0.178165,0.1106929,0.127,0.02236641,0.01880237,0.0176,0.01557461,0.02170424,0.0131,0.1310984,0.2940166,0.163,0.06609127,0.1014929,0.0556,0.01965916,0.04078454,0.0431,0.02528067,0.02798398,0.0177,0.0167537,0.02597163,0.006,0.03296603,0.05134529,0.0276,0.05521286,0.03758137,0.0334,0.00868558,0.00776793,0.018,0.04594575,0.03614969,0.0187,0.05729558,0.0358256,0.0368,0.05396568,0.02885194,0.0196,0.04581075,0.04613649,0.0234,0.06950071,0.05531601,0.0299,0.04356367,0.0593659,0.0161,0.02963534,0.03744787,0.0327,0.06333169,0.04708782,0.0305,0.1896434,0.1349721,0.0471,0.08852795,0.03744954,0.0452,0.09351745,0.128022,0.0515,0.09339052,0.1476608,0.0751,0.103748,0.08067702,0.054,0.1343726,0.2293129,0.0529,0.1003966,0.0788844,0.0232,0.01424455,0.01515037,0.0229,0.03422106,0.05147442,0.0309
3,0.00484358,0.01047591,0.00937,0.00356279,0.00752672,0.00486,0.04784216,0.03983496,0.0431,0.05454919,0.04673035,0.0446,0.02877749,0.03392441,0.0252,0.0279846,0.0310102,0.0411,0.0164066,0.01542634,0.0108,0.02100759,0.02231853,0.0151,0.02486236,0.05086109,0.011,0.01291982,0.01726402,0.0143,0.02499579,0.02878973,0.0169,0.01293131,0.02045009,0.0107,0.03876682,0.0268751,,0.02901616,0.02700181,0.0136,0.1672195,0.1015105,0.0724,0.03849787,0.0256573,0.0226,0.03937,0.02845723,0.0179,0.3224434,0.2002456,0.0921,0.05394549,0.03056066,0.0612,0.1201722,0.09091145,0.0629,0.1988958,0.1278796,0.107,0.01987369,0.01710391,0.0179,0.01857542,0.02335251,0.0129,0.09918434,0.2385198,0.159,0.06324118,0.08634459,0.0525,0.01595462,0.03641373,0.0347,0.02172977,0.02126629,0.0171,0.01504798,0.02337496,0.00538,0.02838765,0.04627022,0.0268,0.05128864,0.03923895,0.0378,0.00885668,0.0085131,0.0182,0.04001826,0.03607797,0.0237,0.04660621,0.02670545,0.0297,0.04744139,0.02393552,0.0184,0.04560878,0.04111359,0.0193,0.05935323,0.05662972,0.026,0.0397025,0.05778302,0.0191,0.02790278,0.03760935,0.0327,0.06372175,0.03606386,0.029,0.1507424,0.1468417,0.0347,0.08651412,0.03875,0.0392,0.08780133,0.09999222,0.0324,0.08612135,0.121448,0.0656,0.09299784,0.06632819,0.0519,0.124126,0.2106086,0.0402,0.07811412,0.08388056,0.0224,0.013735,0.01139677,0.0216,0.03182541,0.05607987,0.031
3.2,0.00411815,0.00888246,0.00802,0.00293445,0.00623836,0.00388,0.04488775,0.03642114,0.0422,0.05062923,0.04464766,0.0434,0.02895322,0.03045821,0.0259,0.02782464,0.02434991,0.0381,0.01965728,0.0144017,0.0118,0.02068869,0.02325245,0.0163,0.02439002,0.03828898,0.00908,0.01550848,0.0122718,0.0114,0.0172837,0.02322422,0.0158,0.01277499,0.01981624,0.00938,0.03352054,0.0242441,,0.02463146,0.0230818,0.0132,0.1258066,0.08357576,0.061,0.03351939,0.02842836,0.0163,0.03745631,0.0346945,0.0157,0.3181462,0.1971811,0.0897,0.04289139,0.02506093,0.0542,0.1041433,0.07435072,0.069,0.2008617,0.139453,0.083,0.02145847,0.01609524,0.018,0.02171521,0.01857528,0.0141,0.08612208,0.1814926,0.162,0.05546905,0.07665169,0.0403,0.01279565,0.0364073,0.0288,0.01901858,0.01931359,0.0182,0.01334043,0.02108489,0.00446,0.02468959,0.04249071,0.0255,0.04322213,0.04051789,0.0511,0.01059917,0.00682524,0.0158,0.03380775,0.0335513,0.0268,0.03995102,0.0195366,0.0265,0.04869719,0.02053615,0.0175,0.04105901,0.03417895,0.016,0.05545069,0.05292239,0.0241,0.04313272,0.05179777,0.0146,0.02256983,0.03434759,0.0275,0.06325623,0.03672748,0.0274,0.1352889,0.1294918,0.0395,0.08189986,0.04256886,0.0251,0.08357655,0.08653043,0.0266,0.08595794,0.1142694,0.0591,0.07507387,0.0470685,0.0483,0.128374,0.2112382,0.0392,0.06712352,0.07702128,0.0234,0.01085411,0.01164147,0.0212,0.03005173,0.06325097,0.0422
3.4,0.00357741,0.00870293,0.00767,0.00246846,0.00534023,0.00296,0.03717032,0.03416711,0.0397,0.04835272,0.03838947,0.0409,0.03117028,0.02636671,0.023,0.02843264,0.02144119,0.0356,0.02224913,0.015062,0.0136,0.02097025,0.02470952,0.0181,0.02415782,0.03005402,0.00931,0.01919135,0.01023894,0.00949,0.01423771,0.01975539,0.0145,0.01517304,0.01871199,0.00961,0.03029618,0.02184246,,0.02249817,0.02008899,0.0128,0.1131186,0.06241021,0.0551,0.02678772,0.03087239,0.0161,0.03249612,0.03424563,0.015,0.2581662,0.1607366,0.067,0.03578696,0.02103621,0.0502,0.1006577,0.06116334,0.0744,0.1837697,0.1581789,0.105,0.02518927,0.01552765,0.0164,0.02294649,0.01971902,0.0158,0.08799469,0.1396248,0.159,0.05062182,0.06735655,0.0293,0.01060629,0.03613164,0.0236,0.01613974,0.01696174,0.0181,0.01172061,0.01896073,0.00384,0.02604304,0.05805416,0.0227,0.03730711,0.03645301,0.0634,0.01075022,0.00653201,0.0128,0.02777466,0.0326283,0.0288,0.03464236,0.01582249,0.0244,0.05895409,0.02124835,0.0142,0.03503747,0.02946769,0.0147,0.05406459,0.05008338,0.0204,0.03188848,0.04787368,0.0153,0.02354584,0.02780657,0.0215,0.05691274,0.03857504,0.0308,0.1199245,0.1046073,0.0476,0.06891738,0.03943472,0.025,0.07295868,0.0765791,0.0268,0.08133628,0.1081373,0.0518,0.05959968,0.03523784,0.0443,0.1506945,0.2248681,0.0383,0.05667784,0.07088836,0.0273,0.0096786,0.01202508,0.0203,0.0304251,0.06995758,0.0423
3.5,0.00339919,0.00978269,0.00798,0.00229432,0.00495572,0.00286,0.03532587,0.03269039,0.0382,0.04688034,0.03585566,0.0392,0.03189726,0.02445705,0.0205,0.02844943,0.02045348,0.035,0.02308209,0.0151904,0.0141,0.02105404,0.02618932,0.0185,0.02310167,0.02750123,0.00878,0.01975647,0.00999299,0.00864,0.01392995,0.01858336,0.0141,0.01593325,0.01829681,0.00956,0.02911455,0.02072535,,0.0212479,0.01860963,0.0124,0.1060007,0.05873302,0.0521,0.02455239,0.03138131,0.017,0.03140291,0.03369797,0.0153,0.239552,0.146286,0.0555,0.03358998,0.02193782,0.0487,0.09290046,0.05836472,0.0766,0.1745609,0.173625,0.102,0.0269817,0.01550096,0.0148,0.0236738,0.01984992,0.0153,0.09050534,0.1252188,0.155,0.04939949,0.06220813,0.0242,0.01006272,0.03593693,0.0211,0.01526967,0.01577442,0.0178,0.01118759,0.01799235,0.0037,0.02676559,0.06291968,0.0212,0.03388906,0.0346278,0.0668,0.00989914,0.00659836,0.0116,0.02496435,0.02999648,0.0284,0.03193575,0.01495185,0.0232,0.05967024,0.02076523,0.0141,0.03575588,0.02536943,0.0132,0.04994243,0.0512309,0.0186,0.02879833,0.04540824,0.0171,0.02521458,0.02491212,0.0251,0.05414749,0.03715997,0.0343,0.1123995,0.09124542,0.0488,0.06374718,0.03503468,0.0239,0.07032903,0.07047535,0.0281,0.0767712,0.1027435,0.0453,0.05231252,0.03254166,0.0439,0.1601198,0.2289367,0.0392,0.05095776,0.06576381,0.0282,0.00948817,0.01191746,0.0186,0.03051998,0.07066487,0.0425
3.6,0.00323338,0.01036585,0.00794,0.00213988,0.00461035,0.00273,0.03417667,0.03195013,0.0367,0.04513954,0.03386072,0.0373,0.0324528,0.02275846,0.0208,0.02828664,0.01954418,0.0341,0.02363411,0.01494833,0.0144,0.02102686,0.02763449,0.0186,0.02135584,0.0257188,0.0083,0.02021489,0.01003719,0.00791,0.01390218,0.0176334,0.0133,0.01639146,0.01759943,0.00939,0.0285051,0.01966604,,0.01994015,0.01723601,0.012,0.09873556,0.05437498,0.049,0.02578616,0.03105548,0.016,0.03008685,0.03385611,0.0154,0.2103628,0.1314658,0.0512,0.0321005,0.02338176,0.047,0.08417496,0.05917639,0.0761,0.1634564,0.1788198,0.0934,0.02798238,0.01558298,0.0133,0.02380095,0.01813278,0.0145,0.092523,0.1143281,0.15,0.04774533,0.06083236,0.0225,0.00978526,0.03560963,0.0185,0.01429101,0.01460866,0.0174,0.01064772,0.01709271,0.00366,0.02673903,0.06544309,0.0187,0.03043722,0.03514354,0.0676,0.00926195,0.00659507,0.0106,0.02233578,0.02578021,0.0269,0.02986613,0.0142222,0.0222,0.05917234,0.01893501,0.0128,0.03834883,0.02096483,0.0116,0.04761176,0.05159591,0.0189,0.0262224,0.04167618,0.017,0.02457426,0.02698714,0.0271,0.05342681,0.03457212,0.0368,0.1046637,0.08677615,0.0482,0.05739956,0.03086201,0.0232,0.06935806,0.06953875,0.0285,0.0757654,0.09499214,0.0382,0.04841535,0.02949329,0.0396,0.1620503,0.2305715,0.0404,0.04516287,0.05978027,0.0267,0.00945041,0.01142482,0.0165,0.03114794,0.07108791,0.0401
3.8,0.00293486,0.01070674,0.00739,0.00187246,0.00402301,0.00243,0.03209453,0.02979633,0.0338,0.04093836,0.02944736,0.0339,0.03277451,0.02002012,0.0213,0.02993089,0.0180162,0.0315,0.02257912,0.01377456,0.0144,0.02020052,0.02948876,0.0183,0.02116086,0.02356773,0.00674,0.01928462,0.01047999,0.00713,0.01324646,0.01600884,0.0132,0.0167963,0.01585975,0.00893,0.0262036,0.01770601,,0.01722497,0.01486105,0.0109,0.08408695,0.04479039,0.0434,0.02635115,0.03033107,0.0164,0.03155914,0.03147015,0.0157,0.1440483,0.1079381,0.0434,0.02999441,0.01977635,0.0411,0.06691699,0.07826605,0.074,0.1390595,0.1802843,0.0848,0.02898229,0.01592056,0.011,0.0220673,0.01379259,0.0137,0.09315974,0.09948061,0.136,0.04529478,0.05538818,0.0185,0.00937086,0.0353823,0.0142,0.01293717,0.01282585,0.0164,0.01035326,0.01550636,0.00371,0.02484004,0.06626058,0.014,0.02421587,0.02831317,0.0667,0.00747135,0.00671361,0.00999,0.01899552,0.0181118,0.0259,0.02667368,0.01312202,0.0209,0.05254449,0.01456092,0.00935,0.03870828,0.01526304,0.0112,0.05154818,0.04730655,0.0172,0.02416604,0.03263302,0.0142,0.0203208,0.0250248,0.0258,0.04896676,0.02768077,0.0377,0.08844164,0.07027417,0.0434,0.04768132,0.02343101,0.0251,0.06666708,0.05186066,0.0258,0.066061,0.07565621,0.0336,0.03876508,0.02438706,0.0354,0.1628944,0.2249805,0.0423,0.03514899,0.04845797,0.0204,0.00953736,0.009768,0.0135,0.03262054,0.07013351,0.0388
4,0.00267615,0.00958525,0.00724,0.00165319,0.00355365,0.00215,0.03011116,0.02657912,0.0313,0.03785946,0.02792954,0.0304,0.03180135,0.01794064,0.0216,0.02958551,0.01685635,0.028,0.02175009,0.01178152,0.0142,0.01885099,0.03134506,0.0181,0.02174644,0.0221491,0.00591,0.01666361,0.01081405,0.00688,0.01241892,0.01438445,0.012,0.01658042,0.01531799,0.00862,0.02431267,0.01675757,,0.01456425,0.01302074,0.0106,0.06974531,0.03648129,0.0381,0.02843967,0.03127303,0.0198,0.03240004,0.03606365,0.0203,0.1094209,0.09852123,0.0387,0.02751966,0.02041513,0.0362,0.05876211,0.08139137,0.079,0.124336,0.1724594,0.079,0.02762111,0.01600514,0.00901,0.02012662,0.01505582,0.0135,0.0873244,0.0898833,0.118,0.04296232,0.04755078,0.0182,0.00899736,0.03466181,0.0123,0.01103074,0.01138866,0.0152,0.01116201,0.01419776,0.00373,0.02388924,0.06167615,0.0154,0.01965368,0.02515685,0.0655,0.00587513,0.00667163,0.00985,0.01773746,0.01616766,0.0243,0.02343636,0.01564878,0.0194,0.04884307,0.01221875,0.00844,0.03878196,0.01498543,0.0104,0.049186,0.03685088,0.0154,0.02435067,0.02637238,0.00997,0.01768656,0.02027778,0.0218,0.04302637,0.02389582,0.0333,0.07269258,0.05078772,0.037,0.03949362,0.0195661,0.0209,0.05477696,0.04737004,0.0216,0.05125869,0.06608566,0.028,0.03074812,0.02240754,0.03,0.1485143,0.2068875,0.043,0.03075502,0.04113368,0.0168,0.00939341,0.00878022,0.0126,0.03315565,0.06418158,0.0366
4.2,0.00244912,0.00918429,0.00747,0.00148344,0.00319901,0.00188,0.02859982,0.02484431,0.0287,0.03626443,0.02640293,0.0273,0.02994001,0.01746268,0.0216,0.03164797,0.01595078,0.0241,0.02062571,0.01007342,0.0137,0.01690059,0.03188287,0.0186,0.02087529,0.02068339,0.00487,0.01358313,0.01074324,0.00672,0.01184542,0.01270525,0.00984,0.01597197,0.01589404,0.00837,0.02229234,0.01574621,,0.01216573,0.01161762,0.0108,0.05646585,0.03004137,0.0331,0.02762668,0.02968148,0.0206,0.02981003,0.03326647,0.0209,0.1056383,0.09292716,0.0319,0.02465161,0.01979402,0.0349,0.06042785,0.07568047,0.0851,0.1189524,0.1509602,0.0895,0.0243573,0.01629046,0.00892,0.01753476,0.01678922,0.0128,0.07870369,0.08381866,0.101,0.04122765,0.04674505,0.0176,0.0089041,0.03318391,0.0121,0.00912352,0.01031341,0.0143,0.01095829,0.01440631,0.00362,0.02388948,0.05595339,0.0159,0.01689956,0.02424897,0.0627,0.00544691,0.00638343,0.0104,0.01613434,0.0149435,0.0225,0.02053449,0.01702049,0.0173,0.04514994,0.01287015,0.0098,0.04061804,0.01366503,0.00957,0.043912,0.0287377,0.0157,0.02013176,0.02072501,0.00856,0.01450468,0.01614892,0.0175,0.03932725,0.02150815,0.0264,0.06268317,0.04623757,0.033,0.03214914,0.01795034,0.0198,0.04680821,0.04443988,0.0166,0.03764172,0.06582452,0.0224,0.02562796,0.0201067,0.0242,0.1261176,0.1940659,0.0376,0.02690674,0.03484323,0.0156,0.00975107,0.00800892,0.0132,0.03319376,0.05628698,0.0337
4.4,0.002249,0.00841102,0.00705,0.00134171,0.00289495,0.00163,0.02679888,0.0237803,0.0265,0.03382196,0.02560192,0.0253,0.02756961,0.01786533,0.0209,0.03192219,0.01515744,0.02,0.01984833,0.00933555,0.013,0.01456307,0.03263269,0.0196,0.01892304,0.01892168,0.00388,0.01081467,0.01023845,0.00692,0.01121621,0.01225958,0.00856,0.01526493,0.01571545,0.00951,0.02014799,0.01568167,,0.01008693,0.01051645,0.0101,0.04478363,0.02456373,0.0285,0.02252588,0.02707338,0.0174,0.02387495,0.03481894,0.0163,0.1007837,0.08661338,0.033,0.02243337,0.01868033,0.0319,0.0600084,0.07360244,0.0798,0.1215363,0.1128956,0.116,0.02005447,0.01640385,0.00996,0.0181847,0.01878509,0.0118,0.07078853,0.08562397,0.0882,0.04021285,0.04560523,0.0193,0.00909043,0.03141446,0.0117,0.00736573,0.0094959,0.0132,0.01041926,0.0154639,0.00338,0.02328743,0.04991988,0.0152,0.01558879,0.01988219,0.058,0.00541306,0.00565984,0.0106,0.01443883,0.01457145,0.0208,0.01819953,0.01877415,0.016,0.03912751,0.0135242,0.0108,0.03854873,0.01210062,0.00886,0.040546,0.02589671,0.017,0.02008922,0.01623509,0.00796,0.01224991,0.01290665,0.014,0.03132205,0.0201936,0.0206,0.05803002,0.04170344,0.0307,0.02663988,0.01697688,0.018,0.03457475,0.03748067,0.0139,0.02815201,0.06239296,0.0205,0.02212742,0.01781771,0.0187,0.1052299,0.180616,0.0346,0.02281212,0.03146379,0.0146,0.00859351,0.00687237,0.0133,0.03325144,0.04660976,0.0307
4.6,0.00207183,0.00720517,0.00589,0.0012193,0.0026295,0.00141,0.02559911,0.02301317,0.0258,0.03093363,0.02455611,0.0273,0.02504836,0.01753408,0.0202,0.03162948,0.01435916,0.0161,0.01776986,0.0085033,0.0122,0.01228657,0.03154166,0.0209,0.01636977,0.01689422,0.0031,0.00869823,0.00939699,0.00647,0.01167399,0.01173592,0.00812,0.01453897,0.01451788,0.0108,0.01815807,0.015232,,0.00835417,0.00961504,0.00865,0.03818788,0.02320754,0.0244,0.02030719,0.02873709,0.017,0.01999267,0.03394574,0.016,0.1051774,0.07846394,0.036,0.02039138,0.01757483,0.0275,0.06059942,0.0710541,0.0745,0.1019989,0.0937369,0.122,0.01886577,0.01556184,0.0114,0.01663263,0.02027714,0.0112,0.0623835,0.0842118,0.0784,0.03963622,0.04301546,0.0205,0.00924588,0.02916164,0.0111,0.00679978,0.00881841,0.0121,0.0106232,0.01580997,0.00328,0.02172552,0.04872639,0.0142,0.01518886,0.01711071,0.051,0.00530277,0.0054158,0.0106,0.01323029,0.01362403,0.0193,0.01704637,0.01898846,0.0154,0.0316237,0.01308112,0.0108,0.03374191,0.00989967,0.00927,0.03459696,0.02559643,0.0186,0.01789428,0.01316522,0.0068,0.01181194,0.01113662,0.0121,0.02494043,0.01989904,0.0174,0.05350317,0.0357707,0.0287,0.02267686,0.01498666,0.0155,0.02783699,0.02895934,0.0127,0.02316904,0.05636714,0.0203,0.01978562,0.01692042,0.0158,0.09193838,0.1626275,0.0334,0.01898113,0.02765021,0.0168,0.007805,0.00519371,0.0127,0.03536917,0.04244532,0.0282
4.8,0.00191433,0.0059996,0.0049,0.00111172,0.00239531,0.00121,0.0242855,0.02223338,0.0268,0.02898091,0.0233392,0.0284,0.0221744,0.01655365,0.0192,0.03185598,0.01367614,0.0128,0.0150582,0.00755896,0.0117,0.01155053,0.02920873,0.0223,0.01363499,0.01473605,0.00278,0.00723338,0.00835939,0.00557,0.0115791,0.01112903,0.00748,0.01522069,0.01322572,0.0115,0.01660897,0.01449677,,0.0069469,0.00884251,0.00787,0.03284966,0.02195953,0.0208,0.02087384,0.03013813,0.0154,0.02191172,0.0335596,0.0154,0.1000445,0.07345513,0.0372,0.01848164,0.01685395,0.0224,0.06413921,0.0659939,0.0697,0.0839861,0.08758597,0.115,0.01881636,0.01403185,0.013,0.01495726,0.02119266,0.0109,0.0552339,0.07814609,0.071,0.03913799,0.03936002,0.0208,0.00932458,0.02672713,0.0104,0.00642602,0.00931329,0.0108,0.01046077,0.01578546,0.00301,0.01914379,0.04807253,0.0147,0.01522551,0.01601725,0.0463,0.00521249,0.00520077,0.0107,0.01240399,0.01277064,0.0187,0.01730429,0.0184993,0.0147,0.02491556,0.01266136,0.012,0.02788549,0.00891711,0.00967,0.03545908,0.02692473,0.0208,0.01524994,0.01138654,0.00652,0.01305604,0.01066431,0.0123,0.02203255,0.01862073,0.016,0.04855026,0.03010526,0.0285,0.01977808,0.01401718,0.0127,0.02445355,0.02393418,0.012,0.02128203,0.04888612,0.0183,0.01826342,0.01609414,0.014,0.07799394,0.142001,0.0303,0.01572291,0.02468667,0.0166,0.007157,0.00403938,0.0118,0.03765843,0.03811348,0.027
5,0.00177378,0.00470204,0.00411,0.00101613,0.00218754,0.00104,0.02280482,0.02096038,0.0268,0.02700497,0.02202605,0.0284,0.0193629,0.01606787,0.0195,0.03161319,0.01315793,0.0105,0.01255501,0.00660193,0.011,0.01097764,0.02633416,0.0233,0.01230406,0.01259863,0.00261,0.00622254,0.0077345,0.00444,0.01105293,0.01043697,0.00668,0.01543594,0.0116674,0.0118,0.01611022,0.01357368,,0.00582334,0.00815544,0.00677,0.02859331,0.02067936,0.0177,0.02303793,0.03021912,0.0136,0.02286883,0.0325737,0.0135,0.08783533,0.07364714,0.0361,0.01790723,0.01647169,0.0172,0.07232172,0.06005898,0.0679,0.06804049,0.08601367,0.113,0.01897179,0.0130106,0.0145,0.01283138,0.02170087,0.0123,0.05456474,0.08133069,0.0666,0.03852192,0.03652845,0.0206,0.00948975,0.02560363,0.00957,0.00593701,0.00945087,0.00952,0.00999349,0.01544381,0.00286,0.01726657,0.04911173,0.0141,0.01537133,0.01393016,0.0422,0.00542019,0.00502813,0.0105,0.01165236,0.01362599,0.0183,0.01954802,0.01824577,0.0146,0.02020015,0.01139634,0.0118,0.0223998,0.00809586,0.0103,0.04090785,0.02852345,0.0228,0.01349299,0.01022248,0.0069,0.01420562,0.01057233,0.014,0.01868091,0.01818069,0.0154,0.04325212,0.02684519,0.0277,0.01745953,0.01372101,0.0113,0.02139236,0.01972773,0.0117,0.02016505,0.04103238,0.0152,0.016459,0.01423219,0.0122,0.06498712,0.1209122,0.0261,0.01316287,0.02437392,0.015,0.00671384,0.00342718,0.0109,0.0388978,0.03588479,0.026
5.5,0.00148234,0.00253792,0.00222,0.00083669,0.00179923,0.000769,0.01895691,0.01726255,0.0257,0.02259114,0.01872158,0.0262,0.01401026,0.01650873,0.0211,0.03346371,0.01350267,0.0092,0.00875732,0.00453337,0.0084,0.01071617,0.0196007,0.0232,0.01071287,0.00813654,0.00215,0.00495488,0.00584704,0.00275,0.00876158,0.00847323,0.00449,0.01450911,0.00980257,0.0116,0.01431829,0.01093605,,0.00394811,0.00669237,0.00458,0.024843,0.01755977,0.0118,0.02857529,0.02384542,0.0115,0.02912576,0.02416082,0.0108,0.05786478,0.06603302,0.0281,0.01932825,0.01523173,0.0136,0.0816096,0.04029361,0.0487,0.04537633,0.08517769,0.112,0.01994961,0.01192157,0.0168,0.01065714,0.02114463,0.014,0.04732883,0.07318683,0.0625,0.03624143,0.02965267,0.0177,0.01003523,0.02232447,0.00927,0.00444844,0.00880974,0.00627,0.00884345,0.01359218,0.00262,0.01219318,0.04780972,0.0106,0.01516632,0.00874766,0.0336,0.00564739,0.00431883,0.00874,0.01362293,0.01578444,0.0165,0.02573388,0.02031945,0.016,0.01738773,0.00957986,0.0119,0.01412486,0.00668063,0.0109,0.03547623,0.03247967,0.0196,0.0097872,0.00960388,0.00691,0.01526004,0.01390055,0.0161,0.02009246,0.01520899,0.015,0.03143998,0.01953248,0.0219,0.01318459,0.01154593,0.0102,0.02035868,0.01318144,0.0106,0.01653953,0.02657833,0.0128,0.0116745,0.01039411,0.00797,0.04406937,0.08452157,0.0221,0.00956101,0.02002584,0.00912,0.00644647,0.00297371,0.00903,0.0381795,0.03418989,0.0248
6,0.00125637,0.00184023,0.00152,0.00070783,0.00151595,0.000626,0.01548515,0.01444755,0.0228,0.01995441,0.01627436,0.0225,0.01104375,0.01140627,0.0188,0.03300662,0.01284431,0.00914,0.00655131,0.00317704,0.00642,0.01074743,0.01387927,0.0214,0.00863804,0.00748308,0.00177,0.00410882,0.00371228,0.00168,0.00634082,0.00644482,0.00294,0.01376181,0.00815188,0.0114,0.01273309,0.00869447,,0.00292062,0.00548743,0.00362,0.02148004,0.01476875,0.01,0.02842995,0.02062429,0.00974,0.02936935,0.01931044,0.00918,0.04761572,0.05296983,0.0308,0.02201911,0.01870654,0.0121,0.07267167,0.0274725,0.0273,0.0496877,0.07902605,0.0667,0.02190299,0.01103376,0.0178,0.01244054,0.01979364,0.0133,0.05581551,0.0617072,0.0576,0.03394722,0.02681184,0.0173,0.00927566,0.01881325,0.00885,0.00399682,0.00740597,0.00478,0.00682167,0.01129601,0.00214,0.00874433,0.0412515,0.00779,0.01377814,0.00758034,0.0234,0.00594975,0.00341422,0.00657,0.01454639,0.01574514,0.0166,0.02773359,0.0191065,0.0163,0.01835424,0.01207917,0.0104,0.01219104,0.00664421,0.0105,0.02820882,0.03565146,0.0134,0.00824587,0.00947585,0.00666,0.01367261,0.01678077,0.0172,0.02261131,0.0131315,0.0142,0.02402444,0.01513259,0.0151,0.01118603,0.01089071,0.00819,0.01844043,0.01242912,0.0104,0.0128518,0.0200403,0.00888,0.0099848,0.0078163,0.00593,0.03554758,0.06239978,0.0182,0.00839209,0.01359887,0.00643,0.00572355,0.00301326,0.00885,0.03792279,0.03160246,0.0246
6.5,0.00107788,0.00174664,0.00128,0.00060709,0.00129416,0.000536,0.01381409,0.01215263,0.0195,0.01666541,0.01389127,0.0189,0.00886199,0.00999214,0.016,0.03160214,0.01090766,0.00873,0.00481208,0.00269377,0.0051,0.01265434,0.0112677,0.0186,0.00671341,0.00663418,0.00147,0.0033114,0.00296506,0.00128,0.00445661,0.00466419,0.00237,0.01299817,0.00641658,0.01,0.01087719,0.00784434,,0.00233762,0.00450567,0.00287,0.01857338,0.012397,0.00865,0.02456551,0.01637486,0.00812,0.02449007,0.01524888,0.00753,0.04209712,0.04935687,0.035,0.02306075,0.01872718,0.0124,0.05295923,0.0266468,0.0217,0.04643557,0.04873735,0.05,0.02670129,0.01014704,0.0182,0.01436791,0.01951014,0.0143,0.04330142,0.0586472,0.0478,0.03119899,0.02243081,0.0167,0.0078281,0.01517147,0.00807,0.00377698,0.00682755,0.00371,0.00587832,0.01095943,0.00156,0.00592738,0.03482051,0.00649,0.01215515,0.00871567,0.0161,0.00609336,0.00278459,0.00539,0.01533988,0.01229266,0.0139,0.02713697,0.01602882,0.014,0.02000999,0.01391394,0.00881,0.01245424,0.00552425,0.00852,0.0222119,0.02827749,0.00874,0.00738411,0.00957815,0.00687,0.01215068,0.01738948,0.0177,0.02133908,0.01358037,0.0119,0.01889245,0.01210658,0.00991,0.0089729,0.0092651,0.00517,0.01413207,0.01185405,0.0118,0.0108611,0.01501628,0.00605,0.00757867,0.00622754,0.00491,0.03303571,0.04545705,0.0143,0.00795831,0.01005964,0.0053,0.00547869,0.00303018,0.00874,0.03897016,0.03739595,0.0255
7,0.00093455,0.00168414,0.00125,0.00052575,0.00111593,0.000463,0.01251977,0.00961063,0.0161,0.01324831,0.01171828,0.0156,0.00688659,0.00792274,0.0141,0.02825592,0.01077601,0.00902,0.00360741,0.00232648,0.00395,0.01293606,0.00923588,0.0153,0.00516107,0.00560098,0.00123,0.00262703,0.00297397,0.00118,0.00366259,0.00328889,0.00194,0.01135927,0.00487132,0.00874,0.00965255,0.00710419,,0.00198101,0.00372422,0.00227,0.01610177,0.01043113,0.00747,0.01983377,0.01304702,0.00713,0.01925055,0.01258925,0.00768,0.03588448,0.04174526,0.0306,0.02578337,0.01682537,0.0122,0.03867976,0.02872389,0.0176,0.04626158,0.04502612,0.0401,0.02874771,0.00948699,0.0179,0.01524007,0.01792664,0.0143,0.03004957,0.05069817,0.0425,0.02869962,0.01834171,0.0153,0.00700159,0.01256387,0.00706,0.00344044,0.00659549,0.00314,0.00506113,0.01012338,0.00139,0.00540445,0.02977302,0.00551,0.01204993,0.00844645,0.0115,0.00605018,0.00257213,0.00425,0.01414573,0.01166725,0.0113,0.02440769,0.01450979,0.0117,0.01971943,0.01379134,0.00693,0.01322875,0.00670223,0.00647,0.01844095,0.0241515,0.00647,0.00612119,0.00906423,0.00603,0.00972858,0.01708486,0.0139,0.01777711,0.01454646,0.00967,0.01474103,0.00952147,0.00789,0.00695485,0.00694669,0.00399,0.01163404,0.00958699,0.0114,0.00887891,0.01174906,0.00456,0.0068199,0.00499618,0.00473,0.02767146,0.03375408,0.0109,0.00748469,0.00805692,0.00426,0.00496042,0.00314835,0.00782,0.03573823,0.03961089,0.0253
7.5,0.00081781,0.00147346,0.00129,0.00045879,0.00097028,0.000398,0.01170539,0.00738845,0.0129,0.01056155,0.0106534,0.0124,0.00530012,0.00624605,0.0119,0.02509615,0.01022283,0.00902,0.00284117,0.00198233,0.00306,0.01284857,0.00773526,0.0124,0.00399062,0.00459669,0.00105,0.0021118,0.00274128,0.0011,0.00321367,0.00323197,0.0015,0.00981491,0.00357491,0.00728,0.00892497,0.00590611,,0.00174037,0.00310499,0.00182,0.01401576,0.00881725,0.00644,0.01522054,0.0106696,0.00759,0.01472075,0.01114204,0.0079,0.0296864,0.0361513,0.0267,0.02758177,0.01481447,0.0138,0.03087287,0.02989924,0.016,0.04110701,0.04876324,0.0257,0.02717138,0.01009046,0.0158,0.01455306,0.0152205,0.0137,0.02600588,0.04835721,0.036,0.02693187,0.01358731,0.0132,0.00635026,0.01123871,0.00691,0.00305821,0.00617668,0.00263,0.00429713,0.00910276,0.00119,0.00473306,0.02397173,0.0046,0.01122023,0.00743245,0.00804,0.00536255,0.00241774,0.00329,0.0124654,0.01099084,0.00873,0.02046049,0.01236752,0.0102,0.0185597,0.01056772,0.0057,0.0122292,0.00629355,0.00586,0.01242372,0.01702161,0.00478,0.00570005,0.00876294,0.00508,0.0066207,0.01412208,0.0109,0.01434739,0.01194323,0.00772,0.01166729,0.00869421,0.00593,0.00572618,0.00607445,0.00359,0.01040895,0.00756326,0.00941,0.00715832,0.00955158,0.00376,0.00584923,0.00398994,0.00371,0.02501842,0.02596856,0.00821,0.00676698,0.00675044,0.0034,0.00429515,0.00314253,0.008,0.03224913,0.03839397,0.0242
8,0.00072152,0.00124247,0.00113,0.00040296,0.00084983,0.000344,0.01082179,0.00568758,0.0109,0.00833247,0.01035947,0.00984,0.00411106,0.00520626,0.00984,0.02286393,0.00948746,0.00918,0.00239046,0.00169471,0.00238,0.01200451,0.00662283,0.0104,0.00313519,0.00371392,0.000894,0.00175363,0.00239118,0.000951,0.00284614,0.00302317,0.00113,0.00822473,0.00281232,0.00593,0.00768912,0.00524829,,0.00156136,0.00261555,0.00149,0.0122631,0.00750011,0.00556,0.01216675,0.0091878,0.00829,0.01222614,0.00870665,0.00848,0.02522999,0.02842928,0.0216,0.02891605,0.01283547,0.0144,0.02667389,0.02757602,0.0153,0.04316559,0.04272627,0.0282,0.02434549,0.01154129,0.0127,0.01312653,0.01459317,0.013,0.02658717,0.03990399,0.0286,0.02660474,0.01159726,0.011,0.00604669,0.010045,0.00643,0.00267411,0.00562855,0.00216,0.0036291,0.00802896,0.000994,0.00417054,0.0192114,0.0038,0.00840848,0.00616055,0.00646,0.00447587,0.00224791,0.00255,0.01042386,0.01030781,0.00727,0.01687253,0.01153402,0.00839,0.01629923,0.00806621,0.00436,0.01254815,0.00578305,0.00493,0.00874595,0.01357479,0.00398,0.00525186,0.00700644,0.00456,0.00419322,0.01098395,0.00794,0.01121939,0.00973961,0.00603,0.00965778,0.00784805,0.00434,0.00493638,0.00447582,0.00316,0.00877398,0.00689694,0.00814,0.00586031,0.00792247,0.00314,0.00465436,0.00321996,0.00322,0.02036746,0.02075611,0.007,0.00584502,0.00600853,0.00274,0.00368757,0.00301295,0.00794,0.02726749,0.03742859,0.0223
8.5,0.00064118,0.00112708,0.000958,0.00035599,0.00074928,0.000306,0.01004898,0.00489817,0.00952,0.00718781,0.00949935,0.00858,0.00325439,0.00457256,0.00805,0.0208998,0.00858532,0.00868,0.00203819,0.00146813,0.00187,0.01061036,0.00576107,0.00889,0.00251593,0.00298228,0.000769,0.00150947,0.00187316,0.000773,0.00253985,0.00274294,0.000916,0.00661384,0.00242377,0.00492,0.00629427,0.00466573,,0.00141738,0.00222732,0.00124,0.01078474,0.00642155,0.00483,0.01010281,0.0082941,0.00926,0.00999288,0.00782046,0.00957,0.02180656,0.02623582,0.0183,0.0290626,0.01092732,0.0151,0.02288346,0.02432609,0.0149,0.04131275,0.03260232,0.0256,0.02181467,0.01150447,0.0105,0.01218505,0.01370337,0.012,0.02071777,0.02928794,0.025,0.02462207,0.01044688,0.00913,0.00574207,0.00891172,0.00579,0.00234682,0.00501193,0.00177,0.00296293,0.00696999,0.000821,0.00403064,0.0160911,0.00328,0.0070361,0.00515683,0.00495,0.00426496,0.00207099,0.00203,0.00823199,0.00950702,0.00596,0.01374133,0.01056352,0.00669,0.01367509,0.00534693,0.00319,0.01172144,0.00487332,0.00409,0.00768312,0.01240508,0.00349,0.00433443,0.00612539,0.00368,0.00324845,0.00878653,0.0055,0.00903133,0.00856008,0.00469,0.00837271,0.00688325,0.00405,0.00416977,0.003373,0.00239,0.00714722,0.00609651,0.00773,0.00492636,0.00663611,0.00272,0.00354966,0.002644,0.00285,0.01690916,0.01714039,0.00616,0.00484416,0.00554106,0.00221,0.00319479,0.00281389,0.00762,0.02408857,0.03279537,0.02
9,0.00057348,0.00091773,0.000858,0.00031621,0.00066467,0.000274,0.00888487,0.00426752,0.00831,0.00611925,0.00857424,0.00742,0.00264907,0.00409449,0.00646,0.01913809,0.00750202,0.00847,0.00176075,0.00124948,0.0015,0.00961884,0.0050601,0.00751,0.00206608,0.00250184,0.000666,0.00133584,0.0013582,0.000603,0.00227974,0.00244218,0.00086,0.00528398,0.00213038,0.00418,0.00542336,0.0041216,,0.00129536,0.00191708,0.00105,0.00953832,0.00553543,0.00421,0.00829256,0.00765548,0.00746,0.00796572,0.00719785,0.00766,0.01902099,0.02491349,0.0151,0.02759516,0.00923673,0.0148,0.01942517,0.02265683,0.0141,0.03686562,0.02654151,0.0265,0.0185116,0.0112416,0.00914,0.01114183,0.01212444,0.0108,0.01613859,0.02120064,0.0226,0.02225139,0.00938741,0.00768,0.00551048,0.00788711,0.00512,0.00204261,0.00435225,0.00158,0.00236024,0.00600339,0.000672,0.00380202,0.01332323,0.00309,0.00573533,0.00458899,0.0037,0.00393343,0.00189325,0.00168,0.00675315,0.00824738,0.0048,0.01133237,0.00939447,0.00527,0.01244229,0.0044594,0.00249,0.01005961,0.00401174,0.00322,0.00723653,0.01186003,0.0029,0.00365184,0.00502838,0.00275,0.00333573,0.00694021,0.00424,0.0082503,0.00739449,0.00371,0.00745223,0.00602817,0.0035,0.00347463,0.00301684,0.0021,0.00573615,0.00503141,0.00792,0.00424985,0.00560614,0.00238,0.00277509,0.00221282,0.00247,0.01627332,0.01450586,0.00542,0.00429205,0.00514174,0.00201,0.00283431,0.00269828,0.00707,0.02077891,0.02797923,0.0178
9.5,0.00051592,0.00083127,0.000779,0.00028231,0.00059297,0.000245,0.00777681,0.00375357,0.00725,0.00531831,0.0081947,0.00642,0.0022234,0.0036364,0.00508,0.01733274,0.00711652,0.008,0.0015393,0.00106847,0.00129,0.00874737,0.00446684,0.00638,0.00173541,0.00213709,0.00058,0.00120168,0.00105705,0.000511,0.00230878,0.00215323,0.000763,0.00436624,0.00186219,0.00349,0.00486158,0.00346793,,0.00118866,0.00166677,0.000906,0.00848043,0.00480389,0.00369,0.006832,0.00716381,0.00586,0.00627265,0.00674065,0.00589,0.01693234,0.02273178,0.0139,0.02533948,0.00790394,0.0148,0.01681495,0.02135576,0.0131,0.03103234,0.02459555,0.026,0.01505774,0.00985289,0.00776,0.01013255,0.00950452,0.00954,0.01167338,0.01930672,0.0199,0.02018756,0.00842909,0.00665,0.00515176,0.00695944,0.00447,0.00176172,0.00368301,0.00141,0.00185163,0.00513419,0.000548,0.0035259,0.01128254,0.00262,0.00477582,0.00414671,0.00297,0.00355924,0.00171897,0.00143,0.00547541,0.00701841,0.00383,0.00940843,0.008387,0.00417,0.01087592,0.00417254,0.00191,0.00802168,0.00361184,0.00245,0.00629794,0.01079314,0.00232,0.0029925,0.00414105,0.00223,0.00346042,0.00585504,0.00356,0.00732454,0.0068853,0.00337,0.00667928,0.00537421,0.00335,0.00287567,0.00306483,0.00222,0.00460069,0.00485714,0.00755,0.00374238,0.0047869,0.0021,0.00252492,0.00188589,0.00213,0.01490166,0.01249406,0.00478,0.00412538,0.00471695,0.00198,0.00258647,0.00255249,0.00639,0.01743641,0.02544601,0.0154
10,0.00046657,0.00081314,0.000773,0.00025326,0.0005318,0.000221,0.00684704,0.00332063,0.00631,0.00469615,0.00779608,0.00558,0.00192123,0.00315915,0.00426,0.01549003,0.00667556,0.00754,0.0013597,0.0009336,0.00112,0.0078236,0.00395286,0.00544,0.00148811,0.00183512,0.000509,0.00108884,0.00086322,0.00046,0.00222242,0.00189191,0.000697,0.00357633,0.00162494,0.00288,0.00438897,0.00284742,,0.00109373,0.0014627,0.00079,0.00757864,0.00421513,0.00325,0.00568246,0.00672063,0.00525,0.00503708,0.00634078,0.00506,0.01529299,0.01993272,0.0123,0.02357913,0.00662233,0.0142,0.01564856,0.01997229,0.0116,0.02738885,0.0227495,0.0253,0.01319644,0.00802502,0.00648,0.00883636,0.00756133,0.00845,0.00962957,0.01726863,0.0174,0.01843004,0.00757422,0.00595,0.0047488,0.00612747,0.00386,0.00150959,0.00307838,0.00131,0.00145194,0.00440136,0.000447,0.00323037,0.00990582,0.00204,0.00385325,0.00365675,0.00254,0.00313659,0.00155161,0.00125,0.00442177,0.00622483,0.00306,0.00772318,0.00720893,0.00334,0.00960535,0.003717,0.00151,0.00660429,0.0035035,0.00195,0.00637884,0.00915747,0.00182,0.00260771,0.00366247,0.00208,0.00373106,0.00491528,0.00303,0.00671378,0.00599863,0.00298,0.00597101,0.00488827,0.00311,0.00237292,0.00311978,0.00219,0.00372118,0.00499778,0.00694,0.00334443,0.00413863,0.00186,0.00232284,0.00163346,0.00183,0.01315889,0.01095138,0.00422,0.00381537,0.00424868,0.00199,0.00234187,0.00244102,0.00562,0.01369993,0.02285764,0.0135
11,0.0003869,0.00074982,0.000689,0.00020657,0.00043394,0.00018,0.00572051,0.00264162,0.00479,0.00372423,0.00687661,0.00423,0.00153929,0.00220444,0.00349,0.01248829,0.00587007,0.00622,0.00108803,0.0007828,0.000859,0.00592002,0.00310766,0.00399,0.00115194,0.00170495,0.0004,0.00089657,0.00079436,0.000352,0.00184831,0.00146837,0.000651,0.00248004,0.00125182,0.00214,0.00358487,0.00212878,,0.00093163,0.00115444,0.000622,0.00614258,0.00363506,0.00257,0.00420395,0.00578784,0.00429,0.00380521,0.00547057,0.00442,0.01245853,0.01360454,0.00874,0.02118693,0.00453301,0.0113,0.01300419,0.01758621,0.00923,0.02004463,0.01928745,0.016,0.00992135,0.00560616,0.00472,0.00644269,0.00556804,0.00608,0.00833529,0.01293447,0.0129,0.01494675,0.00614402,0.00444,0.00403048,0.00476698,0.00283,0.00132187,0.00235043,0.00122,0.00110521,0.00322024,0.000342,0.0029453,0.00756045,0.00177,0.00322257,0.0027576,0.00209,0.00229513,0.00124638,0.000986,0.00287748,0.00551401,0.00204,0.00522207,0.00549963,0.0023,0.00711351,0.00336365,0.0011,0.00577395,0.00311518,0.00136,0.00473529,0.00584258,0.00153,0.00223732,0.00281555,0.00176,0.00316997,0.00392608,0.0022,0.00570053,0.00465082,0.00221,0.00472944,0.00415198,0.00252,0.00179992,0.0027506,0.00183,0.00254506,0.00578875,0.00531,0.00274446,0.00320895,0.00148,0.00185202,0.00127485,0.00139,0.00955163,0.00866639,0.00335,0.0033713,0.00324295,0.00166,0.00192897,0.00218452,0.00421,0.01028634,0.01676247,0.00928
12,0.00032597,0.00061776,0.000577,0.00017123,0.00036019,0.000149,0.00458451,0.00214347,0.00368,0.00304587,0.00568383,0.00323,0.00131134,0.00201493,0.00287,0.00995294,0.00506044,0.00536,0.00089373,0.00065182,0.000677,0.00436037,0.00245594,0.00297,0.00097779,0.00158946,0.000322,0.00073559,0.00072417,0.000313,0.00158506,0.00116362,0.000575,0.00189231,0.00098638,0.00169,0.00294867,0.0017375,,0.00079916,0.00093655,0.000506,0.0050672,0.00309668,0.00208,0.0032838,0.00474975,0.00329,0.00291957,0.00484377,0.00334,0.01028136,0.00970987,0.00647,0.01931562,0.00328623,0.00799,0.0122355,0.01556891,0.00904,0.01654104,0.01623364,0.0108,0.00785518,0.00394431,0.00364,0.00531407,0.00458475,0.0049,0.0070916,0.01038508,0.00941,0.01180093,0.00503032,0.0037,0.00338154,0.00370163,0.00206,0.00121363,0.00194117,0.00109,0.0008823,0.00248074,0.000266,0.00263986,0.00575239,0.00161,0.0027478,0.00222188,0.00173,0.00177581,0.00104083,0.000797,0.00223538,0.00442361,0.00148,0.00360993,0.0046137,0.00182,0.00505813,0.00324169,0.00105,0.0044946,0.00272546,0.000936,0.00360243,0.00443483,0.00124,0.00187314,0.00218207,0.00132,0.00222304,0.00329849,0.00192,0.00431429,0.00404421,0.00162,0.00388586,0.00349808,0.002,0.00171468,0.00310483,0.00134,0.00186636,0.00556985,0.00424,0.00229913,0.0025895,0.00123,0.00144193,0.00103608,0.00111,0.00652206,0.00704419,0.00271,0.00299047,0.00228741,0.00182,0.00159052,0.00209454,0.00373,0.00770304,0.01218993,0.00749
13,0.00027834,0.0004788,0.000453,0.00014399,0.00030343,0.000125,0.00353085,0.00176998,0.00287,0.00253511,0.00450761,0.00252,0.00115302,0.00176104,0.00234,0.0079905,0.00455053,0.00481,0.00074878,0.00054451,0.000549,0.00326031,0.00195658,0.00226,0.00086425,0.00145046,0.000266,0.00060284,0.00057571,0.000281,0.0014589,0.0009461,0.000494,0.00147769,0.00082387,0.00134,0.00244835,0.00148127,,0.00069029,0.0007768,0.000422,0.00424534,0.00263048,0.00171,0.00252096,0.00484593,0.00238,0.00226175,0.00489022,0.00252,0.00876157,0.00721086,0.00537,0.01655846,0.00246727,0.00599,0.00983385,0.0134457,0.00963,0.01361086,0.01496618,0.00759,0.00608179,0.00316559,0.00279,0.00445048,0.00376251,0.00397,0.00599848,0.00860031,0.00693,0.00911407,0.00416255,0.00308,0.00278786,0.00288823,0.00151,0.00106642,0.00160038,0.000968,0.00071018,0.00202004,0.000218,0.00214719,0.0044233,0.0013,0.00233412,0.00191126,0.00142,0.00146155,0.0008624,0.000645,0.00182127,0.00373291,0.00115,0.00271747,0.00379017,0.00148,0.00440913,0.00288311,0.00101,0.0032355,0.00247724,0.000772,0.00277002,0.00327754,0.00105,0.00142733,0.00174028,0.00122,0.00176497,0.00280276,0.00167,0.00299527,0.00334501,0.00125,0.00328645,0.00290739,0.0016,0.00162462,0.0030199,0.0014,0.00177043,0.00472555,0.00367,0.0019512,0.00218023,0.00104,0.0012442,0.00088809,0.000912,0.00495043,0.00584928,0.00223,0.00259772,0.00227578,0.00181,0.00133178,0.00200827,0.00314,0.00584534,0.01010367,0.00566
14,0.00024042,0.00040604,0.000342,0.00012263,0.00025894,0.000108,0.00290767,0.00148417,0.00227,0.0021377,0.00372195,0.00204,0.00102892,0.00149343,0.00192,0.00655213,0.00371156,0.00416,0.0006372,0.00045896,0.000455,0.00273264,0.00157589,0.0018,0.00075924,0.00130752,0.000223,0.0004966,0.00053065,0.000241,0.00127248,0.00078837,0.000418,0.00118297,0.00069726,0.00108,0.00205379,0.0012818,,0.0006004,0.00065599,0.000358,0.00360542,0.00223816,0.00145,0.00204877,0.00496766,0.00203,0.00180408,0.00504954,0.0021,0.00752393,0.00567972,0.00444,0.01336956,0.00189769,0.00459,0.00697216,0.01147169,0.00986,0.01073399,0.01300786,0.00549,0.00467062,0.00248483,0.00215,0.00359328,0.00306352,0.00318,0.00507901,0.00717127,0.00519,0.00692372,0.00348316,0.00257,0.00228904,0.00226349,0.00121,0.00092758,0.00134223,0.00083,0.00058153,0.00165313,0.000187,0.00163674,0.0036615,0.00101,0.00198594,0.00162436,0.00117,0.00122795,0.0007976,0.000518,0.00154382,0.00309739,0.000944,0.00207957,0.00307583,0.00123,0.00369659,0.0024497,0.000951,0.00220589,0.00199356,0.000695,0.00206146,0.00247297,0.000884,0.0011957,0.00143586,0.00104,0.00128138,0.00251038,0.00139,0.00252217,0.00264347,0.00103,0.00276859,0.00242575,0.00132,0.00151972,0.00263729,0.00152,0.00164379,0.00371935,0.00312,0.00167363,0.00190159,0.000889,0.00105551,0.00077159,0.000774,0.00443787,0.00494493,0.00185,0.00222298,0.0021681,0.00177,0.00113402,0.00199233,0.00254,0.00468411,0.0082877,0.00433
15,0.00020974,0.00040434,0.000321,0.00010584,0.00022347,9.69E-05,0.00249843,0.00126135,0.00184,0.00182395,0.00323585,0.00174,0.00092451,0.00124403,0.00159,0.0053398,0.00295806,0.00347,0.00054922,0.00040623,0.000384,0.00231789,0.0012856,0.00154,0.00066678,0.00117147,0.000191,0.00041325,0.00048301,0.000203,0.00107157,0.00067087,0.000352,0.00099453,0.00059709,0.000881,0.00174055,0.00111638,,0.00052581,0.00056221,0.000309,0.0030986,0.00191264,0.00127,0.00174043,0.00359434,0.00147,0.00151194,0.00358194,0.00154,0.00645542,0.00457464,0.00373,0.01159243,0.00151497,0.00349,0.00569747,0.00971547,0.00957,0.00857447,0.01228493,0.00418,0.00361409,0.00205052,0.0017,0.00285299,0.0024914,0.0025,0.0043208,0.00600376,0.00407,0.0057248,0.00294597,0.00216,0.00193951,0.00182313,0.00102,0.00080548,0.00118223,0.000684,0.00048441,0.0013845,0.000166,0.00135788,0.00303904,0.000882,0.00169649,0.00137601,0.000995,0.00104569,0.00073612,0.000444,0.00131155,0.0025495,0.000794,0.00163381,0.00247834,0.00104,0.00303537,0.00199088,0.000851,0.00187907,0.00162443,0.000611,0.00165313,0.00192601,0.000764,0.00099051,0.00122089,0.000825,0.00100512,0.00228373,0.00112,0.00203937,0.00206967,0.000883,0.00237758,0.00206216,0.00113,0.00140154,0.00250446,0.00147,0.00150041,0.00355929,0.00264,0.00144964,0.00166627,0.000769,0.00089466,0.00067649,0.000669,0.00369013,0.00424329,0.00156,0.00188227,0.00199442,0.0016,0.00097634,0.00186163,0.00225,0.00382946,0.00678829,0.00354
20,0.00012935,0.00020627,0.000185,5.73E-05,0.00012778,5.82E-05,0.00122088,0.00065043,0.00096,0.00094839,0.00163198,0.0009,0.00056341,0.00055941,0.000751,0.00261675,0.00132133,0.00159,0.00029911,0.00023607,0.000203,0.00126173,0.00068056,0.000798,0.00037055,0.00067767,0.000108,0.00019997,0.00028859,9.54E-05,0.00072725,0.00036423,0.000165,0.00050994,0.00031516,0.000412,0.00087008,0.00061602,,0.0002969,0.0003025,0.000169,0.00166198,0.00095606,0.000719,0.00082305,0.00158859,0.000695,0.00072283,0.00147049,0.000712,0.00360906,0.00239655,0.0017,0.00621815,0.00076523,0.00136,0.0026448,0.00428123,0.00499,0.00411103,0.00562101,0.00276,0.00181014,0.00078514,0.000833,0.00123161,0.00101525,0.0011,0.00214052,0.00327536,0.00238,0.00309111,0.00151367,0.00105,0.00107452,0.0012418,0.000545,0.00048951,0.00060885,0.000333,0.00024694,0.00082372,9.11E-05,0.0009016,0.00153184,0.000446,0.00084592,0.00066204,0.000541,0.00048596,0.00044247,0.000271,0.00061218,0.00099578,0.000412,0.00091061,0.00107377,0.00054,0.00144442,0.00106856,0.000377,0.00091384,0.00087722,0.000323,0.00079874,0.00087978,0.000374,0.0005119,0.00068829,0.000346,0.00045222,0.00101696,0.000459,0.00097893,0.00095097,0.000495,0.00142964,0.0012048,0.000631,0.00082418,0.00143051,0.000945,0.00091955,0.00245088,0.00119,0.00079822,0.00092974,0.000425,0.00045499,0.00038457,0.000372,0.00131922,0.00229054,0.000741,0.00105737,0.001102,0.00063,0.00047294,0.00136438,0.00112,0.00180478,0.00279089,0.00172
