 PEER Ground Motion Database, Time Series Search Report -- NGA-West2 -- 2025-09-11,,,,,,,,,,,,,,,,,,,,,,,,,,,,,,,,,,,,,,,,,,,,,,,,,,,,,,,,,,,,,,,,,,,,,,,,,,,,,,,,,,,,,,,,,,,,,,,,,,,,,,,,,,,,,,,,,,,,,,,,,,,,,,,,,,,,,,,,,,,,,,,,,,,,,,,,,,,,,,,,,,,,,,,,,,,,,,,,,,,,,,,,,,,,,,,,,,,,,,,,,,,,,,,,,,,,,,,,,,,,,,,,,,,,,,,,,,,,,,,,,,,,,,,,
,,,,,,,,,,,,,,,,,,,,,,,,,,,,,,,,,,,,,,,,,,,,,,,,,,,,,,,,,,,,,,,,,,,,,,,,,,,,,,,,,,,,,,,,,,,,,,,,,,,,,,,,,,,,,,,,,,,,,,,,,,,,,,,,,,,,,,,,,,,,,,,,,,,,,,,,,,,,,,,,,,,,,,,,,,,,,,,,,,,,,,,,,,,,,,,,,,,,,,,,,,,,,,,,,,,,,,,,,,,,,,,,,,,,,,,,,,,,,,,,,,,,,,,,,
,,,,,,,,,,,,,,,,,,,,,,,,,,,,,,,,,,,,,,,,,,,,,,,,,,,,,,,,,,,,,,,,,,,,,,,,,,,,,,,,,,,,,,,,,,,,,,,,,,,,,,,,,,,,,,,,,,,,,,,,,,,,,,,,,,,,,,,,,,,,,,,,,,,,,,,,,,,,,,,,,,,,,,,,,,,,,,,,,,,,,,,,,,,,,,,,,,,,,,,,,,,,,,,,,,,,,,,,,,,,,,,,,,,,,,,,,,,,,,,,,,,,,,,,,
 -- Summary of PEER Ground Motion Database Search Criteria --,,,,,,,,,,,,,,,,,,,,,,,,,,,,,,,,,,,,,,,,,,,,,,,,,,,,,,,,,,,,,,,,,,,,,,,,,,,,,,,,,,,,,,,,,,,,,,,,,,,,,,,,,,,,,,,,,,,,,,,,,,,,,,,,,,,,,,,,,,,,,,,,,,,,,,,,,,,,,,,,,,,,,,,,,,,,,,,,,,,,,,,,,,,,,,,,,,,,,,,,,,,,,,,,,,,,,,,,,,,,,,,,,,,,,,,,,,,,,,,,,,,,,,,,,
Magnitude Min:,6.5,,,,,,,,,,,,,,,,,,,,,,,,,,,,,,,,,,,,,,,,,,,,,,,,,,,,,,,,,,,,,,,,,,,,,,,,,,,,,,,,,,,,,,,,,,,,,,,,,,,,,,,,,,,,,,,,,,,,,,,,,,,,,,,,,,,,,,,,,,,,,,,,,,,,,,,,,,,,,,,,,,,,,,,,,,,,,,,,,,,,,,,,,,,,,,,,,,,,,,,,,,,,,,,,,,,,,,,,,,,,,,,,,,,,,,,,,,,,,,,,,,,,,,,,
Magnitude Max:,8,,,,,,,,,,,,,,,,,,,,,,,,,,,,,,,,,,,,,,,,,,,,,,,,,,,,,,,,,,,,,,,,,,,,,,,,,,,,,,,,,,,,,,,,,,,,,,,,,,,,,,,,,,,,,,,,,,,,,,,,,,,,,,,,,,,,,,,,,,,,,,,,,,,,,,,,,,,,,,,,,,,,,,,,,,,,,,,,,,,,,,,,,,,,,,,,,,,,,,,,,,,,,,,,,,,,,,,,,,,,,,,,,,,,,,,,,,,,,,,,,,,,,,,,
Rrup Min (km):,0,,,,,,,,,,,,,,,,,,,,,,,,,,,,,,,,,,,,,,,,,,,,,,,,,,,,,,,,,,,,,,,,,,,,,,,,,,,,,,,,,,,,,,,,,,,,,,,,,,,,,,,,,,,,,,,,,,,,,,,,,,,,,,,,,,,,,,,,,,,,,,,,,,,,,,,,,,,,,,,,,,,,,,,,,,,,,,,,,,,,,,,,,,,,,,,,,,,,,,,,,,,,,,,,,,,,,,,,,,,,,,,,,,,,,,,,,,,,,,,,,,,,,,,,
Rrup Max (km):,30,,,,,,,,,,,,,,,,,,,,,,,,,,,,,,,,,,,,,,,,,,,,,,,,,,,,,,,,,,,,,,,,,,,,,,,,,,,,,,,,,,,,,,,,,,,,,,,,,,,,,,,,,,,,,,,,,,,,,,,,,,,,,,,,,,,,,,,,,,,,,,,,,,,,,,,,,,,,,,,,,,,,,,,,,,,,,,,,,,,,,,,,,,,,,,,,,,,,,,,,,,,,,,,,,,,,,,,,,,,,,,,,,,,,,,,,,,,,,,,,,,,,,,,,
Rjb Min (km):,0,,,,,,,,,,,,,,,,,,,,,,,,,,,,,,,,,,,,,,,,,,,,,,,,,,,,,,,,,,,,,,,,,,,,,,,,,,,,,,,,,,,,,,,,,,,,,,,,,,,,,,,,,,,,,,,,,,,,,,,,,,,,,,,,,,,,,,,,,,,,,,,,,,,,,,,,,,,,,,,,,,,,,,,,,,,,,,,,,,,,,,,,,,,,,,,,,,,,,,,,,,,,,,,,,,,,,,,,,,,,,,,,,,,,,,,,,,,,,,,,,,,,,,,,
Rjb Max (km):,30,,,,,,,,,,,,,,,,,,,,,,,,,,,,,,,,,,,,,,,,,,,,,,,,,,,,,,,,,,,,,,,,,,,,,,,,,,,,,,,,,,,,,,,,,,,,,,,,,,,,,,,,,,,,,,,,,,,,,,,,,,,,,,,,,,,,,,,,,,,,,,,,,,,,,,,,,,,,,,,,,,,,,,,,,,,,,,,,,,,,,,,,,,,,,,,,,,,,,,,,,,,,,,,,,,,,,,,,,,,,,,,,,,,,,,,,,,,,,,,,,,,,,,,,
Vs30 Min (m/sec):,215,,,,,,,,,,,,,,,,,,,,,,,,,,,,,,,,,,,,,,,,,,,,,,,,,,,,,,,,,,,,,,,,,,,,,,,,,,,,,,,,,,,,,,,,,,,,,,,,,,,,,,,,,,,,,,,,,,,,,,,,,,,,,,,,,,,,,,,,,,,,,,,,,,,,,,,,,,,,,,,,,,,,,,,,,,,,,,,,,,,,,,,,,,,,,,,,,,,,,,,,,,,,,,,,,,,,,,,,,,,,,,,,,,,,,,,,,,,,,,,,,,,,,,,,
Vs30 Max (m/sec):,315,,,,,,,,,,,,,,,,,,,,,,,,,,,,,,,,,,,,,,,,,,,,,,,,,,,,,,,,,,,,,,,,,,,,,,,,,,,,,,,,,,,,,,,,,,,,,,,,,,,,,,,,,,,,,,,,,,,,,,,,,,,,,,,,,,,,,,,,,,,,,,,,,,,,,,,,,,,,,,,,,,,,,,,,,,,,,,,,,,,,,,,,,,,,,,,,,,,,,,,,,,,,,,,,,,,,,,,,,,,,,,,,,,,,,,,,,,,,,,,,,,,,,,,,
D9-95 Min (sec):,-1.00E-06,,,,,,,,,,,,,,,,,,,,,,,,,,,,,,,,,,,,,,,,,,,,,,,,,,,,,,,,,,,,,,,,,,,,,,,,,,,,,,,,,,,,,,,,,,,,,,,,,,,,,,,,,,,,,,,,,,,,,,,,,,,,,,,,,,,,,,,,,,,,,,,,,,,,,,,,,,,,,,,,,,,,,,,,,,,,,,,,,,,,,,,,,,,,,,,,,,,,,,,,,,,,,,,,,,,,,,,,,,,,,,,,,,,,,,,,,,,,,,,,,,,,,,,,
D9-95 Max (sec):,99999,,,,,,,,,,,,,,,,,,,,,,,,,,,,,,,,,,,,,,,,,,,,,,,,,,,,,,,,,,,,,,,,,,,,,,,,,,,,,,,,,,,,,,,,,,,,,,,,,,,,,,,,,,,,,,,,,,,,,,,,,,,,,,,,,,,,,,,,,,,,,,,,,,,,,,,,,,,,,,,,,,,,,,,,,,,,,,,,,,,,,,,,,,,,,,,,,,,,,,,,,,,,,,,,,,,,,,,,,,,,,,,,,,,,,,,,,,,,,,,,,,,,,,,,
Scale Factor Min:,-1.00E-06,,,,,,,,,,,,,,,,,,,,,,,,,,,,,,,,,,,,,,,,,,,,,,,,,,,,,,,,,,,,,,,,,,,,,,,,,,,,,,,,,,,,,,,,,,,,,,,,,,,,,,,,,,,,,,,,,,,,,,,,,,,,,,,,,,,,,,,,,,,,,,,,,,,,,,,,,,,,,,,,,,,,,,,,,,,,,,,,,,,,,,,,,,,,,,,,,,,,,,,,,,,,,,,,,,,,,,,,,,,,,,,,,,,,,,,,,,,,,,,,,,,,,,,,
Scale Factor Max:,99999,,,,,,,,,,,,,,,,,,,,,,,,,,,,,,,,,,,,,,,,,,,,,,,,,,,,,,,,,,,,,,,,,,,,,,,,,,,,,,,,,,,,,,,,,,,,,,,,,,,,,,,,,,,,,,,,,,,,,,,,,,,,,,,,,,,,,,,,,,,,,,,,,,,,,,,,,,,,,,,,,,,,,,,,,,,,,,,,,,,,,,,,,,,,,,,,,,,,,,,,,,,,,,,,,,,,,,,,,,,,,,,,,,,,,,,,,,,,,,,,,,,,,,,,
Period Array:, ,,,,,,,,,,,,,,,,,,,,,,,,,,,,,,,,,,,,,,,,,,,,,,,,,,,,,,,,,,,,,,,,,,,,,,,,,,,,,,,,,,,,,,,,,,,,,,,,,,,,,,,,,,,,,,,,,,,,,,,,,,,,,,,,,,,,,,,,,,,,,,,,,,,,,,,,,,,,,,,,,,,,,,,,,,,,,,,,,,,,,,,,,,,,,,,,,,,,,,,,,,,,,,,,,,,,,,,,,,,,,,,,,,,,,,,,,,,,,,,,,,,,,,,,
Weight Array:, ,,,,,,,,,,,,,,,,,,,,,,,,,,,,,,,,,,,,,,,,,,,,,,,,,,,,,,,,,,,,,,,,,,,,,,,,,,,,,,,,,,,,,,,,,,,,,,,,,,,,,,,,,,,,,,,,,,,,,,,,,,,,,,,,,,,,,,,,,,,,,,,,,,,,,,,,,,,,,,,,,,,,,,,,,,,,,,,,,,,,,,,,,,,,,,,,,,,,,,,,,,,,,,,,,,,,,,,,,,,,,,,,,,,,,,,,,,,,,,,,,,,,,,,,
Record Sequence Number:, ,,,,,,,,,,,,,,,,,,,,,,,,,,,,,,,,,,,,,,,,,,,,,,,,,,,,,,,,,,,,,,,,,,,,,,,,,,,,,,,,,,,,,,,,,,,,,,,,,,,,,,,,,,,,,,,,,,,,,,,,,,,,,,,,,,,,,,,,,,,,,,,,,,,,,,,,,,,,,,,,,,,,,,,,,,,,,,,,,,,,,,,,,,,,,,,,,,,,,,,,,,,,,,,,,,,,,,,,,,,,,,,,,,,,,,,,,,,,,,,,,,,,,,,,
Earthquake Name:, ,,,,,,,,,,,,,,,,,,,,,,,,,,,,,,,,,,,,,,,,,,,,,,,,,,,,,,,,,,,,,,,,,,,,,,,,,,,,,,,,,,,,,,,,,,,,,,,,,,,,,,,,,,,,,,,,,,,,,,,,,,,,,,,,,,,,,,,,,,,,,,,,,,,,,,,,,,,,,,,,,,,,,,,,,,,,,,,,,,,,,,,,,,,,,,,,,,,,,,,,,,,,,,,,,,,,,,,,,,,,,,,,,,,,,,,,,,,,,,,,,,,,,,,,
Station Name:, ,,,,,,,,,,,,,,,,,,,,,,,,,,,,,,,,,,,,,,,,,,,,,,,,,,,,,,,,,,,,,,,,,,,,,,,,,,,,,,,,,,,,,,,,,,,,,,,,,,,,,,,,,,,,,,,,,,,,,,,,,,,,,,,,,,,,,,,,,,,,,,,,,,,,,,,,,,,,,,,,,,,,,,,,,,,,,,,,,,,,,,,,,,,,,,,,,,,,,,,,,,,,,,,,,,,,,,,,,,,,,,,,,,,,,,,,,,,,,,,,,,,,,,,,
User-Defined Maximum Number of Records:, ,,,,,,,,,,,,,,,,,,,,,,,,,,,,,,,,,,,,,,,,,,,,,,,,,,,,,,,,,,,,,,,,,,,,,,,,,,,,,,,,,,,,,,,,,,,,,,,,,,,,,,,,,,,,,,,,,,,,,,,,,,,,,,,,,,,,,,,,,,,,,,,,,,,,,,,,,,,,,,,,,,,,,,,,,,,,,,,,,,,,,,,,,,,,,,,,,,,,,,,,,,,,,,,,,,,,,,,,,,,,,,,,,,,,,,,,,,,,,,,,,,,,,,,,
Pulse:,3,,,,,,,,,,,,,,,,,,,,,,,,,,,,,,,,,,,,,,,,,,,,,,,,,,,,,,,,,,,,,,,,,,,,,,,,,,,,,,,,,,,,,,,,,,,,,,,,,,,,,,,,,,,,,,,,,,,,,,,,,,,,,,,,,,,,,,,,,,,,,,,,,,,,,,,,,,,,,,,,,,,,,,,,,,,,,,,,,,,,,,,,,,,,,,,,,,,,,,,,,,,,,,,,,,,,,,,,,,,,,,,,,,,,,,,,,,,,,,,,,,,,,,,,
Damping Ratio:,0.05,,,,,,,,,,,,,,,,,,,,,,,,,,,,,,,,,,,,,,,,,,,,,,,,,,,,,,,,,,,,,,,,,,,,,,,,,,,,,,,,,,,,,,,,,,,,,,,,,,,,,,,,,,,,,,,,,,,,,,,,,,,,,,,,,,,,,,,,,,,,,,,,,,,,,,,,,,,,,,,,,,,,,,,,,,,,,,,,,,,,,,,,,,,,,,,,,,,,,,,,,,,,,,,,,,,,,,,,,,,,,,,,,,,,,,,,,,,,,,,,,,,,,,,,
Scaling Method:, No Scaling,,,,,,,,,,,,,,,,,,,,,,,,,,,,,,,,,,,,,,,,,,,,,,,,,,,,,,,,,,,,,,,,,,,,,,,,,,,,,,,,,,,,,,,,,,,,,,,,,,,,,,,,,,,,,,,,,,,,,,,,,,,,,,,,,,,,,,,,,,,,,,,,,,,,,,,,,,,,,,,,,,,,,,,,,,,,,,,,,,,,,,,,,,,,,,,,,,,,,,,,,,,,,,,,,,,,,,,,,,,,,,,,,,,,,,,,,,,,,,,,,,,,,,,,
Suite Average:, Arithmetic,,,,,,,,,,,,,,,,,,,,,,,,,,,,,,,,,,,,,,,,,,,,,,,,,,,,,,,,,,,,,,,,,,,,,,,,,,,,,,,,,,,,,,,,,,,,,,,,,,,,,,,,,,,,,,,,,,,,,,,,,,,,,,,,,,,,,,,,,,,,,,,,,,,,,,,,,,,,,,,,,,,,,,,,,,,,,,,,,,,,,,,,,,,,,,,,,,,,,,,,,,,,,,,,,,,,,,,,,,,,,,,,,,,,,,,,,,,,,,,,,,,,,,,,
Single-Period-Scaling Period (sec):, ,,,,,,,,,,,,,,,,,,,,,,,,,,,,,,,,,,,,,,,,,,,,,,,,,,,,,,,,,,,,,,,,,,,,,,,,,,,,,,,,,,,,,,,,,,,,,,,,,,,,,,,,,,,,,,,,,,,,,,,,,,,,,,,,,,,,,,,,,,,,,,,,,,,,,,,,,,,,,,,,,,,,,,,,,,,,,,,,,,,,,,,,,,,,,,,,,,,,,,,,,,,,,,,,,,,,,,,,,,,,,,,,,,,,,,,,,,,,,,,,,,,,,,,,
Component:, SRSS,,,,,,,,,,,,,,,,,,,,,,,,,,,,,,,,,,,,,,,,,,,,,,,,,,,,,,,,,,,,,,,,,,,,,,,,,,,,,,,,,,,,,,,,,,,,,,,,,,,,,,,,,,,,,,,,,,,,,,,,,,,,,,,,,,,,,,,,,,,,,,,,,,,,,,,,,,,,,,,,,,,,,,,,,,,,,,,,,,,,,,,,,,,,,,,,,,,,,,,,,,,,,,,,,,,,,,,,,,,,,,,,,,,,,,,,,,,,,,,,,,,,,,,,
Fault Type:, SS+Reverse,,,,,,,,,,,,,,,,,,,,,,,,,,,,,,,,,,,,,,,,,,,,,,,,,,,,,,,,,,,,,,,,,,,,,,,,,,,,,,,,,,,,,,,,,,,,,,,,,,,,,,,,,,,,,,,,,,,,,,,,,,,,,,,,,,,,,,,,,,,,,,,,,,,,,,,,,,,,,,,,,,,,,,,,,,,,,,,,,,,,,,,,,,,,,,,,,,,,,,,,,,,,,,,,,,,,,,,,,,,,,,,,,,,,,,,,,,,,,,,,,,,,,,,,
,,,,,,,,,,,,,,,,,,,,,,,,,,,,,,,,,,,,,,,,,,,,,,,,,,,,,,,,,,,,,,,,,,,,,,,,,,,,,,,,,,,,,,,,,,,,,,,,,,,,,,,,,,,,,,,,,,,,,,,,,,,,,,,,,,,,,,,,,,,,,,,,,,,,,,,,,,,,,,,,,,,,,,,,,,,,,,,,,,,,,,,,,,,,,,,,,,,,,,,,,,,,,,,,,,,,,,,,,,,,,,,,,,,,,,,,,,,,,,,,,,,,,,,,,
,,,,,,,,,,,,,,,,,,,,,,,,,,,,,,,,,,,,,,,,,,,,,,,,,,,,,,,,,,,,,,,,,,,,,,,,,,,,,,,,,,,,,,,,,,,,,,,,,,,,,,,,,,,,,,,,,,,,,,,,,,,,,,,,,,,,,,,,,,,,,,,,,,,,,,,,,,,,,,,,,,,,,,,,,,,,,,,,,,,,,,,,,,,,,,,,,,,,,,,,,,,,,,,,,,,,,,,,,,,,,,,,,,,,,,,,,,,,,,,,,,,,,,,,,
 -- Summary of Metadata of Selected Records --,,,,,,,,,,,,,,,,,,,,,,,,,,,,,,,,,,,,,,,,,,,,,,,,,,,,,,,,,,,,,,,,,,,,,,,,,,,,,,,,,,,,,,,,,,,,,,,,,,,,,,,,,,,,,,,,,,,,,,,,,,,,,,,,,,,,,,,,,,,,,,,,,,,,,,,,,,,,,,,,,,,,,,,,,,,,,,,,,,,,,,,,,,,,,,,,,,,,,,,,,,,,,,,,,,,,,,,,,,,,,,,,,,,,,,,,,,,,,,,,,,,,,,,,,
Result ID, Spectral Ordinate, Record Sequence Number, Mean Squared Error, Scale Factor, Tp-Pulse Period (sec), 5-75% Duration (sec), 5-95% Duration (sec), Arias Intensity (m/sec), Earthquake Name, Year, Station Name, Magnitude, Mechanism, Rjb (km), Rrup (km), Vs30 (m/sec), Lowest Useable Frequency (Hz), Initial-search Scale Factor, Horizontal-1 Acc. Filename, Horizontal-2 Acc. Filename, Vertical Acc. Filename,,,,,,,,,,,,,,,,,,,,,,,,,,,,,,,,,,,,,,,,,,,,,,,,,,,,,,,,,,,,,,,,,,,,,,,,,,,,,,,,,,,,,,,,,,,,,,,,,,,,,,,,,,,,,,,,,,,,,,,,,,,,,,,,,,,,,,,,,,,,,,,,,,,,,,,,,,,,,,,,,,,,,,,,,,,,,,,,,,,,,,,,,,,,,,,,,,,,,,,,,,,,,,,,,,,,,,,,,,,,,,,,,,,,
1, SRSS,20, -,1, -,6.8,19.4,0.5," ""Northern Calif-03""",1954," ""Ferndale City Hall""",6.5, strike slip,26.72,27.02,219.31,0.125,1, RSN20_NCALIF.FH_H-FRN044.AT2, RSN20_NCALIF.FH_H-FRN314.AT2 , RSN20_NCALIF.FH_H-FRN-UP.AT2  ,,,,,,,,,,,,,,,,,,,,,,,,,,,,,,,,,,,,,,,,,,,,,,,,,,,,,,,,,,,,,,,,,,,,,,,,,,,,,,,,,,,,,,,,,,,,,,,,,,,,,,,,,,,,,,,,,,,,,,,,,,,,,,,,,,,,,,,,,,,,,,,,,,,,,,,,,,,,,,,,,,,,,,,,,,,,,,,,,,,,,,,,,,,,,,,,,,,,,,,,,,,,,,,,,,,,,,,,,,,,,,,,,,,,
2, SRSS,126, -,1, -,5.6,7,5.7," ""Gazli_ USSR""",1976," ""Karakyr""",6.8, Reverse,3.92,5.46,259.59,0.25,1, RSN126_GAZLI_GAZ000.AT2, RSN126_GAZLI_GAZ090.AT2 , RSN126_GAZLI_GAZ-UP.AT2  ,,,,,,,,,,,,,,,,,,,,,,,,,,,,,,,,,,,,,,,,,,,,,,,,,,,,,,,,,,,,,,,,,,,,,,,,,,,,,,,,,,,,,,,,,,,,,,,,,,,,,,,,,,,,,,,,,,,,,,,,,,,,,,,,,,,,,,,,,,,,,,,,,,,,,,,,,,,,,,,,,,,,,,,,,,,,,,,,,,,,,,,,,,,,,,,,,,,,,,,,,,,,,,,,,,,,,,,,,,,,,,,,,,,,
3, SRSS,158, -,1, -,6.1,9.8,1.2," ""Imperial Valley-06""",1979," ""Aeropuerto Mexicali""",6.53, strike slip,0,0.34,259.86,0.2875,1, RSN158_IMPVALL.H_H-AEP045.AT2, RSN158_IMPVALL.H_H-AEP315.AT2 , RSN158_IMPVALL.H_H-AEP-UP.AT2  ,,,,,,,,,,,,,,,,,,,,,,,,,,,,,,,,,,,,,,,,,,,,,,,,,,,,,,,,,,,,,,,,,,,,,,,,,,,,,,,,,,,,,,,,,,,,,,,,,,,,,,,,,,,,,,,,,,,,,,,,,,,,,,,,,,,,,,,,,,,,,,,,,,,,,,,,,,,,,,,,,,,,,,,,,,,,,,,,,,,,,,,,,,,,,,,,,,,,,,,,,,,,,,,,,,,,,,,,,,,,,,,,,,,,
4, SRSS,160, -,1, -,6.1,9.7,6.1," ""Imperial Valley-06""",1979," ""Bonds Corner""",6.53, strike slip,0.44,2.66,223.03,0.125,1, RSN160_IMPVALL.H_H-BCR140.AT2, RSN160_IMPVALL.H_H-BCR230.AT2 , RSN160_IMPVALL.H_H-BCR-UP.AT2  ,,,,,,,,,,,,,,,,,,,,,,,,,,,,,,,,,,,,,,,,,,,,,,,,,,,,,,,,,,,,,,,,,,,,,,,,,,,,,,,,,,,,,,,,,,,,,,,,,,,,,,,,,,,,,,,,,,,,,,,,,,,,,,,,,,,,,,,,,,,,,,,,,,,,,,,,,,,,,,,,,,,,,,,,,,,,,,,,,,,,,,,,,,,,,,,,,,,,,,,,,,,,,,,,,,,,,,,,,,,,,,,,,,,,
5, SRSS,162, -,1, -,7.2,14.8,0.9," ""Imperial Valley-06""",1979," ""Calexico Fire Station""",6.53, strike slip,10.45,10.45,231.23,0.05,1, RSN162_IMPVALL.H_H-CXO225.AT2, RSN162_IMPVALL.H_H-CXO315.AT2 , RSN162_IMPVALL.H_H-CXO-UP.AT2  ,,,,,,,,,,,,,,,,,,,,,,,,,,,,,,,,,,,,,,,,,,,,,,,,,,,,,,,,,,,,,,,,,,,,,,,,,,,,,,,,,,,,,,,,,,,,,,,,,,,,,,,,,,,,,,,,,,,,,,,,,,,,,,,,,,,,,,,,,,,,,,,,,,,,,,,,,,,,,,,,,,,,,,,,,,,,,,,,,,,,,,,,,,,,,,,,,,,,,,,,,,,,,,,,,,,,,,,,,,,,,,,,,,,,
6, SRSS,165, -,1, -,13.2,24,1.2," ""Imperial Valley-06""",1979," ""Chihuahua""",6.53, strike slip,7.29,7.29,242.05,0.225,1, RSN165_IMPVALL.H_H-CHI012.AT2, RSN165_IMPVALL.H_H-CHI282.AT2 , RSN165_IMPVALL.H_H-CHIDWN.AT2  ,,,,,,,,,,,,,,,,,,,,,,,,,,,,,,,,,,,,,,,,,,,,,,,,,,,,,,,,,,,,,,,,,,,,,,,,,,,,,,,,,,,,,,,,,,,,,,,,,,,,,,,,,,,,,,,,,,,,,,,,,,,,,,,,,,,,,,,,,,,,,,,,,,,,,,,,,,,,,,,,,,,,,,,,,,,,,,,,,,,,,,,,,,,,,,,,,,,,,,,,,,,,,,,,,,,,,,,,,,,,,,,,,,,,
7, SRSS,167, -,1, -,13.4,28.7,0.4," ""Imperial Valley-06""",1979," ""Compuertas""",6.53, strike slip,13.52,15.3,259.86,0.15,1, RSN167_IMPVALL.H_H-CMP015.AT2, RSN167_IMPVALL.H_H-CMP285.AT2 , RSN167_IMPVALL.H_H-CMPDWN.AT2  ,,,,,,,,,,,,,,,,,,,,,,,,,,,,,,,,,,,,,,,,,,,,,,,,,,,,,,,,,,,,,,,,,,,,,,,,,,,,,,,,,,,,,,,,,,,,,,,,,,,,,,,,,,,,,,,,,,,,,,,,,,,,,,,,,,,,,,,,,,,,,,,,,,,,,,,,,,,,,,,,,,,,,,,,,,,,,,,,,,,,,,,,,,,,,,,,,,,,,,,,,,,,,,,,,,,,,,,,,,,,,,,,,,,,
8, SRSS,169, -,1, -,24.4,51.4,3.3," ""Imperial Valley-06""",1979," ""Delta""",6.53, strike slip,22.03,22.03,242.05,0.0875,1, RSN169_IMPVALL.H_H-DLT262.AT2, RSN169_IMPVALL.H_H-DLT352.AT2 , RSN169_IMPVALL.H_H-DLTDWN.AT2  ,,,,,,,,,,,,,,,,,,,,,,,,,,,,,,,,,,,,,,,,,,,,,,,,,,,,,,,,,,,,,,,,,,,,,,,,,,,,,,,,,,,,,,,,,,,,,,,,,,,,,,,,,,,,,,,,,,,,,,,,,,,,,,,,,,,,,,,,,,,,,,,,,,,,,,,,,,,,,,,,,,,,,,,,,,,,,,,,,,,,,,,,,,,,,,,,,,,,,,,,,,,,,,,,,,,,,,,,,,,,,,,,,,,,
9, SRSS,172, -,1, -,7,19.5,0.3," ""Imperial Valley-06""",1979," ""El Centro Array #1""",6.53, strike slip,19.76,21.68,237.33,0.1125,1, RSN172_IMPVALL.H_H-E01140.AT2, RSN172_IMPVALL.H_H-E01230.AT2 , RSN172_IMPVALL.H_H-E01-UP.AT2  ,,,,,,,,,,,,,,,,,,,,,,,,,,,,,,,,,,,,,,,,,,,,,,,,,,,,,,,,,,,,,,,,,,,,,,,,,,,,,,,,,,,,,,,,,,,,,,,,,,,,,,,,,,,,,,,,,,,,,,,,,,,,,,,,,,,,,,,,,,,,,,,,,,,,,,,,,,,,,,,,,,,,,,,,,,,,,,,,,,,,,,,,,,,,,,,,,,,,,,,,,,,,,,,,,,,,,,,,,,,,,,,,,,,,
10, SRSS,176, -,1, -,8.9,21.6,0.3," ""Imperial Valley-06""",1979," ""El Centro Array #13""",6.53, strike slip,21.98,21.98,249.92,0.1,1, RSN176_IMPVALL.H_H-E13140.AT2, RSN176_IMPVALL.H_H-E13230.AT2 , RSN176_IMPVALL.H_H-E13-UP.AT2  ,,,,,,,,,,,,,,,,,,,,,,,,,,,,,,,,,,,,,,,,,,,,,,,,,,,,,,,,,,,,,,,,,,,,,,,,,,,,,,,,,,,,,,,,,,,,,,,,,,,,,,,,,,,,,,,,,,,,,,,,,,,,,,,,,,,,,,,,,,,,,,,,,,,,,,,,,,,,,,,,,,,,,,,,,,,,,,,,,,,,,,,,,,,,,,,,,,,,,,,,,,,,,,,,,,,,,,,,,,,,,,,,,,,,
11, SRSS,737, -,1, -,9.8,27.5,0.5," ""Loma Prieta""",1989," ""Agnews State Hospital""",6.93, Reverse Oblique,24.27,24.57,239.69,0.10375,1, RSN737_LOMAP_AGW000.AT2, RSN737_LOMAP_AGW090.AT2 , RSN737_LOMAP_AGW-UP.AT2  ,,,,,,,,,,,,,,,,,,,,,,,,,,,,,,,,,,,,,,,,,,,,,,,,,,,,,,,,,,,,,,,,,,,,,,,,,,,,,,,,,,,,,,,,,,,,,,,,,,,,,,,,,,,,,,,,,,,,,,,,,,,,,,,,,,,,,,,,,,,,,,,,,,,,,,,,,,,,,,,,,,,,,,,,,,,,,,,,,,,,,,,,,,,,,,,,,,,,,,,,,,,,,,,,,,,,,,,,,,,,,,,,,,,,
12, SRSS,752, -,1, -,5.6,13.2,4.4," ""Loma Prieta""",1989," ""Capitola""",6.93, Reverse Oblique,8.65,15.23,288.62,0.25,1, RSN752_LOMAP_CAP000.AT2, RSN752_LOMAP_CAP090.AT2 , RSN752_LOMAP_CAP-UP.AT2  ,,,,,,,,,,,,,,,,,,,,,,,,,,,,,,,,,,,,,,,,,,,,,,,,,,,,,,,,,,,,,,,,,,,,,,,,,,,,,,,,,,,,,,,,,,,,,,,,,,,,,,,,,,,,,,,,,,,,,,,,,,,,,,,,,,,,,,,,,,,,,,,,,,,,,,,,,,,,,,,,,,,,,,,,,,,,,,,,,,,,,,,,,,,,,,,,,,,,,,,,,,,,,,,,,,,,,,,,,,,,,,,,,,,,
13, SRSS,754, -,1, -,4.9,13.4,0.5," ""Loma Prieta""",1989," ""Coyote Lake Dam (Downst)""",6.93, Reverse Oblique,20.44,20.8,295.01,0.125,1, RSN754_LOMAP_CLD195.AT2, RSN754_LOMAP_CLD285.AT2 , RSN754_LOMAP_CLD-UP.AT2  ,,,,,,,,,,,,,,,,,,,,,,,,,,,,,,,,,,,,,,,,,,,,,,,,,,,,,,,,,,,,,,,,,,,,,,,,,,,,,,,,,,,,,,,,,,,,,,,,,,,,,,,,,,,,,,,,,,,,,,,,,,,,,,,,,,,,,,,,,,,,,,,,,,,,,,,,,,,,,,,,,,,,,,,,,,,,,,,,,,,,,,,,,,,,,,,,,,,,,,,,,,,,,,,,,,,,,,,,,,,,,,,,,,,,
14, SRSS,768, -,1, -,5.4,14.8,1.3," ""Loma Prieta""",1989," ""Gilroy Array #4""",6.93, Reverse Oblique,13.81,14.34,221.78,0.1125,1, RSN768_LOMAP_G04000.AT2, RSN768_LOMAP_G04090.AT2 , RSN768_LOMAP_G04-UP.AT2  ,,,,,,,,,,,,,,,,,,,,,,,,,,,,,,,,,,,,,,,,,,,,,,,,,,,,,,,,,,,,,,,,,,,,,,,,,,,,,,,,,,,,,,,,,,,,,,,,,,,,,,,,,,,,,,,,,,,,,,,,,,,,,,,,,,,,,,,,,,,,,,,,,,,,,,,,,,,,,,,,,,,,,,,,,,,,,,,,,,,,,,,,,,,,,,,,,,,,,,,,,,,,,,,,,,,,,,,,,,,,,,,,,,,,
15, SRSS,776, -,1, -,10.7,28.8,2.2," ""Loma Prieta""",1989," ""Hollister - South & Pine""",6.93, Reverse Oblique,27.67,27.93,282.14,0.0875,1, RSN776_LOMAP_HSP000.AT2, RSN776_LOMAP_HSP090.AT2 , RSN776_LOMAP_HSP-UP.AT2  ,,,,,,,,,,,,,,,,,,,,,,,,,,,,,,,,,,,,,,,,,,,,,,,,,,,,,,,,,,,,,,,,,,,,,,,,,,,,,,,,,,,,,,,,,,,,,,,,,,,,,,,,,,,,,,,,,,,,,,,,,,,,,,,,,,,,,,,,,,,,,,,,,,,,,,,,,,,,,,,,,,,,,,,,,,,,,,,,,,,,,,,,,,,,,,,,,,,,,,,,,,,,,,,,,,,,,,,,,,,,,,,,,,,,
16, SRSS,778, -,1, -,4.2,13.3,1," ""Loma Prieta""",1989," ""Hollister Differential Array""",6.93, Reverse Oblique,24.52,24.82,215.54,0.0875,1, RSN778_LOMAP_HDA165.AT2, RSN778_LOMAP_HDA255.AT2 , RSN778_LOMAP_HDA-UP.AT2  ,,,,,,,,,,,,,,,,,,,,,,,,,,,,,,,,,,,,,,,,,,,,,,,,,,,,,,,,,,,,,,,,,,,,,,,,,,,,,,,,,,,,,,,,,,,,,,,,,,,,,,,,,,,,,,,,,,,,,,,,,,,,,,,,,,,,,,,,,,,,,,,,,,,,,,,,,,,,,,,,,,,,,,,,,,,,,,,,,,,,,,,,,,,,,,,,,,,,,,,,,,,,,,,,,,,,,,,,,,,,,,,,,,,,
17, SRSS,806, -,1, -,9.9,25.3,0.8," ""Loma Prieta""",1989," ""Sunnyvale - Colton Ave.""",6.93, Reverse Oblique,23.92,24.23,267.71,0.1,1, RSN806_LOMAP_SVL270.AT2, RSN806_LOMAP_SVL360.AT2 , RSN806_LOMAP_SVL-UP.AT2  ,,,,,,,,,,,,,,,,,,,,,,,,,,,,,,,,,,,,,,,,,,,,,,,,,,,,,,,,,,,,,,,,,,,,,,,,,,,,,,,,,,,,,,,,,,,,,,,,,,,,,,,,,,,,,,,,,,,,,,,,,,,,,,,,,,,,,,,,,,,,,,,,,,,,,,,,,,,,,,,,,,,,,,,,,,,,,,,,,,,,,,,,,,,,,,,,,,,,,,,,,,,,,,,,,,,,,,,,,,,,,,,,,,,,
18, SRSS,949, -,1, -,6.4,13.5,1.5," ""Northridge-01""",1994," ""Arleta - Nordhoff Fire Sta""",6.69, Reverse,3.3,8.66,297.71,0.12,1, RSN949_NORTHR_ARL090.AT2, RSN949_NORTHR_ARL360.AT2 , RSN949_NORTHR_ARL-UP.AT2  ,,,,,,,,,,,,,,,,,,,,,,,,,,,,,,,,,,,,,,,,,,,,,,,,,,,,,,,,,,,,,,,,,,,,,,,,,,,,,,,,,,,,,,,,,,,,,,,,,,,,,,,,,,,,,,,,,,,,,,,,,,,,,,,,,,,,,,,,,,,,,,,,,,,,,,,,,,,,,,,,,,,,,,,,,,,,,,,,,,,,,,,,,,,,,,,,,,,,,,,,,,,,,,,,,,,,,,,,,,,,,,,,,,,,
19, SRSS,959, -,1, -,6.6,11.9,2.8," ""Northridge-01""",1994," ""Canoga Park - Topanga Can""",6.69, Reverse,0,14.7,267.49,0.125,1, RSN959_NORTHR_CNP106.AT2, RSN959_NORTHR_CNP196.AT2 , RSN959_NORTHR_CNP-UP.AT2  ,,,,,,,,,,,,,,,,,,,,,,,,,,,,,,,,,,,,,,,,,,,,,,,,,,,,,,,,,,,,,,,,,,,,,,,,,,,,,,,,,,,,,,,,,,,,,,,,,,,,,,,,,,,,,,,,,,,,,,,,,,,,,,,,,,,,,,,,,,,,,,,,,,,,,,,,,,,,,,,,,,,,,,,,,,,,,,,,,,,,,,,,,,,,,,,,,,,,,,,,,,,,,,,,,,,,,,,,,,,,,,,,,,,,
20, SRSS,985, -,1, -,8,17.3,0.7," ""Northridge-01""",1994," ""LA - Baldwin Hills""",6.69, Reverse,23.5,29.88,297.07,0.16,1, RSN985_NORTHR_BLD090.AT2, RSN985_NORTHR_BLD360.AT2 , RSN985_NORTHR_BLD-UP.AT2  ,,,,,,,,,,,,,,,,,,,,,,,,,,,,,,,,,,,,,,,,,,,,,,,,,,,,,,,,,,,,,,,,,,,,,,,,,,,,,,,,,,,,,,,,,,,,,,,,,,,,,,,,,,,,,,,,,,,,,,,,,,,,,,,,,,,,,,,,,,,,,,,,,,,,,,,,,,,,,,,,,,,,,,,,,,,,,,,,,,,,,,,,,,,,,,,,,,,,,,,,,,,,,,,,,,,,,,,,,,,,,,,,,,,,
21, SRSS,988, -,1, -,7.2,13.6,1.2," ""Northridge-01""",1994," ""LA - Century City CC North""",6.69, Reverse,15.53,23.41,277.98,0.14,1, RSN988_NORTHR_CCN090.AT2, RSN988_NORTHR_CCN360.AT2 , RSN988_NORTHR_CCN-UP.AT2  ,,,,,,,,,,,,,,,,,,,,,,,,,,,,,,,,,,,,,,,,,,,,,,,,,,,,,,,,,,,,,,,,,,,,,,,,,,,,,,,,,,,,,,,,,,,,,,,,,,,,,,,,,,,,,,,,,,,,,,,,,,,,,,,,,,,,,,,,,,,,,,,,,,,,,,,,,,,,,,,,,,,,,,,,,,,,,,,,,,,,,,,,,,,,,,,,,,,,,,,,,,,,,,,,,,,,,,,,,,,,,,,,,,,,
22, SRSS,996, -,1, -,5.7,10.3,0.9," ""Northridge-01""",1994," ""LA - N Faring Rd""",6.69, Reverse,12.42,20.81,255,0.1625,1, RSN996_NORTHR_FAR000.AT2, RSN996_NORTHR_FAR090.AT2 , RSN996_NORTHR_FAR-UP.AT2  ,,,,,,,,,,,,,,,,,,,,,,,,,,,,,,,,,,,,,,,,,,,,,,,,,,,,,,,,,,,,,,,,,,,,,,,,,,,,,,,,,,,,,,,,,,,,,,,,,,,,,,,,,,,,,,,,,,,,,,,,,,,,,,,,,,,,,,,,,,,,,,,,,,,,,,,,,,,,,,,,,,,,,,,,,,,,,,,,,,,,,,,,,,,,,,,,,,,,,,,,,,,,,,,,,,,,,,,,,,,,,,,,,,,,
23, SRSS,1003, -,1, -,5.5,11.6,1.6," ""Northridge-01""",1994," ""LA - Saturn St""",6.69, Reverse,21.17,27.01,308.71,0.1875,1, RSN1003_NORTHR_STN020.AT2, RSN1003_NORTHR_STN110.AT2 , RSN1003_NORTHR_STN-UP.AT2  ,,,,,,,,,,,,,,,,,,,,,,,,,,,,,,,,,,,,,,,,,,,,,,,,,,,,,,,,,,,,,,,,,,,,,,,,,,,,,,,,,,,,,,,,,,,,,,,,,,,,,,,,,,,,,,,,,,,,,,,,,,,,,,,,,,,,,,,,,,,,,,,,,,,,,,,,,,,,,,,,,,,,,,,,,,,,,,,,,,,,,,,,,,,,,,,,,,,,,,,,,,,,,,,,,,,,,,,,,,,,,,,,,,,,
24, SRSS,1048, -,1, -,6.6,15.7,4.6," ""Northridge-01""",1994," ""Northridge - 17645 Saticoy St""",6.69, Reverse,0,12.09,280.86,0.1625,1, RSN1048_NORTHR_STC090.AT2, RSN1048_NORTHR_STC180.AT2 ,  -----   ,,,,,,,,,,,,,,,,,,,,,,,,,,,,,,,,,,,,,,,,,,,,,,,,,,,,,,,,,,,,,,,,,,,,,,,,,,,,,,,,,,,,,,,,,,,,,,,,,,,,,,,,,,,,,,,,,,,,,,,,,,,,,,,,,,,,,,,,,,,,,,,,,,,,,,,,,,,,,,,,,,,,,,,,,,,,,,,,,,,,,,,,,,,,,,,,,,,,,,,,,,,,,,,,,,,,,,,,,,,,,,,,,,,,
25, SRSS,1087, -,1, -,7.1,12.6,22.7," ""Northridge-01""",1994," ""Tarzana - Cedar Hill A""",6.69, Reverse,0.37,15.6,257.21,0.1,1, RSN1087_NORTHR_TAR090.AT2, RSN1087_NORTHR_TAR360.AT2 , RSN1087_NORTHR_TAR-UP.AT2  ,,,,,,,,,,,,,,,,,,,,,,,,,,,,,,,,,,,,,,,,,,,,,,,,,,,,,,,,,,,,,,,,,,,,,,,,,,,,,,,,,,,,,,,,,,,,,,,,,,,,,,,,,,,,,,,,,,,,,,,,,,,,,,,,,,,,,,,,,,,,,,,,,,,,,,,,,,,,,,,,,,,,,,,,,,,,,,,,,,,,,,,,,,,,,,,,,,,,,,,,,,,,,,,,,,,,,,,,,,,,,,,,,,,,
26, SRSS,1100, -,1, -,13.3,56.4,0.6," ""Kobe_ Japan""",1995," ""Abeno""",6.9, strike slip,24.85,24.85,256,0.025,1, RSN1100_KOBE_ABN000.AT2, RSN1100_KOBE_ABN090.AT2 , RSN1100_KOBE_ABN-UP.AT2  ,,,,,,,,,,,,,,,,,,,,,,,,,,,,,,,,,,,,,,,,,,,,,,,,,,,,,,,,,,,,,,,,,,,,,,,,,,,,,,,,,,,,,,,,,,,,,,,,,,,,,,,,,,,,,,,,,,,,,,,,,,,,,,,,,,,,,,,,,,,,,,,,,,,,,,,,,,,,,,,,,,,,,,,,,,,,,,,,,,,,,,,,,,,,,,,,,,,,,,,,,,,,,,,,,,,,,,,,,,,,,,,,,,,,
27, SRSS,1101, -,1, -,6.9,19.4,2," ""Kobe_ Japan""",1995," ""Amagasaki""",6.9, strike slip,11.34,11.34,256,0.125,1, RSN1101_KOBE_AMA000.AT2, RSN1101_KOBE_AMA090.AT2 , RSN1101_KOBE_AMA-UP.AT2  ,,,,,,,,,,,,,,,,,,,,,,,,,,,,,,,,,,,,,,,,,,,,,,,,,,,,,,,,,,,,,,,,,,,,,,,,,,,,,,,,,,,,,,,,,,,,,,,,,,,,,,,,,,,,,,,,,,,,,,,,,,,,,,,,,,,,,,,,,,,,,,,,,,,,,,,,,,,,,,,,,,,,,,,,,,,,,,,,,,,,,,,,,,,,,,,,,,,,,,,,,,,,,,,,,,,,,,,,,,,,,,,,,,,,
28, SRSS,1104, -,1, -,21.4,35.7,1.4," ""Kobe_ Japan""",1995," ""Fukushima""",6.9, strike slip,17.85,17.85,256,0.1,1, RSN1104_KOBE_FKS000.AT2, RSN1104_KOBE_FKS090.AT2 , RSN1104_KOBE_FKS-UP.AT2  ,,,,,,,,,,,,,,,,,,,,,,,,,,,,,,,,,,,,,,,,,,,,,,,,,,,,,,,,,,,,,,,,,,,,,,,,,,,,,,,,,,,,,,,,,,,,,,,,,,,,,,,,,,,,,,,,,,,,,,,,,,,,,,,,,,,,,,,,,,,,,,,,,,,,,,,,,,,,,,,,,,,,,,,,,,,,,,,,,,,,,,,,,,,,,,,,,,,,,,,,,,,,,,,,,,,,,,,,,,,,,,,,,,,,
29, SRSS,1107, -,1, -,8.2,13.2,1.7," ""Kobe_ Japan""",1995," ""Kakogawa""",6.9, strike slip,22.5,22.5,312,0.125,1, RSN1107_KOBE_KAK000.AT2, RSN1107_KOBE_KAK090.AT2 , RSN1107_KOBE_KAK-UP.AT2  ,,,,,,,,,,,,,,,,,,,,,,,,,,,,,,,,,,,,,,,,,,,,,,,,,,,,,,,,,,,,,,,,,,,,,,,,,,,,,,,,,,,,,,,,,,,,,,,,,,,,,,,,,,,,,,,,,,,,,,,,,,,,,,,,,,,,,,,,,,,,,,,,,,,,,,,,,,,,,,,,,,,,,,,,,,,,,,,,,,,,,,,,,,,,,,,,,,,,,,,,,,,,,,,,,,,,,,,,,,,,,,,,,,,,
30, SRSS,1110, -,1, -,17.5,55.2,1.2," ""Kobe_ Japan""",1995," ""Morigawachi""",6.9, strike slip,24.78,24.78,256,0.1,1, RSN1110_KOBE_MRG000.AT2, RSN1110_KOBE_MRG090.AT2 , RSN1110_KOBE_MRG-UP.AT2  ,,,,,,,,,,,,,,,,,,,,,,,,,,,,,,,,,,,,,,,,,,,,,,,,,,,,,,,,,,,,,,,,,,,,,,,,,,,,,,,,,,,,,,,,,,,,,,,,,,,,,,,,,,,,,,,,,,,,,,,,,,,,,,,,,,,,,,,,,,,,,,,,,,,,,,,,,,,,,,,,,,,,,,,,,,,,,,,,,,,,,,,,,,,,,,,,,,,,,,,,,,,,,,,,,,,,,,,,,,,,,,,,,,,,
31, SRSS,1113, -,1, -,22.3,74.6,0.2," ""Kobe_ Japan""",1995," ""OSAJ""",6.9, strike slip,21.35,21.35,256,0.0625,1, RSN1113_KOBE_OSA000.AT2, RSN1113_KOBE_OSA090.AT2 , RSN1113_KOBE_OSA-UP.AT2  ,,,,,,,,,,,,,,,,,,,,,,,,,,,,,,,,,,,,,,,,,,,,,,,,,,,,,,,,,,,,,,,,,,,,,,,,,,,,,,,,,,,,,,,,,,,,,,,,,,,,,,,,,,,,,,,,,,,,,,,,,,,,,,,,,,,,,,,,,,,,,,,,,,,,,,,,,,,,,,,,,,,,,,,,,,,,,,,,,,,,,,,,,,,,,,,,,,,,,,,,,,,,,,,,,,,,,,,,,,,,,,,,,,,,
32, SRSS,1115, -,1, -,12.6,60.1,0.6," ""Kobe_ Japan""",1995," ""Sakai""",6.9, strike slip,28.08,28.08,256,0.125,1, RSN1115_KOBE_SKI000.AT2, RSN1115_KOBE_SKI090.AT2 , RSN1115_KOBE_SKI-UP.AT2  ,,,,,,,,,,,,,,,,,,,,,,,,,,,,,,,,,,,,,,,,,,,,,,,,,,,,,,,,,,,,,,,,,,,,,,,,,,,,,,,,,,,,,,,,,,,,,,,,,,,,,,,,,,,,,,,,,,,,,,,,,,,,,,,,,,,,,,,,,,,,,,,,,,,,,,,,,,,,,,,,,,,,,,,,,,,,,,,,,,,,,,,,,,,,,,,,,,,,,,,,,,,,,,,,,,,,,,,,,,,,,,,,,,,,
33, SRSS,1116, -,1, -,4.5,11.6,0.8," ""Kobe_ Japan""",1995," ""Shin-Osaka""",6.9, strike slip,19.14,19.15,256,0.125,1, RSN1116_KOBE_SHI000.AT2, RSN1116_KOBE_SHI090.AT2 , RSN1116_KOBE_SHI-UP.AT2  ,,,,,,,,,,,,,,,,,,,,,,,,,,,,,,,,,,,,,,,,,,,,,,,,,,,,,,,,,,,,,,,,,,,,,,,,,,,,,,,,,,,,,,,,,,,,,,,,,,,,,,,,,,,,,,,,,,,,,,,,,,,,,,,,,,,,,,,,,,,,,,,,,,,,,,,,,,,,,,,,,,,,,,,,,,,,,,,,,,,,,,,,,,,,,,,,,,,,,,,,,,,,,,,,,,,,,,,,,,,,,,,,,,,,
34, SRSS,1121, -,1, -,20.3,44.2,1.1," ""Kobe_ Japan""",1995," ""Yae""",6.9, strike slip,27.77,27.77,256,0,1, RSN1121_KOBE_YAE000.AT2, RSN1121_KOBE_YAE090.AT2 , RSN1121_KOBE_YAE-UP.AT2  ,,,,,,,,,,,,,,,,,,,,,,,,,,,,,,,,,,,,,,,,,,,,,,,,,,,,,,,,,,,,,,,,,,,,,,,,,,,,,,,,,,,,,,,,,,,,,,,,,,,,,,,,,,,,,,,,,,,,,,,,,,,,,,,,,,,,,,,,,,,,,,,,,,,,,,,,,,,,,,,,,,,,,,,,,,,,,,,,,,,,,,,,,,,,,,,,,,,,,,,,,,,,,,,,,,,,,,,,,,,,,,,,,,,,
35, SRSS,1158, -,1, -,6.1,11.8,1.3," ""Kocaeli_ Turkey""",1999," ""Duzce""",7.51, strike slip,13.6,15.37,281.86,0.1,1, RSN1158_KOCAELI_DZC180.AT2, RSN1158_KOCAELI_DZC270.AT2 , RSN1158_KOCAELI_DZC-UP.AT2  ,,,,,,,,,,,,,,,,,,,,,,,,,,,,,,,,,,,,,,,,,,,,,,,,,,,,,,,,,,,,,,,,,,,,,,,,,,,,,,,,,,,,,,,,,,,,,,,,,,,,,,,,,,,,,,,,,,,,,,,,,,,,,,,,,,,,,,,,,,,,,,,,,,,,,,,,,,,,,,,,,,,,,,,,,,,,,,,,,,,,,,,,,,,,,,,,,,,,,,,,,,,,,,,,,,,,,,,,,,,,,,,,,,,,
36, SRSS,1180, -,1, -,31.6,54.4,0.8," ""Chi-Chi_ Taiwan""",1999," ""CHY002""",7.62, Reverse Oblique,24.96,24.96,235.13,0.0375,1, RSN1180_CHICHI_CHY002-N.AT2, RSN1180_CHICHI_CHY002-W.AT2 , RSN1180_CHICHI_CHY002-V.AT2  ,,,,,,,,,,,,,,,,,,,,,,,,,,,,,,,,,,,,,,,,,,,,,,,,,,,,,,,,,,,,,,,,,,,,,,,,,,,,,,,,,,,,,,,,,,,,,,,,,,,,,,,,,,,,,,,,,,,,,,,,,,,,,,,,,,,,,,,,,,,,,,,,,,,,,,,,,,,,,,,,,,,,,,,,,,,,,,,,,,,,,,,,,,,,,,,,,,,,,,,,,,,,,,,,,,,,,,,,,,,,,,,,,,,,
37, SRSS,1194, -,1, -,22.2,35.3,1.2," ""Chi-Chi_ Taiwan""",1999," ""CHY025""",7.62, Reverse Oblique,19.07,19.07,277.5,0.0625,1, RSN1194_CHICHI_CHY025-E.AT2, RSN1194_CHICHI_CHY025-N.AT2 , RSN1194_CHICHI_CHY025-V.AT2  ,,,,,,,,,,,,,,,,,,,,,,,,,,,,,,,,,,,,,,,,,,,,,,,,,,,,,,,,,,,,,,,,,,,,,,,,,,,,,,,,,,,,,,,,,,,,,,,,,,,,,,,,,,,,,,,,,,,,,,,,,,,,,,,,,,,,,,,,,,,,,,,,,,,,,,,,,,,,,,,,,,,,,,,,,,,,,,,,,,,,,,,,,,,,,,,,,,,,,,,,,,,,,,,,,,,,,,,,,,,,,,,,,,,,
38, SRSS,1195, -,1, -,33.8,44.7,0.6," ""Chi-Chi_ Taiwan""",1999," ""CHY026""",7.62, Reverse Oblique,29.52,29.52,226.01,0.05,1, RSN1195_CHICHI_CHY026-E.AT2, RSN1195_CHICHI_CHY026-N.AT2 , RSN1195_CHICHI_CHY026-V.AT2  ,,,,,,,,,,,,,,,,,,,,,,,,,,,,,,,,,,,,,,,,,,,,,,,,,,,,,,,,,,,,,,,,,,,,,,,,,,,,,,,,,,,,,,,,,,,,,,,,,,,,,,,,,,,,,,,,,,,,,,,,,,,,,,,,,,,,,,,,,,,,,,,,,,,,,,,,,,,,,,,,,,,,,,,,,,,,,,,,,,,,,,,,,,,,,,,,,,,,,,,,,,,,,,,,,,,,,,,,,,,,,,,,,,,,
39, SRSS,1203, -,1, -,12.3,32.8,1.9," ""Chi-Chi_ Taiwan""",1999," ""CHY036""",7.62, Reverse Oblique,16.04,16.04,233.14,0.0625,1, RSN1203_CHICHI_CHY036-E.AT2, RSN1203_CHICHI_CHY036-N.AT2 , RSN1203_CHICHI_CHY036-V.AT2  ,,,,,,,,,,,,,,,,,,,,,,,,,,,,,,,,,,,,,,,,,,,,,,,,,,,,,,,,,,,,,,,,,,,,,,,,,,,,,,,,,,,,,,,,,,,,,,,,,,,,,,,,,,,,,,,,,,,,,,,,,,,,,,,,,,,,,,,,,,,,,,,,,,,,,,,,,,,,,,,,,,,,,,,,,,,,,,,,,,,,,,,,,,,,,,,,,,,,,,,,,,,,,,,,,,,,,,,,,,,,,,,,,,,,
40, SRSS,1238, -,1, -,26.3,51,1," ""Chi-Chi_ Taiwan""",1999," ""CHY092""",7.62, Reverse Oblique,22.69,22.69,253.72,0.0625,1, RSN1238_CHICHI_CHY092-N.AT2, RSN1238_CHICHI_CHY092-W.AT2 , RSN1238_CHICHI_CHY092-V.AT2  ,,,,,,,,,,,,,,,,,,,,,,,,,,,,,,,,,,,,,,,,,,,,,,,,,,,,,,,,,,,,,,,,,,,,,,,,,,,,,,,,,,,,,,,,,,,,,,,,,,,,,,,,,,,,,,,,,,,,,,,,,,,,,,,,,,,,,,,,,,,,,,,,,,,,,,,,,,,,,,,,,,,,,,,,,,,,,,,,,,,,,,,,,,,,,,,,,,,,,,,,,,,,,,,,,,,,,,,,,,,,,,,,,,,,
41, SRSS,1246, -,1, -,26.1,49.9,1.5," ""Chi-Chi_ Taiwan""",1999," ""CHY104""",7.62, Reverse Oblique,18.02,18.02,223.24,0.0625,1, RSN1246_CHICHI_CHY104-N.AT2, RSN1246_CHICHI_CHY104-W.AT2 , RSN1246_CHICHI_CHY104-V.AT2  ,,,,,,,,,,,,,,,,,,,,,,,,,,,,,,,,,,,,,,,,,,,,,,,,,,,,,,,,,,,,,,,,,,,,,,,,,,,,,,,,,,,,,,,,,,,,,,,,,,,,,,,,,,,,,,,,,,,,,,,,,,,,,,,,,,,,,,,,,,,,,,,,,,,,,,,,,,,,,,,,,,,,,,,,,,,,,,,,,,,,,,,,,,,,,,,,,,,,,,,,,,,,,,,,,,,,,,,,,,,,,,,,,,,,
42, SRSS,1537, -,1, -,29.4,45.1,0.9," ""Chi-Chi_ Taiwan""",1999," ""TCU111""",7.62, Reverse Oblique,22.12,22.12,237.53,0.05,1, RSN1537_CHICHI_TCU111-E.AT2, RSN1537_CHICHI_TCU111-N.AT2 , RSN1537_CHICHI_TCU111-V.AT2  ,,,,,,,,,,,,,,,,,,,,,,,,,,,,,,,,,,,,,,,,,,,,,,,,,,,,,,,,,,,,,,,,,,,,,,,,,,,,,,,,,,,,,,,,,,,,,,,,,,,,,,,,,,,,,,,,,,,,,,,,,,,,,,,,,,,,,,,,,,,,,,,,,,,,,,,,,,,,,,,,,,,,,,,,,,,,,,,,,,,,,,,,,,,,,,,,,,,,,,,,,,,,,,,,,,,,,,,,,,,,,,,,,,,,
43, SRSS,1540, -,1, -,34.8,43.6,0.7," ""Chi-Chi_ Taiwan""",1999," ""TCU115""",7.62, Reverse Oblique,21.76,21.76,215.34,0.0625,1, RSN1540_CHICHI_TCU115-E.AT2, RSN1540_CHICHI_TCU115-N.AT2 , RSN1540_CHICHI_TCU115-V.AT2  ,,,,,,,,,,,,,,,,,,,,,,,,,,,,,,,,,,,,,,,,,,,,,,,,,,,,,,,,,,,,,,,,,,,,,,,,,,,,,,,,,,,,,,,,,,,,,,,,,,,,,,,,,,,,,,,,,,,,,,,,,,,,,,,,,,,,,,,,,,,,,,,,,,,,,,,,,,,,,,,,,,,,,,,,,,,,,,,,,,,,,,,,,,,,,,,,,,,,,,,,,,,,,,,,,,,,,,,,,,,,,,,,,,,,
44, SRSS,1543, -,1, -,33.9,44.4,0.5," ""Chi-Chi_ Taiwan""",1999," ""TCU118""",7.62, Reverse Oblique,26.82,26.82,236.19,0.0625,1, RSN1543_CHICHI_TCU118-E.AT2, RSN1543_CHICHI_TCU118-N.AT2 , RSN1543_CHICHI_TCU118-V.AT2  ,,,,,,,,,,,,,,,,,,,,,,,,,,,,,,,,,,,,,,,,,,,,,,,,,,,,,,,,,,,,,,,,,,,,,,,,,,,,,,,,,,,,,,,,,,,,,,,,,,,,,,,,,,,,,,,,,,,,,,,,,,,,,,,,,,,,,,,,,,,,,,,,,,,,,,,,,,,,,,,,,,,,,,,,,,,,,,,,,,,,,,,,,,,,,,,,,,,,,,,,,,,,,,,,,,,,,,,,,,,,,,,,,,,,
45, SRSS,1547, -,1, -,28.6,38.8,1.4," ""Chi-Chi_ Taiwan""",1999," ""TCU123""",7.62, Reverse Oblique,14.91,14.91,270.22,0.05,1, RSN1547_CHICHI_TCU123-E.AT2, RSN1547_CHICHI_TCU123-N.AT2 , RSN1547_CHICHI_TCU123-V.AT2  ,,,,,,,,,,,,,,,,,,,,,,,,,,,,,,,,,,,,,,,,,,,,,,,,,,,,,,,,,,,,,,,,,,,,,,,,,,,,,,,,,,,,,,,,,,,,,,,,,,,,,,,,,,,,,,,,,,,,,,,,,,,,,,,,,,,,,,,,,,,,,,,,,,,,,,,,,,,,,,,,,,,,,,,,,,,,,,,,,,,,,,,,,,,,,,,,,,,,,,,,,,,,,,,,,,,,,,,,,,,,,,,,,,,,
46, SRSS,1553, -,1, -,32.7,51.8,0.7," ""Chi-Chi_ Taiwan""",1999," ""TCU141""",7.62, Reverse Oblique,24.19,24.19,223.04,0.0625,1, RSN1553_CHICHI_TCU141-N.AT2, RSN1553_CHICHI_TCU141-W.AT2 , RSN1553_CHICHI_TCU141-V.AT2  ,,,,,,,,,,,,,,,,,,,,,,,,,,,,,,,,,,,,,,,,,,,,,,,,,,,,,,,,,,,,,,,,,,,,,,,,,,,,,,,,,,,,,,,,,,,,,,,,,,,,,,,,,,,,,,,,,,,,,,,,,,,,,,,,,,,,,,,,,,,,,,,,,,,,,,,,,,,,,,,,,,,,,,,,,,,,,,,,,,,,,,,,,,,,,,,,,,,,,,,,,,,,,,,,,,,,,,,,,,,,,,,,,,,,
47, SRSS,1605, -,1, -,7.3,11.1,2.9," ""Duzce_ Turkey""",1999," ""Duzce""",7.14, strike slip,0,6.58,281.86,0.1,1, RSN1605_DUZCE_DZC180.AT2, RSN1605_DUZCE_DZC270.AT2 , RSN1605_DUZCE_DZC-UP.AT2  ,,,,,,,,,,,,,,,,,,,,,,,,,,,,,,,,,,,,,,,,,,,,,,,,,,,,,,,,,,,,,,,,,,,,,,,,,,,,,,,,,,,,,,,,,,,,,,,,,,,,,,,,,,,,,,,,,,,,,,,,,,,,,,,,,,,,,,,,,,,,,,,,,,,,,,,,,,,,,,,,,,,,,,,,,,,,,,,,,,,,,,,,,,,,,,,,,,,,,,,,,,,,,,,,,,,,,,,,,,,,,,,,,,,,
48, SRSS,1628, -,1, -,18.2,34.6,0.9," ""St Elias_ Alaska""",1979," ""Icy Bay""",7.54, Reverse,26.46,26.46,306.37,0.1,1, RSN1628_STELIAS_059V2090.AT2, RSN1628_STELIAS_059V2180.AT2 , RSN1628_STELIAS_059V27UP.AT2  ,,,,,,,,,,,,,,,,,,,,,,,,,,,,,,,,,,,,,,,,,,,,,,,,,,,,,,,,,,,,,,,,,,,,,,,,,,,,,,,,,,,,,,,,,,,,,,,,,,,,,,,,,,,,,,,,,,,,,,,,,,,,,,,,,,,,,,,,,,,,,,,,,,,,,,,,,,,,,,,,,,,,,,,,,,,,,,,,,,,,,,,,,,,,,,,,,,,,,,,,,,,,,,,,,,,,,,,,,,,,,,,,,,,,
49, SRSS,3908, -,1, -,10.1,24,0.8," ""Tottori_ Japan""",2000," ""OKY005""",6.61, strike slip,28.81,28.82,293.37,0.0625,1, RSN3908_TOTTORI_OKY005NS.AT2, RSN3908_TOTTORI_OKY005EW.AT2 , RSN3908_TOTTORI_OKY005UD.AT2  ,,,,,,,,,,,,,,,,,,,,,,,,,,,,,,,,,,,,,,,,,,,,,,,,,,,,,,,,,,,,,,,,,,,,,,,,,,,,,,,,,,,,,,,,,,,,,,,,,,,,,,,,,,,,,,,,,,,,,,,,,,,,,,,,,,,,,,,,,,,,,,,,,,,,,,,,,,,,,,,,,,,,,,,,,,,,,,,,,,,,,,,,,,,,,,,,,,,,,,,,,,,,,,,,,,,,,,,,,,,,,,,,,,,,
50, SRSS,3968, -,1, -,6,35.3,11.8," ""Tottori_ Japan""",2000," ""TTRH02""",6.61, strike slip,0.83,0.97,310.21,0.125,1, RSN3968_TOTTORI_TTRH02NS.AT2, RSN3968_TOTTORI_TTRH02EW.AT2 , RSN3968_TOTTORI_TTRH02UD.AT2  ,,,,,,,,,,,,,,,,,,,,,,,,,,,,,,,,,,,,,,,,,,,,,,,,,,,,,,,,,,,,,,,,,,,,,,,,,,,,,,,,,,,,,,,,,,,,,,,,,,,,,,,,,,,,,,,,,,,,,,,,,,,,,,,,,,,,,,,,,,,,,,,,,,,,,,,,,,,,,,,,,,,,,,,,,,,,,,,,,,,,,,,,,,,,,,,,,,,,,,,,,,,,,,,,,,,,,,,,,,,,,,,,,,,,
51, SRSS,4207, -,1, -,6.1,36.7,3.4," ""Niigata_ Japan""",2004," ""NIG017""",6.63, Reverse,4.22,12.81,274.17,0.0375,1, RSN4207_NIIGATA_NIG017NS.AT2, RSN4207_NIIGATA_NIG017EW.AT2 , RSN4207_NIIGATA_NIG017UD.AT2  ,,,,,,,,,,,,,,,,,,,,,,,,,,,,,,,,,,,,,,,,,,,,,,,,,,,,,,,,,,,,,,,,,,,,,,,,,,,,,,,,,,,,,,,,,,,,,,,,,,,,,,,,,,,,,,,,,,,,,,,,,,,,,,,,,,,,,,,,,,,,,,,,,,,,,,,,,,,,,,,,,,,,,,,,,,,,,,,,,,,,,,,,,,,,,,,,,,,,,,,,,,,,,,,,,,,,,,,,,,,,,,,,,,,,
52, SRSS,4853, -,1, -,15.1,28.2,1.3," ""Chuetsu-oki_ Japan""",2007," ""Joetsu City""",6.8, Reverse,25.68,27.9,294.71,0.1,1, RSN4853_CHUETSU_65019NS.AT2, RSN4853_CHUETSU_65019EW.AT2 , RSN4853_CHUETSU_65019UD.AT2  ,,,,,,,,,,,,,,,,,,,,,,,,,,,,,,,,,,,,,,,,,,,,,,,,,,,,,,,,,,,,,,,,,,,,,,,,,,,,,,,,,,,,,,,,,,,,,,,,,,,,,,,,,,,,,,,,,,,,,,,,,,,,,,,,,,,,,,,,,,,,,,,,,,,,,,,,,,,,,,,,,,,,,,,,,,,,,,,,,,,,,,,,,,,,,,,,,,,,,,,,,,,,,,,,,,,,,,,,,,,,,,,,,,,,
53, SRSS,4855, -,1, -,13.9,27.8,0.6," ""Chuetsu-oki_ Japan""",2007," ""Sanjo""",6.8, Reverse,21.4,27.15,245.45,0.1,1, RSN4855_CHUETSU_65024NS.AT2, RSN4855_CHUETSU_65024EW.AT2 , RSN4855_CHUETSU_65024UD.AT2  ,,,,,,,,,,,,,,,,,,,,,,,,,,,,,,,,,,,,,,,,,,,,,,,,,,,,,,,,,,,,,,,,,,,,,,,,,,,,,,,,,,,,,,,,,,,,,,,,,,,,,,,,,,,,,,,,,,,,,,,,,,,,,,,,,,,,,,,,,,,,,,,,,,,,,,,,,,,,,,,,,,,,,,,,,,,,,,,,,,,,,,,,,,,,,,,,,,,,,,,,,,,,,,,,,,,,,,,,,,,,,,,,,,,,
54, SRSS,4856, -,1, -,5.1,7.5,3.9," ""Chuetsu-oki_ Japan""",2007," ""Kashiwazaki City Center""",6.8, Reverse,0,11.09,294.38,0.0625,1, RSN4856_CHUETSU_65025NS.AT2, RSN4856_CHUETSU_65025EW.AT2 , RSN4856_CHUETSU_65025UD.AT2  ,,,,,,,,,,,,,,,,,,,,,,,,,,,,,,,,,,,,,,,,,,,,,,,,,,,,,,,,,,,,,,,,,,,,,,,,,,,,,,,,,,,,,,,,,,,,,,,,,,,,,,,,,,,,,,,,,,,,,,,,,,,,,,,,,,,,,,,,,,,,,,,,,,,,,,,,,,,,,,,,,,,,,,,,,,,,,,,,,,,,,,,,,,,,,,,,,,,,,,,,,,,,,,,,,,,,,,,,,,,,,,,,,,,,
55, SRSS,4859, -,1, -,17.8,29.4,0.8," ""Chuetsu-oki_ Japan""",2007," ""Mitsuke Kazuiti Arita Town""",6.8, Reverse,11.35,20.33,274.23,0.125,1, RSN4859_CHUETSU_65029NS.AT2, RSN4859_CHUETSU_65029EW.AT2 , RSN4859_CHUETSU_65029UD.AT2  ,,,,,,,,,,,,,,,,,,,,,,,,,,,,,,,,,,,,,,,,,,,,,,,,,,,,,,,,,,,,,,,,,,,,,,,,,,,,,,,,,,,,,,,,,,,,,,,,,,,,,,,,,,,,,,,,,,,,,,,,,,,,,,,,,,,,,,,,,,,,,,,,,,,,,,,,,,,,,,,,,,,,,,,,,,,,,,,,,,,,,,,,,,,,,,,,,,,,,,,,,,,,,,,,,,,,,,,,,,,,,,,,,,,,
56, SRSS,4860, -,1, -,10.9,23.2,2," ""Chuetsu-oki_ Japan""",2007," ""Sanjo Shinbori""",6.8, Reverse,15.89,23.18,278.12,0.0625,1, RSN4860_CHUETSU_65033NS.AT2, RSN4860_CHUETSU_65033EW.AT2 , RSN4860_CHUETSU_65033UD.AT2  ,,,,,,,,,,,,,,,,,,,,,,,,,,,,,,,,,,,,,,,,,,,,,,,,,,,,,,,,,,,,,,,,,,,,,,,,,,,,,,,,,,,,,,,,,,,,,,,,,,,,,,,,,,,,,,,,,,,,,,,,,,,,,,,,,,,,,,,,,,,,,,,,,,,,,,,,,,,,,,,,,,,,,,,,,,,,,,,,,,,,,,,,,,,,,,,,,,,,,,,,,,,,,,,,,,,,,,,,,,,,,,,,,,,,
57, SRSS,4875, -,1, -,8.1,22,6.4," ""Chuetsu-oki_ Japan""",2007," ""Kariwa""",6.8, Reverse,0,12,282.57,0.1625,1, RSN4875_CHUETSU_65058NS.AT2, RSN4875_CHUETSU_65058EW.AT2 , RSN4875_CHUETSU_65058UD.AT2  ,,,,,,,,,,,,,,,,,,,,,,,,,,,,,,,,,,,,,,,,,,,,,,,,,,,,,,,,,,,,,,,,,,,,,,,,,,,,,,,,,,,,,,,,,,,,,,,,,,,,,,,,,,,,,,,,,,,,,,,,,,,,,,,,,,,,,,,,,,,,,,,,,,,,,,,,,,,,,,,,,,,,,,,,,,,,,,,,,,,,,,,,,,,,,,,,,,,,,,,,,,,,,,,,,,,,,,,,,,,,,,,,,,,,
58, SRSS,4878, -,1, -,13.3,30.6,0.4," ""Chuetsu-oki_ Japan""",2007," ""Yahiko Village Yahagi""",6.8, Reverse,19.73,23.16,223.12,0.1,1, RSN4878_CHUETSU_65083NS.AT2, RSN4878_CHUETSU_65083EW.AT2 , RSN4878_CHUETSU_65083UD.AT2  ,,,,,,,,,,,,,,,,,,,,,,,,,,,,,,,,,,,,,,,,,,,,,,,,,,,,,,,,,,,,,,,,,,,,,,,,,,,,,,,,,,,,,,,,,,,,,,,,,,,,,,,,,,,,,,,,,,,,,,,,,,,,,,,,,,,,,,,,,,,,,,,,,,,,,,,,,,,,,,,,,,,,,,,,,,,,,,,,,,,,,,,,,,,,,,,,,,,,,,,,,,,,,,,,,,,,,,,,,,,,,,,,,,,,
59, SRSS,4879, -,1, -,6.6,18.2,0.7," ""Chuetsu-oki_ Japan""",2007," ""Yan Sakuramachi City watershed""",6.8, Reverse,12.98,18.97,265.82,0.1,1, RSN4879_CHUETSU_65084NS.AT2, RSN4879_CHUETSU_65084EW.AT2 , RSN4879_CHUETSU_65084UD.AT2  ,,,,,,,,,,,,,,,,,,,,,,,,,,,,,,,,,,,,,,,,,,,,,,,,,,,,,,,,,,,,,,,,,,,,,,,,,,,,,,,,,,,,,,,,,,,,,,,,,,,,,,,,,,,,,,,,,,,,,,,,,,,,,,,,,,,,,,,,,,,,,,,,,,,,,,,,,,,,,,,,,,,,,,,,,,,,,,,,,,,,,,,,,,,,,,,,,,,,,,,,,,,,,,,,,,,,,,,,,,,,,,,,,,,,
60, SRSS,4880, -,1, -,12.5,32.1,0.4," ""Chuetsu-oki_ Japan""",2007," ""Hinodecho Yoshida Tsubame City""",6.8, Reverse,20.44,24.42,261.55,0.125,1, RSN4880_CHUETSU_65085NS.AT2, RSN4880_CHUETSU_65085EW.AT2 , RSN4880_CHUETSU_65085UD.AT2  ,,,,,,,,,,,,,,,,,,,,,,,,,,,,,,,,,,,,,,,,,,,,,,,,,,,,,,,,,,,,,,,,,,,,,,,,,,,,,,,,,,,,,,,,,,,,,,,,,,,,,,,,,,,,,,,,,,,,,,,,,,,,,,,,,,,,,,,,,,,,,,,,,,,,,,,,,,,,,,,,,,,,,,,,,,,,,,,,,,,,,,,,,,,,,,,,,,,,,,,,,,,,,,,,,,,,,,,,,,,,,,,,,,,,
61, SRSS,4881, -,1, -,10.1,19.6,0.6," ""Chuetsu-oki_ Japan""",2007," ""Nagaoka Kouiti Town""",6.8, Reverse,11.61,20.77,294.38,0.05,1, RSN4881_CHUETSU_65301NS.AT2, RSN4881_CHUETSU_65301EW.AT2 , RSN4881_CHUETSU_65301UD.AT2  ,,,,,,,,,,,,,,,,,,,,,,,,,,,,,,,,,,,,,,,,,,,,,,,,,,,,,,,,,,,,,,,,,,,,,,,,,,,,,,,,,,,,,,,,,,,,,,,,,,,,,,,,,,,,,,,,,,,,,,,,,,,,,,,,,,,,,,,,,,,,,,,,,,,,,,,,,,,,,,,,,,,,,,,,,,,,,,,,,,,,,,,,,,,,,,,,,,,,,,,,,,,,,,,,,,,,,,,,,,,,,,,,,,,,
62, SRSS,4883, -,1, -,17.8,51.4,0.4," ""Chuetsu-oki_ Japan""",2007," ""Niigata Nishi Kaba District""",6.8, Reverse,27.83,29.91,254.68,0.1,1, RSN4883_CHUETSU_690E1NS.AT2, RSN4883_CHUETSU_690E1EW.AT2 , RSN4883_CHUETSU_690E1UD.AT2  ,,,,,,,,,,,,,,,,,,,,,,,,,,,,,,,,,,,,,,,,,,,,,,,,,,,,,,,,,,,,,,,,,,,,,,,,,,,,,,,,,,,,,,,,,,,,,,,,,,,,,,,,,,,,,,,,,,,,,,,,,,,,,,,,,,,,,,,,,,,,,,,,,,,,,,,,,,,,,,,,,,,,,,,,,,,,,,,,,,,,,,,,,,,,,,,,,,,,,,,,,,,,,,,,,,,,,,,,,,,,,,,,,,,,
63, SRSS,4895, -,1, -,5.3,8.4,13.3," ""Chuetsu-oki_ Japan""",2007," ""Kashiwazaki NPP_ Unit 5: ground surface""",6.8, Reverse,0,10.97,265.5,0.0625,1, RSN4895_CHUETSU_5-G1NS.AT2, RSN4895_CHUETSU_5-G1EW.AT2 , RSN4895_CHUETSU_5-G1UD.AT2  ,,,,,,,,,,,,,,,,,,,,,,,,,,,,,,,,,,,,,,,,,,,,,,,,,,,,,,,,,,,,,,,,,,,,,,,,,,,,,,,,,,,,,,,,,,,,,,,,,,,,,,,,,,,,,,,,,,,,,,,,,,,,,,,,,,,,,,,,,,,,,,,,,,,,,,,,,,,,,,,,,,,,,,,,,,,,,,,,,,,,,,,,,,,,,,,,,,,,,,,,,,,,,,,,,,,,,,,,,,,,,,,,,,,,
64, SRSS,5263, -,1, -,8.7,24.5,1.4," ""Chuetsu-oki_ Japan""",2007," ""NIG017""",6.8, Reverse,11.2,20.52,274.17,0.0875,1, RSN5263_CHUETSU_NIG017NS.AT2, RSN5263_CHUETSU_NIG017EW.AT2 , RSN5263_CHUETSU_NIG017UD.AT2  ,,,,,,,,,,,,,,,,,,,,,,,,,,,,,,,,,,,,,,,,,,,,,,,,,,,,,,,,,,,,,,,,,,,,,,,,,,,,,,,,,,,,,,,,,,,,,,,,,,,,,,,,,,,,,,,,,,,,,,,,,,,,,,,,,,,,,,,,,,,,,,,,,,,,,,,,,,,,,,,,,,,,,,,,,,,,,,,,,,,,,,,,,,,,,,,,,,,,,,,,,,,,,,,,,,,,,,,,,,,,,,,,,,,,
65, SRSS,5619, -,1, -,15.7,39.7,1," ""Iwate_ Japan""",2008," ""IWT011""",6.9, Reverse,8.41,8.44,279.36,0.0375,1, RSN5619_IWATE_IWT011NS.AT2, RSN5619_IWATE_IWT011EW.AT2 , RSN5619_IWATE_IWT011UD.AT2  ,,,,,,,,,,,,,,,,,,,,,,,,,,,,,,,,,,,,,,,,,,,,,,,,,,,,,,,,,,,,,,,,,,,,,,,,,,,,,,,,,,,,,,,,,,,,,,,,,,,,,,,,,,,,,,,,,,,,,,,,,,,,,,,,,,,,,,,,,,,,,,,,,,,,,,,,,,,,,,,,,,,,,,,,,,,,,,,,,,,,,,,,,,,,,,,,,,,,,,,,,,,,,,,,,,,,,,,,,,,,,,,,,,,,
66, SRSS,5620, -,1, -,11.7,30.8,1.9," ""Iwate_ Japan""",2008," ""IWT012""",6.9, Reverse,20.47,20.64,264.48,0.05,1, RSN5620_IWATE_IWT012NS.AT2, RSN5620_IWATE_IWT012EW.AT2 , RSN5620_IWATE_IWT012UD.AT2  ,,,,,,,,,,,,,,,,,,,,,,,,,,,,,,,,,,,,,,,,,,,,,,,,,,,,,,,,,,,,,,,,,,,,,,,,,,,,,,,,,,,,,,,,,,,,,,,,,,,,,,,,,,,,,,,,,,,,,,,,,,,,,,,,,,,,,,,,,,,,,,,,,,,,,,,,,,,,,,,,,,,,,,,,,,,,,,,,,,,,,,,,,,,,,,,,,,,,,,,,,,,,,,,,,,,,,,,,,,,,,,,,,,,,
67, SRSS,5652, -,1, -,9.4,33.1,1.2," ""Iwate_ Japan""",2008," ""IWTH20""",6.9, Reverse,18.74,20.19,288.75,0.05,1, RSN5652_IWATE_IWTH20NS.AT2, RSN5652_IWATE_IWTH20EW.AT2 , RSN5652_IWATE_IWTH20UD.AT2  ,,,,,,,,,,,,,,,,,,,,,,,,,,,,,,,,,,,,,,,,,,,,,,,,,,,,,,,,,,,,,,,,,,,,,,,,,,,,,,,,,,,,,,,,,,,,,,,,,,,,,,,,,,,,,,,,,,,,,,,,,,,,,,,,,,,,,,,,,,,,,,,,,,,,,,,,,,,,,,,,,,,,,,,,,,,,,,,,,,,,,,,,,,,,,,,,,,,,,,,,,,,,,,,,,,,,,,,,,,,,,,,,,,,,
68, SRSS,5774, -,1, -,11.5,25.2,1," ""Iwate_ Japan""",2008," ""Nakashinden Town""",6.9, Reverse,29.37,29.38,276.3,0.1125,1, RSN5774_IWATE_54008NS.AT2, RSN5774_IWATE_54008EW.AT2 , RSN5774_IWATE_54008UD.AT2  ,,,,,,,,,,,,,,,,,,,,,,,,,,,,,,,,,,,,,,,,,,,,,,,,,,,,,,,,,,,,,,,,,,,,,,,,,,,,,,,,,,,,,,,,,,,,,,,,,,,,,,,,,,,,,,,,,,,,,,,,,,,,,,,,,,,,,,,,,,,,,,,,,,,,,,,,,,,,,,,,,,,,,,,,,,,,,,,,,,,,,,,,,,,,,,,,,,,,,,,,,,,,,,,,,,,,,,,,,,,,,,,,,,,,
69, SRSS,5823, -,1, -,26.8,51.2,2.3," ""El Mayor-Cucapah_ Mexico""",2010," ""Chihuahua""",7.2, strike slip,18.21,19.47,242.05,0.075,1, RSN5823_SIERRA.MEX_CHI000.AT2, RSN5823_SIERRA.MEX_CHI090.AT2 , RSN5823_SIERRA.MEX_CHI--V.AT2  ,,,,,,,,,,,,,,,,,,,,,,,,,,,,,,,,,,,,,,,,,,,,,,,,,,,,,,,,,,,,,,,,,,,,,,,,,,,,,,,,,,,,,,,,,,,,,,,,,,,,,,,,,,,,,,,,,,,,,,,,,,,,,,,,,,,,,,,,,,,,,,,,,,,,,,,,,,,,,,,,,,,,,,,,,,,,,,,,,,,,,,,,,,,,,,,,,,,,,,,,,,,,,,,,,,,,,,,,,,,,,,,,,,,,
70, SRSS,5825, -,1, -,22.5,44.2,3.3," ""El Mayor-Cucapah_ Mexico""",2010," ""CERRO PRIETO GEOTHERMAL""",7.2, strike slip,8.88,10.92,242.05,0.05,1, RSN5825_SIERRA.MEX_GEO000.AT2, RSN5825_SIERRA.MEX_GEO090.AT2 , RSN5825_SIERRA.MEX_GEO--V.AT2  ,,,,,,,,,,,,,,,,,,,,,,,,,,,,,,,,,,,,,,,,,,,,,,,,,,,,,,,,,,,,,,,,,,,,,,,,,,,,,,,,,,,,,,,,,,,,,,,,,,,,,,,,,,,,,,,,,,,,,,,,,,,,,,,,,,,,,,,,,,,,,,,,,,,,,,,,,,,,,,,,,,,,,,,,,,,,,,,,,,,,,,,,,,,,,,,,,,,,,,,,,,,,,,,,,,,,,,,,,,,,,,,,,,,,
71, SRSS,5827, -,1, -,22.8,34.5,6.1," ""El Mayor-Cucapah_ Mexico""",2010," ""MICHOACAN DE OCAMPO""",7.2, strike slip,13.21,15.91,242.05,0.0625,1, RSN5827_SIERRA.MEX_MDO000.AT2, RSN5827_SIERRA.MEX_MDO090.AT2 , RSN5827_SIERRA.MEX_MDO--V.AT2  ,,,,,,,,,,,,,,,,,,,,,,,,,,,,,,,,,,,,,,,,,,,,,,,,,,,,,,,,,,,,,,,,,,,,,,,,,,,,,,,,,,,,,,,,,,,,,,,,,,,,,,,,,,,,,,,,,,,,,,,,,,,,,,,,,,,,,,,,,,,,,,,,,,,,,,,,,,,,,,,,,,,,,,,,,,,,,,,,,,,,,,,,,,,,,,,,,,,,,,,,,,,,,,,,,,,,,,,,,,,,,,,,,,,,
72, SRSS,5829, -,1, -,15.6,26.2,4.7," ""El Mayor-Cucapah_ Mexico""",2010," ""RIITO""",7.2, strike slip,13.7,13.71,242.05,0.05,1, RSN5829_SIERRA.MEX_RII000.AT2, RSN5829_SIERRA.MEX_RII090.AT2 , RSN5829_SIERRA.MEX_RII--V.AT2  ,,,,,,,,,,,,,,,,,,,,,,,,,,,,,,,,,,,,,,,,,,,,,,,,,,,,,,,,,,,,,,,,,,,,,,,,,,,,,,,,,,,,,,,,,,,,,,,,,,,,,,,,,,,,,,,,,,,,,,,,,,,,,,,,,,,,,,,,,,,,,,,,,,,,,,,,,,,,,,,,,,,,,,,,,,,,,,,,,,,,,,,,,,,,,,,,,,,,,,,,,,,,,,,,,,,,,,,,,,,,,,,,,,,,
73, SRSS,5831, -,1, -,33.3,53.8,1.6," ""El Mayor-Cucapah_ Mexico""",2010," ""EJIDO SALTILLO""",7.2, strike slip,14.8,17.32,242.05,0.05,1, RSN5831_SIERRA.MEX_SAL000.AT2, RSN5831_SIERRA.MEX_SAL090.AT2 , RSN5831_SIERRA.MEX_SAL--V.AT2  ,,,,,,,,,,,,,,,,,,,,,,,,,,,,,,,,,,,,,,,,,,,,,,,,,,,,,,,,,,,,,,,,,,,,,,,,,,,,,,,,,,,,,,,,,,,,,,,,,,,,,,,,,,,,,,,,,,,,,,,,,,,,,,,,,,,,,,,,,,,,,,,,,,,,,,,,,,,,,,,,,,,,,,,,,,,,,,,,,,,,,,,,,,,,,,,,,,,,,,,,,,,,,,,,,,,,,,,,,,,,,,,,,,,,
74, SRSS,5832, -,1, -,28.3,46.3,2.1," ""El Mayor-Cucapah_ Mexico""",2010," ""TAMAULIPAS""",7.2, strike slip,25.32,26.55,242.05,0.0625,1, RSN5832_SIERRA.MEX_TAM000.AT2, RSN5832_SIERRA.MEX_TAM090.AT2 , RSN5832_SIERRA.MEX_TAM--V.AT2  ,,,,,,,,,,,,,,,,,,,,,,,,,,,,,,,,,,,,,,,,,,,,,,,,,,,,,,,,,,,,,,,,,,,,,,,,,,,,,,,,,,,,,,,,,,,,,,,,,,,,,,,,,,,,,,,,,,,,,,,,,,,,,,,,,,,,,,,,,,,,,,,,,,,,,,,,,,,,,,,,,,,,,,,,,,,,,,,,,,,,,,,,,,,,,,,,,,,,,,,,,,,,,,,,,,,,,,,,,,,,,,,,,,,,
75, SRSS,5836, -,1, -,11.2,24.7,3.5," ""El Mayor-Cucapah_ Mexico""",2010," ""El Centro - Meloland Geot. Array""",7.2, strike slip,28.53,29,264.57,0.1,1, RSN5836_SIERRA.MEX_EMO360.AT2, RSN5836_SIERRA.MEX_EMO270.AT2 , RSN5836_SIERRA.MEX_EMO-UP.AT2  ,,,,,,,,,,,,,,,,,,,,,,,,,,,,,,,,,,,,,,,,,,,,,,,,,,,,,,,,,,,,,,,,,,,,,,,,,,,,,,,,,,,,,,,,,,,,,,,,,,,,,,,,,,,,,,,,,,,,,,,,,,,,,,,,,,,,,,,,,,,,,,,,,,,,,,,,,,,,,,,,,,,,,,,,,,,,,,,,,,,,,,,,,,,,,,,,,,,,,,,,,,,,,,,,,,,,,,,,,,,,,,,,,,,,
76, SRSS,5837, -,1, -,15.1,26.6,3.7," ""El Mayor-Cucapah_ Mexico""",2010," ""El Centro - Imperial & Ross""",7.2, strike slip,19.39,20.08,229.25,0.0375,1, RSN5837_SIERRA.MEX_01711360.AT2, RSN5837_SIERRA.MEX_01711-90.AT2 , RSN5837_SIERRA.MEX_01711-UP.AT2  ,,,,,,,,,,,,,,,,,,,,,,,,,,,,,,,,,,,,,,,,,,,,,,,,,,,,,,,,,,,,,,,,,,,,,,,,,,,,,,,,,,,,,,,,,,,,,,,,,,,,,,,,,,,,,,,,,,,,,,,,,,,,,,,,,,,,,,,,,,,,,,,,,,,,,,,,,,,,,,,,,,,,,,,,,,,,,,,,,,,,,,,,,,,,,,,,,,,,,,,,,,,,,,,,,,,,,,,,,,,,,,,,,,,,
77, SRSS,5975, -,1, -,19.1,41.8,2.4," ""El Mayor-Cucapah_ Mexico""",2010," ""Calexico Fire Station""",7.2, strike slip,19.12,20.46,231.23,0.0375,1, RSN5975_SIERRA.MEX_CXO360.AT2, RSN5975_SIERRA.MEX_CXO090.AT2 , RSN5975_SIERRA.MEX_CXO-UP.AT2  ,,,,,,,,,,,,,,,,,,,,,,,,,,,,,,,,,,,,,,,,,,,,,,,,,,,,,,,,,,,,,,,,,,,,,,,,,,,,,,,,,,,,,,,,,,,,,,,,,,,,,,,,,,,,,,,,,,,,,,,,,,,,,,,,,,,,,,,,,,,,,,,,,,,,,,,,,,,,,,,,,,,,,,,,,,,,,,,,,,,,,,,,,,,,,,,,,,,,,,,,,,,,,,,,,,,,,,,,,,,,,,,,,,,,
78, SRSS,6013, -,1, -,15.7,65.8,1.2," ""El Mayor-Cucapah_ Mexico""",2010," ""El Centro - Meadows Union School""",7.2, strike slip,27.81,28.3,276.25,0.025,1, RSN6013_SIERRA.MEX_2027B360.AT2, RSN6013_SIERRA.MEX_2027A090.AT2 , RSN6013_SIERRA.MEX_2027C-UP.AT2  ,,,,,,,,,,,,,,,,,,,,,,,,,,,,,,,,,,,,,,,,,,,,,,,,,,,,,,,,,,,,,,,,,,,,,,,,,,,,,,,,,,,,,,,,,,,,,,,,,,,,,,,,,,,,,,,,,,,,,,,,,,,,,,,,,,,,,,,,,,,,,,,,,,,,,,,,,,,,,,,,,,,,,,,,,,,,,,,,,,,,,,,,,,,,,,,,,,,,,,,,,,,,,,,,,,,,,,,,,,,,,,,,,,,,
79, SRSS,6886, -,1, -,15.1,35.1,0.9," ""Darfield_ New Zealand""",2010," ""Canterbury Aero Club""",7, strike slip,14.48,14.48,280.26,0.05,1, RSN6886_DARFIELD_CACSN40E.AT2, RSN6886_DARFIELD_CACSN50W.AT2 , RSN6886_DARFIELD_CACSUP.AT2  ,,,,,,,,,,,,,,,,,,,,,,,,,,,,,,,,,,,,,,,,,,,,,,,,,,,,,,,,,,,,,,,,,,,,,,,,,,,,,,,,,,,,,,,,,,,,,,,,,,,,,,,,,,,,,,,,,,,,,,,,,,,,,,,,,,,,,,,,,,,,,,,,,,,,,,,,,,,,,,,,,,,,,,,,,,,,,,,,,,,,,,,,,,,,,,,,,,,,,,,,,,,,,,,,,,,,,,,,,,,,,,,,,,,,
80, SRSS,6930, -,1, -,13.8,23.8,0.2," ""Darfield_ New Zealand""",2010," ""LRSC""",7, strike slip,9.38,12.52,295.74,0.375,1, RSN6930_DARFIELD_LRSCN49W.AT2, RSN6930_DARFIELD_LRSCS41W.AT2 , RSN6930_DARFIELD_LRSCUP.AT2  ,,,,,,,,,,,,,,,,,,,,,,,,,,,,,,,,,,,,,,,,,,,,,,,,,,,,,,,,,,,,,,,,,,,,,,,,,,,,,,,,,,,,,,,,,,,,,,,,,,,,,,,,,,,,,,,,,,,,,,,,,,,,,,,,,,,,,,,,,,,,,,,,,,,,,,,,,,,,,,,,,,,,,,,,,,,,,,,,,,,,,,,,,,,,,,,,,,,,,,,,,,,,,,,,,,,,,,,,,,,,,,,,,,,,
81, SRSS,6952, -,1, -,12.5,37,1.3," ""Darfield_ New Zealand""",2010," ""Papanui High School """,7, strike slip,18.73,18.73,263.2,0.0625,1, RSN6952_DARFIELD_PPHSS33W.AT2, RSN6952_DARFIELD_PPHSS57E.AT2 , RSN6952_DARFIELD_PPHSUP.AT2  ,,,,,,,,,,,,,,,,,,,,,,,,,,,,,,,,,,,,,,,,,,,,,,,,,,,,,,,,,,,,,,,,,,,,,,,,,,,,,,,,,,,,,,,,,,,,,,,,,,,,,,,,,,,,,,,,,,,,,,,,,,,,,,,,,,,,,,,,,,,,,,,,,,,,,,,,,,,,,,,,,,,,,,,,,,,,,,,,,,,,,,,,,,,,,,,,,,,,,,,,,,,,,,,,,,,,,,,,,,,,,,,,,,,,
82, SRSS,6961, -,1, -,13.2,20.3,0.5," ""Darfield_ New Zealand""",2010," ""RKAC""",7, strike slip,13.37,16.47,295.74,0.15,1, RSN6961_DARFIELD_RKACN14E.AT2, RSN6961_DARFIELD_RKACS76E.AT2 , RSN6961_DARFIELD_RKACUP.AT2  ,,,,,,,,,,,,,,,,,,,,,,,,,,,,,,,,,,,,,,,,,,,,,,,,,,,,,,,,,,,,,,,,,,,,,,,,,,,,,,,,,,,,,,,,,,,,,,,,,,,,,,,,,,,,,,,,,,,,,,,,,,,,,,,,,,,,,,,,,,,,,,,,,,,,,,,,,,,,,,,,,,,,,,,,,,,,,,,,,,,,,,,,,,,,,,,,,,,,,,,,,,,,,,,,,,,,,,,,,,,,,,,,,,,,
83, SRSS,6965, -,1, -,13.8,20.3,0.7," ""Darfield_ New Zealand""",2010," ""SBRC""",7, strike slip,21.31,24.34,263.2,0.0875,1, RSN6965_DARFIELD_SBRCS31E.AT2, RSN6965_DARFIELD_SBRCS59W.AT2 , RSN6965_DARFIELD_SBRCUP.AT2  ,,,,,,,,,,,,,,,,,,,,,,,,,,,,,,,,,,,,,,,,,,,,,,,,,,,,,,,,,,,,,,,,,,,,,,,,,,,,,,,,,,,,,,,,,,,,,,,,,,,,,,,,,,,,,,,,,,,,,,,,,,,,,,,,,,,,,,,,,,,,,,,,,,,,,,,,,,,,,,,,,,,,,,,,,,,,,,,,,,,,,,,,,,,,,,,,,,,,,,,,,,,,,,,,,,,,,,,,,,,,,,,,,,,,
,,,,,,,,,,,,,,,,,,,,,,,,,,,,,,,,,,,,,,,,,,,,,,,,,,,,,,,,,,,,,,,,,,,,,,,,,,,,,,,,,,,,,,,,,,,,,,,,,,,,,,,,,,,,,,,,,,,,,,,,,,,,,,,,,,,,,,,,,,,,,,,,,,,,,,,,,,,,,,,,,,,,,,,,,,,,,,,,,,,,,,,,,,,,,,,,,,,,,,,,,,,,,,,,,,,,,,,,,,,,,,,,,,,,,,,,,,,,,,,,,,,,,,,,,
 These records were obtained from the NGA-West2 On-Line Ground-Motion Database Tool,,,,,,,,,,,,,,,,,,,,,,,,,,,,,,,,,,,,,,,,,,,,,,,,,,,,,,,,,,,,,,,,,,,,,,,,,,,,,,,,,,,,,,,,,,,,,,,,,,,,,,,,,,,,,,,,,,,,,,,,,,,,,,,,,,,,,,,,,,,,,,,,,,,,,,,,,,,,,,,,,,,,,,,,,,,,,,,,,,,,,,,,,,,,,,,,,,,,,,,,,,,,,,,,,,,,,,,,,,,,,,,,,,,,,,,,,,,,,,,,,,,,,,,,,
 These records are UNSCALED, AS RECORDED,,,,,,,,,,,,,,,,,,,,,,,,,,,,,,,,,,,,,,,,,,,,,,,,,,,,,,,,,,,,,,,,,,,,,,,,,,,,,,,,,,,,,,,,,,,,,,,,,,,,,,,,,,,,,,,,,,,,,,,,,,,,,,,,,,,,,,,,,,,,,,,,,,,,,,,,,,,,,,,,,,,,,,,,,,,,,,,,,,,,,,,,,,,,,,,,,,,,,,,,,,,,,,,,,,,,,,,,,,,,,,,,,,,,,,,,,,,,,,,,,,,,,,,,
 Filename Extension: ,,,,,,,,,,,,,,,,,,,,,,,,,,,,,,,,,,,,,,,,,,,,,,,,,,,,,,,,,,,,,,,,,,,,,,,,,,,,,,,,,,,,,,,,,,,,,,,,,,,,,,,,,,,,,,,,,,,,,,,,,,,,,,,,,,,,,,,,,,,,,,,,,,,,,,,,,,,,,,,,,,,,,,,,,,,,,,,,,,,,,,,,,,,,,,,,,,,,,,,,,,,,,,,,,,,,,,,,,,,,,,,,,,,,,,,,,,,,,,,,,,,,,,,,,
   ,AT2 = Acceleration,,,,,,,,,,,,,,,,,,,,,,,,,,,,,,,,,,,,,,,,,,,,,,,,,,,,,,,,,,,,,,,,,,,,,,,,,,,,,,,,,,,,,,,,,,,,,,,,,,,,,,,,,,,,,,,,,,,,,,,,,,,,,,,,,,,,,,,,,,,,,,,,,,,,,,,,,,,,,,,,,,,,,,,,,,,,,,,,,,,,,,,,,,,,,,,,,,,,,,,,,,,,,,,,,,,,,,,,,,,,,,,,,,,,,,,,,,,,,,,,,,,,,,,,
   ,VT2 = Velocity,,,,,,,,,,,,,,,,,,,,,,,,,,,,,,,,,,,,,,,,,,,,,,,,,,,,,,,,,,,,,,,,,,,,,,,,,,,,,,,,,,,,,,,,,,,,,,,,,,,,,,,,,,,,,,,,,,,,,,,,,,,,,,,,,,,,,,,,,,,,,,,,,,,,,,,,,,,,,,,,,,,,,,,,,,,,,,,,,,,,,,,,,,,,,,,,,,,,,,,,,,,,,,,,,,,,,,,,,,,,,,,,,,,,,,,,,,,,,,,,,,,,,,,,
   ,DT2 = Displacement,,,,,,,,,,,,,,,,,,,,,,,,,,,,,,,,,,,,,,,,,,,,,,,,,,,,,,,,,,,,,,,,,,,,,,,,,,,,,,,,,,,,,,,,,,,,,,,,,,,,,,,,,,,,,,,,,,,,,,,,,,,,,,,,,,,,,,,,,,,,,,,,,,,,,,,,,,,,,,,,,,,,,,,,,,,,,,,,,,,,,,,,,,,,,,,,,,,,,,,,,,,,,,,,,,,,,,,,,,,,,,,,,,,,,,,,,,,,,,,,,,,,,,,,
 The users of the NGA-West2 databases, flatfiles, models and reports are requested to acknowledge the Pacific Earthquake Engineering Research Center (PEER) in their work and publications.,,,,,,,,,,,,,,,,,,,,,,,,,,,,,,,,,,,,,,,,,,,,,,,,,,,,,,,,,,,,,,,,,,,,,,,,,,,,,,,,,,,,,,,,,,,,,,,,,,,,,,,,,,,,,,,,,,,,,,,,,,,,,,,,,,,,,,,,,,,,,,,,,,,,,,,,,,,,,,,,,,,,,,,,,,,,,,,,,,,,,,,,,,,,,,,,,,,,,,,,,,,,,,,,,,,,,,,,,,,,,,,,,,,,,,,,,,,,,,,,,,,,,,,
,,,,,,,,,,,,,,,,,,,,,,,,,,,,,,,,,,,,,,,,,,,,,,,,,,,,,,,,,,,,,,,,,,,,,,,,,,,,,,,,,,,,,,,,,,,,,,,,,,,,,,,,,,,,,,,,,,,,,,,,,,,,,,,,,,,,,,,,,,,,,,,,,,,,,,,,,,,,,,,,,,,,,,,,,,,,,,,,,,,,,,,,,,,,,,,,,,,,,,,,,,,,,,,,,,,,,,,,,,,,,,,,,,,,,,,,,,,,,,,,,,,,,,,,,
 -- Scaled Spectra used in Search & Scaling --,,,,,,,,,,,,,,,,,,,,,,,,,,,,,,,,,,,,,,,,,,,,,,,,,,,,,,,,,,,,,,,,,,,,,,,,,,,,,,,,,,,,,,,,,,,,,,,,,,,,,,,,,,,,,,,,,,,,,,,,,,,,,,,,,,,,,,,,,,,,,,,,,,,,,,,,,,,,,,,,,,,,,,,,,,,,,,,,,,,,,,,,,,,,,,,,,,,,,,,,,,,,,,,,,,,,,,,,,,,,,,,,,,,,,,,,,,,,,,,,,,,,,,,,,
Period (sec),Arithmetic Mean pSa (g),Arithmetic Mean + Sigma pSa (g),Arithmetic Mean - Sigma pSa (g),RSN-20 SRSS pSa (g),RSN-126 SRSS pSa (g),RSN-158 SRSS pSa (g),RSN-160 SRSS pSa (g),RSN-162 SRSS pSa (g),RSN-165 SRSS pSa (g),RSN-167 SRSS pSa (g),RSN-169 SRSS pSa (g),RSN-172 SRSS pSa (g),RSN-176 SRSS pSa (g),RSN-737 SRSS pSa (g),RSN-752 SRSS pSa (g),RSN-754 SRSS pSa (g),RSN-768 SRSS pSa (g),RSN-776 SRSS pSa (g),RSN-778 SRSS pSa (g),RSN-806 SRSS pSa (g),RSN-949 SRSS pSa (g),RSN-959 SRSS pSa (g),RSN-985 SRSS pSa (g),RSN-988 SRSS pSa (g),RSN-996 SRSS pSa (g),RSN-1003 SRSS pSa (g),RSN-1048 SRSS pSa (g),RSN-1087 SRSS pSa (g),RSN-1100 SRSS pSa (g),RSN-1101 SRSS pSa (g),RSN-1104 SRSS pSa (g),RSN-1107 SRSS pSa (g),RSN-1110 SRSS pSa (g),RSN-1113 SRSS pSa (g),RSN-1115 SRSS pSa (g),RSN-1116 SRSS pSa (g),RSN-1121 SRSS pSa (g),RSN-1158 SRSS pSa (g),RSN-1180 SRSS pSa (g),RSN-1194 SRSS pSa (g),RSN-1195 SRSS pSa (g),RSN-1203 SRSS pSa (g),RSN-1238 SRSS pSa (g),RSN-1246 SRSS pSa (g),RSN-1537 SRSS pSa (g),RSN-1540 SRSS pSa (g),RSN-1543 SRSS pSa (g),RSN-1547 SRSS pSa (g),RSN-1553 SRSS pSa (g),RSN-1605 SRSS pSa (g),RSN-1628 SRSS pSa (g),RSN-3908 SRSS pSa (g),RSN-3968 SRSS pSa (g),RSN-4207 SRSS pSa (g),RSN-4853 SRSS pSa (g),RSN-4855 SRSS pSa (g),RSN-4856 SRSS pSa (g),RSN-4859 SRSS pSa (g),RSN-4860 SRSS pSa (g),RSN-4875 SRSS pSa (g),RSN-4878 SRSS pSa (g),RSN-4879 SRSS pSa (g),RSN-4880 SRSS pSa (g),RSN-4881 SRSS pSa (g),RSN-4883 SRSS pSa (g),RSN-4895 SRSS pSa (g),RSN-5263 SRSS pSa (g),RSN-5619 SRSS pSa (g),RSN-5620 SRSS pSa (g),RSN-5652 SRSS pSa (g),RSN-5774 SRSS pSa (g),RSN-5823 SRSS pSa (g),RSN-5825 SRSS pSa (g),RSN-5827 SRSS pSa (g),RSN-5829 SRSS pSa (g),RSN-5831 SRSS pSa (g),RSN-5832 SRSS pSa (g),RSN-5836 SRSS pSa (g),RSN-5837 SRSS pSa (g),RSN-5975 SRSS pSa (g),RSN-6013 SRSS pSa (g),RSN-6886 SRSS pSa (g),RSN-6930 SRSS pSa (g),RSN-6952 SRSS pSa (g),RSN-6961 SRSS pSa (g),RSN-6965 SRSS pSa (g),,,,,,,,,,,,,,,,,,,,,,,,,,,,,,,,,,,,,,,,,,,,,,,,,,,,,,,,,,,,,,,,,,,,,,,,,,,,,,,,,,,,,,,,,,,,,,,,,,,,,,,,,,,,,,,,,,,,,,,,,,,,,,,,,,,,,,,,,,,,,,,,,,,,,,,,,,,,,,,,,,,
0.01,0.39836276,0.87734346,0.18087886,0.26105111,1.22063907,0.41627474,0.98515469,0.34396854,0.37354042,0.2431216,0.4282503,0.19683866,0.18232062,0.23423343,0.6866494,0.24118883,0.47173976,0.41091572,0.38730111,0.29375165,0.463981,0.53920367,0.2947583,0.34039327,0.3868887,0.64135861,0.57966413,2.07422239,0.32379739,0.42889516,0.28455114,0.41157637,0.25063338,0.10726819,0.20026977,0.32537067,0.21733536,0.47978196,0.17636196,0.2242894,0.10273828,0.34051502,0.13342565,0.23233028,0.15934972,0.15201475,0.15120166,0.20278589,0.12627432,0.65521049,0.20165818,0.44935236,1.21656234,0.61592126,0.35214844,0.17378194,0.81652477,0.1669433,0.41875398,0.5977986,0.18665098,0.30326715,0.16900319,0.25098415,0.21268036,1.61782225,0.32461142,0.27123741,0.37632462,0.35962844,0.2616065,0.31771074,0.40740145,0.67632601,0.55196579,0.21318635,0.30684778,0.52848456,0.53450645,0.37778412,0.2724545,0.27299622,0.13027594,0.27887269,0.25454397,0.2141042,,,,,,,,,,,,,,,,,,,,,,,,,,,,,,,,,,,,,,,,,,,,,,,,,,,,,,,,,,,,,,,,,,,,,,,,,,,,,,,,,,,,,,,,,,,,,,,,,,,,,,,,,,,,,,,,,,,,,,,,,,,,,,,,,,,,,,,,,,,,,,,,,,,,,,,,,,,,,,,,,,,
0.02,0.40556561,0.90736428,0.1812761,0.26201828,1.47937326,0.45529308,1.0796385,0.34538267,0.37208933,0.23875466,0.42556564,0.20191937,0.18493395,0.23531024,0.73846999,0.24397455,0.47297328,0.41146339,0.38843456,0.29678997,0.46579085,0.53470173,0.29649718,0.34250698,0.38490387,0.63622072,0.58159248,2.07756255,0.32167527,0.4341529,0.28411936,0.40790815,0.24958815,0.10803083,0.19902833,0.32515822,0.2173632,0.48102974,0.17660606,0.22566203,0.10278453,0.3419581,0.13410036,0.2328994,0.16063849,0.15246752,0.15190683,0.20311184,0.12842689,0.65767028,0.20224548,0.44826853,1.22074219,0.61169188,0.36058831,0.1731417,0.81370748,0.16528399,0.42268463,0.59917754,0.18681217,0.3029182,0.16923295,0.24897922,0.21155243,1.60837761,0.32302204,0.27534027,0.3743405,0.35762991,0.26438064,0.32167204,0.42111092,0.69150456,0.58195593,0.22169218,0.30821289,0.55536933,0.53944735,0.38059675,0.27465831,0.29027325,0.13475261,0.27987464,0.25516422,0.21709514,,,,,,,,,,,,,,,,,,,,,,,,,,,,,,,,,,,,,,,,,,,,,,,,,,,,,,,,,,,,,,,,,,,,,,,,,,,,,,,,,,,,,,,,,,,,,,,,,,,,,,,,,,,,,,,,,,,,,,,,,,,,,,,,,,,,,,,,,,,,,,,,,,,,,,,,,,,,,,,,,,,
0.022,0.40884295,0.92244627,0.18120574,0.26211709,1.44454066,0.47475349,1.14071449,0.34938104,0.37136404,0.23922155,0.42901451,0.20901101,0.18664744,0.23549007,0.74802641,0.24425275,0.47343992,0.41144394,0.38809424,0.29679801,0.46440201,0.53503914,0.30616851,0.34882032,0.38633647,0.63912675,0.58143458,2.167471,0.32311464,0.44234805,0.2851227,0.40966689,0.24976113,0.10899723,0.19992305,0.32539602,0.21865564,0.48143302,0.1771606,0.22648635,0.10282744,0.34207072,0.13439984,0.23322153,0.15990548,0.15219098,0.15187252,0.20331237,0.12864706,0.66032447,0.20274734,0.45261876,1.22196592,0.61305573,0.3631161,0.17345302,0.81424968,0.16558396,0.42482509,0.59994571,0.18758156,0.30393504,0.16934607,0.25008283,0.21168798,1.61108476,0.32386923,0.27677655,0.37596295,0.3584772,0.26699678,0.32421702,0.42185197,0.69660918,0.58778052,0.22469482,0.31034383,0.56353453,0.54335051,0.38241769,0.2744752,0.29238882,0.13667244,0.28034042,0.25959367,0.21838457,,,,,,,,,,,,,,,,,,,,,,,,,,,,,,,,,,,,,,,,,,,,,,,,,,,,,,,,,,,,,,,,,,,,,,,,,,,,,,,,,,,,,,,,,,,,,,,,,,,,,,,,,,,,,,,,,,,,,,,,,,,,,,,,,,,,,,,,,,,,,,,,,,,,,,,,,,,,,,,,,,,
0.025,0.42152619,0.99352659,0.17884205,0.26281222,1.72167409,0.54101647,1.25765743,0.34984591,0.3774311,0.2396928,0.43621492,0.21255885,0.18779557,0.23651009,0.81411303,0.24399891,0.47466178,0.41149589,0.39005595,0.29604828,0.46450829,0.53659683,0.31281941,0.34817523,0.39035942,0.64535118,0.58759539,2.37221546,0.33146166,0.44942759,0.28612796,0.41311506,0.25078732,0.10906913,0.20360622,0.32570575,0.21913128,0.48145412,0.17860252,0.22670202,0.10316138,0.34245236,0.1341997,0.23403449,0.16195481,0.15273015,0.15332664,0.20339073,0.12777719,0.65740404,0.20373615,0.46084555,1.22395815,0.61637867,0.37441151,0.17489889,0.81368057,0.16601404,0.43276177,0.61157682,0.18911767,0.34254439,0.17122273,0.25289344,0.21187809,1.61482463,0.3259784,0.27974921,0.37928225,0.3606453,0.26809314,0.32426475,0.48415073,0.69602904,0.59870876,0.23998201,0.31422476,0.58784198,0.55147844,0.38347247,0.27597651,0.29778919,0.14018347,0.28042362,0.25872389,0.22210634,,,,,,,,,,,,,,,,,,,,,,,,,,,,,,,,,,,,,,,,,,,,,,,,,,,,,,,,,,,,,,,,,,,,,,,,,,,,,,,,,,,,,,,,,,,,,,,,,,,,,,,,,,,,,,,,,,,,,,,,,,,,,,,,,,,,,,,,,,,,,,,,,,,,,,,,,,,,,,,,,,,
0.029,0.43646228,1.04894306,0.18161074,0.26307889,2.04734084,0.66362716,1.38124629,0.35290266,0.38745624,0.24181332,0.44476194,0.20782953,0.19107076,0.23870917,0.83104856,0.25215495,0.4755787,0.41296375,0.39169416,0.30106037,0.47707362,0.53870703,0.31677189,0.35273534,0.39069075,0.65265766,0.60286337,2.37843852,0.34558589,0.47641659,0.28639456,0.4160205,0.24942269,0.10758222,0.20555697,0.32640844,0.21930843,0.48287131,0.17977631,0.22694445,0.10328188,0.34620264,0.13460616,0.23425556,0.16460476,0.15311892,0.1537405,0.20547031,0.13071294,0.65850039,0.2049494,0.47077861,1.22856298,0.62852263,0.38179384,0.17504586,0.82518746,0.1657118,0.43940155,0.6139876,0.19053075,0.38515706,0.17035863,0.26709769,0.21223359,1.62635237,0.33236888,0.28966174,0.38673873,0.36402599,0.29769306,0.35672496,0.55007154,0.72597495,0.66322545,0.27789948,0.31934314,0.61356027,0.58800902,0.38429763,0.28316362,0.30139096,0.14876693,0.27939219,0.25937058,0.2179605,,,,,,,,,,,,,,,,,,,,,,,,,,,,,,,,,,,,,,,,,,,,,,,,,,,,,,,,,,,,,,,,,,,,,,,,,,,,,,,,,,,,,,,,,,,,,,,,,,,,,,,,,,,,,,,,,,,,,,,,,,,,,,,,,,,,,,,,,,,,,,,,,,,,,,,,,,,,,,,,,,,
0.03,0.44011945,1.05847329,0.18300427,0.26328461,2.04343542,0.69159995,1.40261754,0.35237743,0.39139003,0.24241357,0.4430833,0.21632785,0.18940081,0.23835528,0.84848223,0.25444723,0.47548663,0.41291506,0.39100873,0.30102221,0.47629849,0.54074984,0.31428827,0.35229277,0.38892371,0.65935981,0.60515813,2.40451975,0.34929502,0.46461713,0.28681941,0.41596618,0.24969073,0.10792245,0.20708269,0.32662984,0.21902883,0.48371764,0.1795938,0.22671382,0.10344333,0.34736456,0.13516555,0.23392325,0.16530376,0.15346256,0.1541923,0.20446673,0.13135136,0.65687202,0.20506574,0.47568569,1.22937019,0.63554235,0.38793733,0.17407348,0.82466106,0.1658416,0.43695027,0.61432487,0.19143661,0.40300867,0.17142247,0.26327883,0.21235072,1.63693302,0.33490082,0.29305893,0.39171002,0.36614725,0.30539143,0.35717877,0.60029609,0.75980367,0.6807261,0.28124661,0.32523705,0.63334897,0.59264335,0.38529208,0.28629879,0.29669,0.14869169,0.28055483,0.26067733,0.2202762,,,,,,,,,,,,,,,,,,,,,,,,,,,,,,,,,,,,,,,,,,,,,,,,,,,,,,,,,,,,,,,,,,,,,,,,,,,,,,,,,,,,,,,,,,,,,,,,,,,,,,,,,,,,,,,,,,,,,,,,,,,,,,,,,,,,,,,,,,,,,,,,,,,,,,,,,,,,,,,,,,,
0.032,0.44517528,1.06057699,0.18686152,0.26449042,2.03543545,0.69126359,1.44332361,0.35845506,0.39285669,0.24286626,0.4350679,0.22235473,0.18834885,0.23664702,0.88155689,0.25918149,0.47635715,0.41416015,0.39100778,0.30134413,0.4756725,0.55215166,0.30318961,0.3517672,0.39569389,0.68049404,0.61609643,2.35210004,0.34442731,0.47116607,0.28920298,0.41509231,0.24939817,0.10724636,0.20694271,0.32712671,0.21838592,0.48409957,0.17926602,0.22677443,0.10391898,0.34684018,0.13662559,0.23461868,0.16499791,0.1537417,0.15539842,0.20431425,0.13448002,0.66424971,0.20543234,0.4911998,1.22736859,0.65291704,0.40267976,0.17611063,0.82546887,0.16736214,0.43020089,0.62021961,0.19372231,0.4176044,0.17295546,0.26485857,0.21254112,1.64817434,0.33931458,0.30303778,0.40355016,0.37286795,0.3023059,0.3484788,0.63720187,0.79867773,0.75005488,0.28462946,0.32828132,0.70024608,0.59259959,0.38635215,0.28952224,0.30251052,0.14935764,0.28318168,0.26069325,0.22767248,,,,,,,,,,,,,,,,,,,,,,,,,,,,,,,,,,,,,,,,,,,,,,,,,,,,,,,,,,,,,,,,,,,,,,,,,,,,,,,,,,,,,,,,,,,,,,,,,,,,,,,,,,,,,,,,,,,,,,,,,,,,,,,,,,,,,,,,,,,,,,,,,,,,,,,,,,,,,,,,,,,
0.035,0.45260154,1.05793708,0.19362981,0.26456938,2.10748394,0.76750443,1.45189395,0.36022606,0.37690022,0.24172987,0.44057972,0.22752216,0.19022331,0.23675115,0.89618531,0.26620866,0.47675877,0.41587461,0.38952562,0.31025223,0.48040886,0.57627545,0.30619821,0.3499161,0.39265675,0.68959442,0.61239458,2.16002261,0.33927545,0.52812004,0.28909326,0.4238554,0.25041243,0.10733433,0.20397428,0.32749571,0.21788917,0.48484225,0.18090789,0.23129894,0.10360673,0.34830539,0.135462,0.23477087,0.16550041,0.15590761,0.16007704,0.20391604,0.13271979,0.65928544,0.20728093,0.50553175,1.23250579,0.70169389,0.4228798,0.17616311,0.82412404,0.17043655,0.42361065,0.64695234,0.19186247,0.45651774,0.17573524,0.27590802,0.21289821,1.67952272,0.3410054,0.33763094,0.42756764,0.38356201,0.28118512,0.36533923,0.69568215,0.91095288,0.78996687,0.29517778,0.32833353,0.70181365,0.62549383,0.38407958,0.28786261,0.30529086,0.14376676,0.28508105,0.26523169,0.23557454,,,,,,,,,,,,,,,,,,,,,,,,,,,,,,,,,,,,,,,,,,,,,,,,,,,,,,,,,,,,,,,,,,,,,,,,,,,,,,,,,,,,,,,,,,,,,,,,,,,,,,,,,,,,,,,,,,,,,,,,,,,,,,,,,,,,,,,,,,,,,,,,,,,,,,,,,,,,,,,,,,,
0.036,0.45768707,1.07242127,0.19533131,0.26645797,2.09707687,0.77307369,1.45550525,0.35967506,0.3838216,0.24314145,0.45217331,0.22443814,0.19309408,0.23501919,0.90287432,0.26836541,0.47810987,0.41572664,0.39031532,0.30921012,0.48116326,0.58177779,0.30835681,0.34897471,0.39910738,0.68932422,0.60512819,2.24359672,0.34875898,0.53812242,0.28852777,0.42861084,0.25092837,0.10729051,0.20567317,0.32774613,0.2178147,0.48643578,0.18143385,0.23355325,0.10343948,0.3479064,0.13508779,0.23442353,0.16579505,0.15644966,0.16108911,0.20425633,0.13385517,0.66361897,0.20822214,0.51409698,1.23868609,0.71732838,0.4318589,0.17601327,0.82622012,0.1705889,0.42940193,0.65348927,0.19172707,0.48290347,0.17921369,0.27840366,0.21310514,1.68829121,0.34135892,0.36220249,0.4341703,0.38341564,0.28502798,0.37118989,0.75480961,0.94586263,0.78029823,0.30992043,0.33492937,0.69612392,0.63847508,0.38717779,0.28722022,0.31169222,0.14568639,0.28514296,0.270602,0.2368456,,,,,,,,,,,,,,,,,,,,,,,,,,,,,,,,,,,,,,,,,,,,,,,,,,,,,,,,,,,,,,,,,,,,,,,,,,,,,,,,,,,,,,,,,,,,,,,,,,,,,,,,,,,,,,,,,,,,,,,,,,,,,,,,,,,,,,,,,,,,,,,,,,,,,,,,,,,,,,,,,,,
0.04,0.46750144,1.09454007,0.19967985,0.26986864,1.85886459,0.69434723,1.43329716,0.37519609,0.39692797,0.24643447,0.48358092,0.27442956,0.20081565,0.24438262,0.94387182,0.27146451,0.48112494,0.41609032,0.39129297,0.30549569,0.46751739,0.61285492,0.30147174,0.35157123,0.41275042,0.67121213,0.57956709,2.56124496,0.39043977,0.52523135,0.29591055,0.43461621,0.25640443,0.10751919,0.20883556,0.32895636,0.2182886,0.48989843,0.18086353,0.23258214,0.10462428,0.35279234,0.13487386,0.2338177,0.16562499,0.15647293,0.16209782,0.20671962,0.13267925,0.66557143,0.20982454,0.54020016,1.25224512,0.75680936,0.46060663,0.18617594,0.84667576,0.17273442,0.44367277,0.65644612,0.20180758,0.58266203,0.18345148,0.2754651,0.2138138,1.67347354,0.34419625,0.41205966,0.42728983,0.37769841,0.30347864,0.3922217,0.81609378,0.98125132,0.83169978,0.33720794,0.37064442,0.72574603,0.66449911,0.38635923,0.29829465,0.30244442,0.15672258,0.28288507,0.26659107,0.23867573,,,,,,,,,,,,,,,,,,,,,,,,,,,,,,,,,,,,,,,,,,,,,,,,,,,,,,,,,,,,,,,,,,,,,,,,,,,,,,,,,,,,,,,,,,,,,,,,,,,,,,,,,,,,,,,,,,,,,,,,,,,,,,,,,,,,,,,,,,,,,,,,,,,,,,,,,,,,,,,,,,,
0.042,0.4810877,1.17229162,0.19742986,0.26923647,2.23841725,0.7484274,1.35247847,0.36945234,0.40242638,0.24595194,0.4756852,0.28431838,0.20011238,0.24680213,0.9663602,0.27098666,0.48226914,0.41645278,0.39059808,0.30285863,0.46599053,0.62067051,0.30418389,0.35401779,0.41172101,0.67068298,0.60781882,2.72224907,0.41732185,0.53154778,0.29697854,0.45290774,0.25991577,0.10791574,0.21809197,0.32936053,0.21864945,0.48970382,0.18347739,0.22959274,0.10395234,0.35474781,0.13495503,0.23399662,0.16771725,0.1579234,0.16247197,0.20666582,0.13461471,0.6704271,0.21203628,0.55938655,1.25785679,0.80043438,0.47852426,0.1879381,0.85183535,0.17524051,0.44661532,0.6643931,0.20989182,0.60513764,0.18131652,0.27823236,0.21393592,1.7337875,0.34560248,0.39278713,0.42570715,0.37898562,0.30948324,0.38281744,0.84586009,1.03618717,0.91626736,0.37085602,0.40648901,0.76674431,0.64201938,0.39848768,0.29761583,0.3166592,0.15913902,0.28368431,0.27300683,0.24221375,,,,,,,,,,,,,,,,,,,,,,,,,,,,,,,,,,,,,,,,,,,,,,,,,,,,,,,,,,,,,,,,,,,,,,,,,,,,,,,,,,,,,,,,,,,,,,,,,,,,,,,,,,,,,,,,,,,,,,,,,,,,,,,,,,,,,,,,,,,,,,,,,,,,,,,,,,,,,,,,,,,
0.044,0.49273033,1.23009577,0.19736933,0.26649466,2.49349727,0.83687394,1.31130856,0.35615882,0.39954648,0.24666251,0.48427004,0.29390945,0.20540758,0.24972608,0.94575364,0.26965016,0.48432598,0.41705901,0.39079131,0.31875493,0.48194077,0.64185957,0.3060613,0.35488659,0.40700926,0.65600107,0.62191729,2.80354773,0.41594205,0.51777759,0.2945433,0.45988813,0.25884795,0.10832108,0.21805805,0.32974819,0.22138149,0.48954466,0.18440501,0.23207933,0.10352036,0.3547881,0.13440985,0.23517319,0.16764618,0.15763193,0.16336893,0.20656705,0.13929604,0.67949099,0.2134681,0.6114824,1.24608759,0.84646737,0.50577084,0.19555687,0.85771584,0.17702835,0.46312766,0.6551677,0.21194863,0.579292,0.18339423,0.27866486,0.2139095,1.77497095,0.34062523,0.38813049,0.43505502,0.38854891,0.31728963,0.39161916,0.94548906,1.07545225,1.00807018,0.38596301,0.41286412,0.84423577,0.61445957,0.40948603,0.30151826,0.34043811,0.16710052,0.28311622,0.27121546,0.24604395,,,,,,,,,,,,,,,,,,,,,,,,,,,,,,,,,,,,,,,,,,,,,,,,,,,,,,,,,,,,,,,,,,,,,,,,,,,,,,,,,,,,,,,,,,,,,,,,,,,,,,,,,,,,,,,,,,,,,,,,,,,,,,,,,,,,,,,,,,,,,,,,,,,,,,,,,,,,,,,,,,,
0.045,0.49640652,1.24025214,0.19868495,0.26612195,2.50282651,0.88891756,1.30674998,0.35490576,0.39189119,0.24806113,0.48894517,0.29409548,0.20464749,0.25269468,0.942627,0.2715111,0.48675965,0.416804,0.39133533,0.32570817,0.48615588,0.66334775,0.30227949,0.35322713,0.41430053,0.64780041,0.61465006,2.82176971,0.39575904,0.51581336,0.29454769,0.46122923,0.26056616,0.10845674,0.22014579,0.33002601,0.22218851,0.49115164,0.18316128,0.23352497,0.10413875,0.35161811,0.1340889,0.23620832,0.16733332,0.15853801,0.16397815,0.20639014,0.14152231,0.68055169,0.21357114,0.64203371,1.2398522,0.85978764,0.51067898,0.19902164,0.86420525,0.17866445,0.46588866,0.65035527,0.20946225,0.54701817,0.1841034,0.28293372,0.21390499,1.77928938,0.34363271,0.39524418,0.43935914,0.39087033,0.31448109,0.41408988,0.97696249,1.10361578,1.04904922,0.38474508,0.41008315,0.8797136,0.61655351,0.41286431,0.31115675,0.35038575,0.16867412,0.28225987,0.27101396,0.24714426,,,,,,,,,,,,,,,,,,,,,,,,,,,,,,,,,,,,,,,,,,,,,,,,,,,,,,,,,,,,,,,,,,,,,,,,,,,,,,,,,,,,,,,,,,,,,,,,,,,,,,,,,,,,,,,,,,,,,,,,,,,,,,,,,,,,,,,,,,,,,,,,,,,,,,,,,,,,,,,,,,,
0.046,0.50118308,1.25907274,0.19949958,0.26765664,2.48731096,0.92110918,1.30850296,0.35933754,0.38823993,0.25047774,0.4973854,0.29762913,0.20447778,0.25659413,0.91538545,0.27412547,0.48970502,0.41607871,0.39206746,0.33119665,0.4860649,0.68753554,0.29977719,0.3546711,0.42178317,0.64794896,0.62369298,2.90997315,0.36815958,0.53190087,0.29407313,0.462158,0.26184602,0.108616,0.22211093,0.33054148,0.22304984,0.49290245,0.18168644,0.23596481,0.10435267,0.34843042,0.13468753,0.2371066,0.16726345,0.16111087,0.16419097,0.20680514,0.14358164,0.6795669,0.21334621,0.65269586,1.23710807,0.89632339,0.51511215,0.20075748,0.87031949,0.17908833,0.48114162,0.64795642,0.20575718,0.54275351,0.1834681,0.2902113,0.21396155,1.79208358,0.34487685,0.39662719,0.43924266,0.39070136,0.32065867,0.43102325,1.04038302,1.13278795,1.06835385,0.37310914,0.41469691,0.88444891,0.626113,0.41495915,0.31696277,0.35968662,0.16959022,0.28173277,0.27383257,0.24749183,,,,,,,,,,,,,,,,,,,,,,,,,,,,,,,,,,,,,,,,,,,,,,,,,,,,,,,,,,,,,,,,,,,,,,,,,,,,,,,,,,,,,,,,,,,,,,,,,,,,,,,,,,,,,,,,,,,,,,,,,,,,,,,,,,,,,,,,,,,,,,,,,,,,,,,,,,,,,,,,,,,
0.048,0.51064537,1.3000889,0.20056989,0.27109346,2.43867829,0.89326012,1.34612431,0.37383698,0.39136609,0.26308752,0.52683009,0.33089684,0.20529176,0.26076914,0.94682133,0.27408112,0.49304698,0.4146163,0.39427585,0.33757645,0.48037711,0.71772142,0.29264786,0.36086165,0.42763808,0.67547767,0.63967303,3.11133849,0.33548154,0.5638189,0.29322845,0.46014333,0.26126732,0.10939486,0.22632087,0.33159354,0.22372418,0.49627894,0.18306998,0.240268,0.10337666,0.35041451,0.13611609,0.23744193,0.16688782,0.16561314,0.16670365,0.20913604,0.1471494,0.67840661,0.21332172,0.62896233,1.23951926,0.92613483,0.53541972,0.19995304,0.87859219,0.18193464,0.49124736,0.65423325,0.20402365,0.53491303,0.18561368,0.30172825,0.21470834,1.84561767,0.34556287,0.41470406,0.43803547,0.39020401,0.323047,0.42805888,1.17218559,1.14943151,1.0516068,0.37235,0.40926161,0.92541352,0.64443986,0.41907283,0.32932639,0.38111475,0.17217011,0.2837942,0.30088113,0.24375828,,,,,,,,,,,,,,,,,,,,,,,,,,,,,,,,,,,,,,,,,,,,,,,,,,,,,,,,,,,,,,,,,,,,,,,,,,,,,,,,,,,,,,,,,,,,,,,,,,,,,,,,,,,,,,,,,,,,,,,,,,,,,,,,,,,,,,,,,,,,,,,,,,,,,,,,,,,,,,,,,,,
0.05,0.51478512,1.32173988,0.20049612,0.27141649,2.56977089,0.83638544,1.38243981,0.37915508,0.39828055,0.26843473,0.54524815,0.35069427,0.20780626,0.26137583,0.98010017,0.26968406,0.49673476,0.41899619,0.39490799,0.34259145,0.47595346,0.72851576,0.30702303,0.36404618,0.42288669,0.69890206,0.65751933,3.12730549,0.32378267,0.57541152,0.29417553,0.46130027,0.25939306,0.11034965,0.23893849,0.33214557,0.2211769,0.50026794,0.18423644,0.24216411,0.10442751,0.35863861,0.13596818,0.23782009,0.16684134,0.16453434,0.16794607,0.21005452,0.15150225,0.68784626,0.21313019,0.59592388,1.27824511,0.9031806,0.55361904,0.20343483,0.88200397,0.18985742,0.47203422,0.66060304,0.2061167,0.52435874,0.19384025,0.30846246,0.21498958,1.85914445,0.34579561,0.43612524,0.44307863,0.39241102,0.31499134,0.39275342,1.16838415,1.10434449,1.03506535,0.37405769,0.41025117,0.9575341,0.65888405,0.4179459,0.35441182,0.37261269,0.17630176,0.28621088,0.30301784,0.2389481,,,,,,,,,,,,,,,,,,,,,,,,,,,,,,,,,,,,,,,,,,,,,,,,,,,,,,,,,,,,,,,,,,,,,,,,,,,,,,,,,,,,,,,,,,,,,,,,,,,,,,,,,,,,,,,,,,,,,,,,,,,,,,,,,,,,,,,,,,,,,,,,,,,,,,,,,,,,,,,,,,,
0.055,0.52734102,1.35248873,0.20561247,0.27350823,2.51329283,0.91522719,1.41286017,0.41049966,0.42134542,0.30010771,0.56519114,0.45310604,0.21865762,0.26304727,0.93662108,0.28848589,0.49463395,0.41853686,0.3931892,0.34025627,0.48467999,0.71068621,0.32267592,0.37652756,0.43469845,0.69277186,0.70361921,3.35864928,0.40247323,0.61500774,0.30137844,0.46193178,0.26768745,0.11086407,0.27396486,0.33199996,0.22603955,0.50136793,0.18199037,0.24555854,0.10644951,0.35511781,0.13624271,0.24118542,0.16586353,0.16672253,0.16695875,0.20967299,0.15715033,0.73462994,0.21204427,0.73026156,1.34476346,0.87863918,0.56237963,0.19810433,0.88760136,0.20197978,0.4761531,0.663556,0.22197909,0.55917876,0.2066701,0.3415049,0.21471881,1.96488962,0.37439972,0.44440402,0.4330538,0.43247277,0.30260553,0.39713071,0.77687303,1.0459579,1.01485481,0.40642017,0.44217574,0.98169407,0.72110526,0.41417492,0.37873862,0.44227832,0.19445401,0.28537246,0.31312956,0.2404528,,,,,,,,,,,,,,,,,,,,,,,,,,,,,,,,,,,,,,,,,,,,,,,,,,,,,,,,,,,,,,,,,,,,,,,,,,,,,,,,,,,,,,,,,,,,,,,,,,,,,,,,,,,,,,,,,,,,,,,,,,,,,,,,,,,,,,,,,,,,,,,,,,,,,,,,,,,,,,,,,,,
0.06,0.54254264,1.35506292,0.21722424,0.27552583,2.57484267,0.91073915,1.43343778,0.44439929,0.42043531,0.32878671,0.62152407,0.42007847,0.23527259,0.27016186,1.0289586,0.28430206,0.49941889,0.42127747,0.39815848,0.3408574,0.51611642,0.72049733,0.37786414,0.39896336,0.41071315,0.79812875,0.7227523,3.23554135,0.42516175,0.58178208,0.30975946,0.52959849,0.27235338,0.11710714,0.29836485,0.33125433,0.22412246,0.48608503,0.19320717,0.23993184,0.10686783,0.36245612,0.13690334,0.23906964,0.1752576,0.17339632,0.18048185,0.20609637,0.15344664,0.73174582,0.21304517,0.67753806,1.41351642,0.92371119,0.55380752,0.19030441,0.89535187,0.21747404,0.55202254,0.68459154,0.21925779,0.55683047,0.20782101,0.368986,0.21752293,1.96899751,0.38237315,0.55396299,0.50397664,0.45482968,0.33033459,0.4186892,0.76643582,1.05971194,1.24400478,0.41078511,0.50105882,0.91064116,0.82123347,0.41254863,0.37034364,0.44390481,0.19358552,0.28352536,0.29852856,0.24658349,,,,,,,,,,,,,,,,,,,,,,,,,,,,,,,,,,,,,,,,,,,,,,,,,,,,,,,,,,,,,,,,,,,,,,,,,,,,,,,,,,,,,,,,,,,,,,,,,,,,,,,,,,,,,,,,,,,,,,,,,,,,,,,,,,,,,,,,,,,,,,,,,,,,,,,,,,,,,,,,,,,
0.065,0.56709809,1.41757857,0.22686591,0.28033189,2.76387233,0.96926558,1.38318996,0.44060569,0.44394143,0.40111339,0.59028326,0.41882069,0.27150253,0.28673489,1.04149971,0.290837,0.51258529,0.42536858,0.39625006,0.33136869,0.5223973,0.76087957,0.41122599,0.41627226,0.45757293,0.78535603,0.78735104,3.29582837,0.44494736,0.58102807,0.30788613,0.5697298,0.28205003,0.12176372,0.35399937,0.33303798,0.2369959,0.50069643,0.20185412,0.24333169,0.10931244,0.38927091,0.13742457,0.23684902,0.18109887,0.20929175,0.17804635,0.20612481,0.1596603,0.70164721,0.21595088,0.62722243,1.46148306,1.12788242,0.55108927,0.18536024,0.91466056,0.23171228,0.60904545,0.69231787,0.21678421,0.55186307,0.22525382,0.4230993,0.21919539,2.17469223,0.4181567,0.53695971,0.5833122,0.42285905,0.38029199,0.47067352,0.80393066,1.04991077,1.32959504,0.45870109,0.54963996,0.95963139,0.93336493,0.45509955,0.42898967,0.40492179,0.19904253,0.29337149,0.33352244,0.25905351,,,,,,,,,,,,,,,,,,,,,,,,,,,,,,,,,,,,,,,,,,,,,,,,,,,,,,,,,,,,,,,,,,,,,,,,,,,,,,,,,,,,,,,,,,,,,,,,,,,,,,,,,,,,,,,,,,,,,,,,,,,,,,,,,,,,,,,,,,,,,,,,,,,,,,,,,,,,,,,,,,,
0.067,0.57377225,1.41812431,0.23214791,0.28101012,2.83357048,0.91579012,1.39861886,0.44899439,0.45004097,0.40564054,0.58432692,0.4390035,0.28787821,0.27672415,1.05710427,0.2997636,0.52536165,0.4282275,0.39932259,0.3288545,0.54018632,0.77991043,0.42166474,0.40098733,0.47109408,0.75923729,0.79032553,3.20646465,0.46372559,0.5694585,0.30981792,0.55772566,0.29092205,0.12454884,0.35564124,0.33332597,0.24307626,0.51271739,0.20646855,0.25492058,0.10959849,0.40154386,0.13933034,0.23793565,0.18008908,0.22127326,0.18366347,0.20855494,0.16674089,0.69161556,0.21701254,0.63976776,1.50167375,1.12436428,0.56460903,0.1896001,0.91270346,0.23786711,0.62743118,0.68745208,0.21599099,0.57316339,0.22712227,0.46567943,0.22178807,2.17685849,0.43588635,0.52682409,0.58655913,0.43233516,0.3974513,0.47913967,0.84711443,1.12068201,1.3042057,0.44697362,0.59144233,0.99976874,1.02924976,0.44497239,0.43528754,0.39534999,0.19651088,0.29046654,0.32019478,0.26680165,,,,,,,,,,,,,,,,,,,,,,,,,,,,,,,,,,,,,,,,,,,,,,,,,,,,,,,,,,,,,,,,,,,,,,,,,,,,,,,,,,,,,,,,,,,,,,,,,,,,,,,,,,,,,,,,,,,,,,,,,,,,,,,,,,,,,,,,,,,,,,,,,,,,,,,,,,,,,,,,,,,
0.07,0.58551119,1.43416555,0.2390403,0.27863383,3.04525617,0.81160829,1.47390579,0.46320332,0.48611685,0.43253405,0.62439486,0.4538513,0.32105038,0.27404221,1.05145913,0.32146251,0.54068263,0.4250219,0.41672894,0.34272317,0.56044497,0.82601763,0.45002116,0.39079279,0.46339839,0.72638767,0.79986424,3.08740086,0.48537011,0.54286867,0.31793227,0.56534266,0.30072261,0.1227457,0.35919727,0.33102925,0.2483329,0.52869442,0.209626,0.26527739,0.11184877,0.4241587,0.14253389,0.23843861,0.17503595,0.23060952,0.20163877,0.21042094,0.1761203,0.68255095,0.21824402,0.65405465,1.48258459,1.12941754,0.56043126,0.19614095,0.99508098,0.23504379,0.65682592,0.69283309,0.20916624,0.53241554,0.22044328,0.52025129,0.22469273,2.14576967,0.44556066,0.5477608,0.59954143,0.46008282,0.41634965,0.4694403,0.91882055,1.15573663,1.30410425,0.45464503,0.5901853,1.07079236,1.12812545,0.47231955,0.422201,0.42159285,0.2093014,0.29020905,0.31784871,0.29191713,,,,,,,,,,,,,,,,,,,,,,,,,,,,,,,,,,,,,,,,,,,,,,,,,,,,,,,,,,,,,,,,,,,,,,,,,,,,,,,,,,,,,,,,,,,,,,,,,,,,,,,,,,,,,,,,,,,,,,,,,,,,,,,,,,,,,,,,,,,,,,,,,,,,,,,,,,,,,,,,,,,
0.075,0.60029637,1.50413083,0.23957738,0.30073981,3.0629562,0.8013382,1.51366708,0.52367522,0.52422633,0.445518,0.6378434,0.48777225,0.34209912,0.30899177,0.99239055,0.35963162,0.54992357,0.42678723,0.43655222,0.36985849,0.56069267,0.84906678,0.51140642,0.44662682,0.46554103,0.78555801,0.83227723,3.54037231,0.45794984,0.51273652,0.32053919,0.58518894,0.28701502,0.12172344,0.31910258,0.33491001,0.23681658,0.55568369,0.19114484,0.28135965,0.12194582,0.44718353,0.14926076,0.24157541,0.17066555,0.22650217,0.21844389,0.21052919,0.1716842,0.70986933,0.21695554,0.72129782,1.57935688,0.98237419,0.56014426,0.20845122,1.14029877,0.21788755,0.67344091,0.69944354,0.20873807,0.46523675,0.22705033,0.50901795,0.21646452,1.98724998,0.45850332,0.58028816,0.64037075,0.49098795,0.42473103,0.52966841,0.96099695,1.09014861,1.50133326,0.41807226,0.5182986,0.99137161,1.12892573,0.47259873,0.47726279,0.42862951,0.22123795,0.29419111,0.34144567,0.29478521,,,,,,,,,,,,,,,,,,,,,,,,,,,,,,,,,,,,,,,,,,,,,,,,,,,,,,,,,,,,,,,,,,,,,,,,,,,,,,,,,,,,,,,,,,,,,,,,,,,,,,,,,,,,,,,,,,,,,,,,,,,,,,,,,,,,,,,,,,,,,,,,,,,,,,,,,,,,,,,,,,,
0.08,0.61456791,1.51951637,0.2485618,0.33178343,2.55839089,1.00867174,1.49877108,0.50039373,0.54653168,0.52126512,0.63663328,0.47553883,0.36139451,0.30312938,0.92107124,0.38528541,0.53427074,0.43017893,0.44530332,0.33777657,0.65867551,0.89179669,0.54189986,0.45995888,0.46231519,0.83697156,0.84891029,3.83980701,0.48260736,0.54683383,0.32221299,0.55650318,0.31344085,0.12629116,0.33862859,0.33774181,0.22990266,0.58600238,0.20170594,0.28664196,0.12676082,0.43852798,0.15418401,0.24601332,0.1751161,0.21147557,0.19916905,0.20613044,0.16608079,0.68963777,0.21755907,0.86722046,1.65247843,0.90995283,0.56639099,0.21116197,1.0194292,0.22465599,0.63864665,0.74561074,0.23120902,0.42623183,0.22993205,0.53338344,0.22644505,2.12600181,0.46214964,0.58808624,0.61872873,0.52716485,0.44649023,0.55113616,1.06536421,1.15961127,1.56663813,0.41537728,0.51254717,1.0893956,1.21430279,0.49302203,0.56132962,0.42130323,0.22789936,0.29606651,0.37931353,0.30856723,,,,,,,,,,,,,,,,,,,,,,,,,,,,,,,,,,,,,,,,,,,,,,,,,,,,,,,,,,,,,,,,,,,,,,,,,,,,,,,,,,,,,,,,,,,,,,,,,,,,,,,,,,,,,,,,,,,,,,,,,,,,,,,,,,,,,,,,,,,,,,,,,,,,,,,,,,,,,,,,,,,
0.085,0.62938989,1.48677675,0.26643652,0.32569491,2.37984358,1.31491001,1.56849761,0.53405086,0.54180607,0.52755415,0.69312638,0.4998952,0.40032307,0.30343856,1.02395213,0.38300178,0.54735439,0.43248865,0.4251785,0.34874267,0.63855133,0.91862991,0.58676462,0.49072754,0.45418902,0.84823423,0.89490261,3.59019686,0.52084953,0.60461184,0.31159939,0.55553107,0.33648067,0.13407255,0.3850756,0.35891561,0.24429092,0.58728278,0.20430351,0.28718551,0.13706791,0.42725229,0.15812452,0.24274545,0.18399878,0.1874375,0.18357995,0.21445706,0.17219163,0.74861582,0.21824655,0.94152043,1.58810023,0.91593303,0.55423736,0.22791543,0.98619068,0.22256636,0.61439554,0.74260885,0.21833149,0.46527636,0.25600187,0.52482111,0.23570329,2.23395326,0.51202546,0.60363161,0.6689077,0.53418518,0.46430866,0.57354267,1.31368277,1.11987241,1.49987006,0.45460558,0.50171088,1.03733033,1.34704949,0.53388646,0.55874229,0.40661124,0.27130631,0.29930679,0.37563336,0.35962501,,,,,,,,,,,,,,,,,,,,,,,,,,,,,,,,,,,,,,,,,,,,,,,,,,,,,,,,,,,,,,,,,,,,,,,,,,,,,,,,,,,,,,,,,,,,,,,,,,,,,,,,,,,,,,,,,,,,,,,,,,,,,,,,,,,,,,,,,,,,,,,,,,,,,,,,,,,,,,,,,,,
0.09,0.65385513,1.50738065,0.28362215,0.30904242,2.27375609,1.42186745,1.65521019,0.56408812,0.54295641,0.55553388,0.79117422,0.64893827,0.39863572,0.33369113,1.07483036,0.36346116,0.5744209,0.43782698,0.4512831,0.41371227,0.66736713,0.97281154,0.63563775,0.49745268,0.47355179,0.95001732,0.997603,3.62554808,0.50093145,0.61618554,0.30322566,0.62562454,0.33412946,0.14788445,0.39944683,0.38802614,0.24702629,0.59098193,0.20513549,0.274862,0.14362366,0.45711291,0.16745881,0.2526553,0.18974327,0.17457143,0.18793592,0.21655118,0.17906502,0.78907807,0.21702257,0.95708677,1.46721796,0.97885329,0.53526602,0.23790864,1.02318374,0.22577824,0.66390838,0.75540811,0.23286611,0.48401005,0.29989943,0.59629417,0.2331609,2.2744565,0.54591316,0.5853626,0.76723557,0.64688649,0.42056511,0.57143789,1.46605879,1.11158859,1.51843207,0.42895321,0.59472329,1.14683301,1.31971743,0.57645044,0.60251556,0.46140744,0.25348145,0.29494184,0.41153914,0.34193871,,,,,,,,,,,,,,,,,,,,,,,,,,,,,,,,,,,,,,,,,,,,,,,,,,,,,,,,,,,,,,,,,,,,,,,,,,,,,,,,,,,,,,,,,,,,,,,,,,,,,,,,,,,,,,,,,,,,,,,,,,,,,,,,,,,,,,,,,,,,,,,,,,,,,,,,,,,,,,,,,,,
0.095,0.67746619,1.55373301,0.29539209,0.32513498,2.15328702,1.44915646,1.68859196,0.62973573,0.54819349,0.60578056,0.88476015,0.74934842,0.3918243,0.35320848,1.13477217,0.40001097,0.6119054,0.45560098,0.45556302,0.43434497,0.80972333,0.97955975,0.64285893,0.51330781,0.53252857,1.05058592,1.12342935,3.91447189,0.46896322,0.59782641,0.29334516,0.62930025,0.3393437,0.15063413,0.4063172,0.40629317,0.24032261,0.59974968,0.20015744,0.2967035,0.14761263,0.50909031,0.17733503,0.2640221,0.20054569,0.17483892,0.18645079,0.21573128,0.19026895,0.78884413,0.21012971,0.93337445,1.42364553,0.96702212,0.52279902,0.23754968,1.05459332,0.25112059,0.67247792,0.76229113,0.25313452,0.46185379,0.33111605,0.76183422,0.21882166,2.30461749,0.50564861,0.54508961,0.81718027,0.73636928,0.42298779,0.60702398,1.33717358,1.26012653,1.43852458,0.46653063,0.68067565,1.18924747,1.32657509,0.6368651,0.6582471,0.60533664,0.23069941,0.31785769,0.41668992,0.34308286,,,,,,,,,,,,,,,,,,,,,,,,,,,,,,,,,,,,,,,,,,,,,,,,,,,,,,,,,,,,,,,,,,,,,,,,,,,,,,,,,,,,,,,,,,,,,,,,,,,,,,,,,,,,,,,,,,,,,,,,,,,,,,,,,,,,,,,,,,,,,,,,,,,,,,,,,,,,,,,,,,,
0.1,0.70343867,1.67008528,0.29628784,0.32933311,2.34056647,1.33877847,1.63112893,0.79121201,0.56768127,0.63923227,0.98214865,0.68969043,0.37393349,0.37736861,1.1823403,0.40415048,0.62684987,0.48622968,0.46244825,0.45394638,0.78239349,1.01888853,0.58690124,0.53546121,0.54046655,1.14245704,1.17165921,4.34892176,0.45333509,0.6373682,0.29954903,0.59116986,0.36288157,0.14191429,0.4217131,0.41887713,0.24231301,0.59587621,0.1955202,0.33514796,0.1373219,0.55237593,0.17638263,0.26403105,0.1995397,0.1703372,0.19391803,0.21450809,0.19982133,0.81804455,0.21123973,0.93198344,1.39507621,1.01552249,0.54316554,0.23685562,1.05286772,0.25177894,0.6444801,0.74907637,0.27934414,0.46397958,0.34990917,0.88042248,0.24010145,2.53445173,0.50524595,0.64006222,0.75224497,0.82810486,0.47389059,0.7744469,1.24828252,1.17260884,1.62166493,0.50797334,0.64294513,1.33555164,1.37548514,0.66840701,0.61481033,0.6812854,0.20491494,0.33411699,0.42322437,0.37375476,,,,,,,,,,,,,,,,,,,,,,,,,,,,,,,,,,,,,,,,,,,,,,,,,,,,,,,,,,,,,,,,,,,,,,,,,,,,,,,,,,,,,,,,,,,,,,,,,,,,,,,,,,,,,,,,,,,,,,,,,,,,,,,,,,,,,,,,,,,,,,,,,,,,,,,,,,,,,,,,,,,
0.11,0.73840582,1.74086408,0.3132026,0.34851715,2.35179904,1.25145337,1.98542162,0.79682138,0.61189797,0.5503439,1.01715056,0.54848364,0.41106524,0.43481367,1.50975823,0.4298972,0.58470541,0.45658991,0.55550531,0.49219288,0.73374753,1.01334896,0.60774078,0.58519939,0.525176,1.04233308,1.0817411,4.31711773,0.59048393,0.75833191,0.32033842,0.73097164,0.40291987,0.13831936,0.47415622,0.49092764,0.26469116,0.61089157,0.20936618,0.33274858,0.1372428,0.51160242,0.17756152,0.26753146,0.18226975,0.17416175,0.20429844,0.20777487,0.22148285,0.9310674,0.20911069,0.93378578,1.57070651,1.02071574,0.56857884,0.33382576,1.11285543,0.26875241,0.74822091,0.78237382,0.33774435,0.54217714,0.3497713,0.81466265,0.26667691,2.95191711,0.54437859,0.69155322,0.64193516,1.0722956,0.45658044,0.67273467,1.05460026,1.27466935,1.70795175,0.5462345,0.68562707,1.54738973,1.37197556,0.7698474,0.55997575,0.71463861,0.24532896,0.36313363,0.55793837,0.41505847,,,,,,,,,,,,,,,,,,,,,,,,,,,,,,,,,,,,,,,,,,,,,,,,,,,,,,,,,,,,,,,,,,,,,,,,,,,,,,,,,,,,,,,,,,,,,,,,,,,,,,,,,,,,,,,,,,,,,,,,,,,,,,,,,,,,,,,,,,,,,,,,,,,,,,,,,,,,,,,,,,,
0.12,0.77565208,1.71095528,0.35163757,0.3997842,2.11847014,1.460279,2.3991683,0.85624218,0.56814105,0.52377942,1.31137856,0.64527561,0.48738314,0.41953609,1.6702195,0.43707981,0.71314595,0.46240536,0.57586709,0.58593532,0.82439262,1.13331418,0.71584348,0.72897217,0.5976285,1.18934527,1.09187114,3.70418114,0.68320646,0.77280968,0.33552131,0.89336828,0.40070342,0.16760334,0.39561281,0.54585721,0.27075337,0.72671602,0.20802508,0.3370296,0.14515216,0.48792532,0.19545309,0.27841591,0.19072613,0.17936547,0.20909632,0.21301584,0.22108723,0.88104668,0.23051804,0.91261851,1.7840909,1.17923222,0.52059712,0.32791889,1.2271382,0.32265752,0.75431768,0.68381335,0.33683453,0.56434248,0.30397782,0.89376303,0.24965588,2.83660775,0.69551676,0.79226814,0.75555562,1.21189859,0.46398611,0.69624171,0.84854304,1.24121966,1.71175434,0.53997937,0.8356831,1.86137074,1.52855369,0.79087486,0.53728031,0.78552165,0.24224035,0.40833163,0.55582723,0.39026214,,,,,,,,,,,,,,,,,,,,,,,,,,,,,,,,,,,,,,,,,,,,,,,,,,,,,,,,,,,,,,,,,,,,,,,,,,,,,,,,,,,,,,,,,,,,,,,,,,,,,,,,,,,,,,,,,,,,,,,,,,,,,,,,,,,,,,,,,,,,,,,,,,,,,,,,,,,,,,,,,,,
0.13,0.8077214,1.78366521,0.36577148,0.47650475,2.19322213,1.28654774,2.26301581,0.98355227,0.65464348,0.50659161,1.29175864,0.6334109,0.59171299,0.42642184,1.58836508,0.53746885,0.70806492,0.49241221,0.56989256,0.59389345,0.81829251,1.20251907,0.87625223,0.78887037,0.77264787,1.66530406,1.08194195,3.86941949,0.74984288,0.73566915,0.3688461,1.23109394,0.40623756,0.1811211,0.42562768,0.64938251,0.28403517,0.7767015,0.21080716,0.31979669,0.1404275,0.48821267,0.20879278,0.2677993,0.2034734,0.20117207,0.21343079,0.21758324,0.20779154,0.81970861,0.22715917,0.89555882,1.84668931,1.37351989,0.46247256,0.31145279,1.17084222,0.34002032,0.68106005,0.71342636,0.37206827,0.56332365,0.30995229,0.85526184,0.22732993,3.22627226,0.7464583,0.78046889,0.7939908,1.0194401,0.49590134,0.68142218,0.8045556,1.27452875,1.55174162,0.5189407,1.07306519,2.06643766,1.25812193,0.83955271,0.62492241,1.08292726,0.27209233,0.4432933,0.52710991,0.42921553,,,,,,,,,,,,,,,,,,,,,,,,,,,,,,,,,,,,,,,,,,,,,,,,,,,,,,,,,,,,,,,,,,,,,,,,,,,,,,,,,,,,,,,,,,,,,,,,,,,,,,,,,,,,,,,,,,,,,,,,,,,,,,,,,,,,,,,,,,,,,,,,,,,,,,,,,,,,,,,,,,,
0.133,0.81290706,1.78926682,0.36932328,0.48456864,2.31088769,1.17464649,2.22917912,1.01502498,0.67505061,0.53430409,1.21531527,0.57446719,0.57958011,0.43272762,1.70977525,0.56692732,0.73285499,0.50886109,0.57455516,0.53710477,0.81029195,1.18952787,0.85187206,0.80049427,0.81279968,1.79125303,1.07678047,3.76924259,0.73635272,0.73438341,0.36743012,1.22679594,0.41121208,0.18979061,0.43427657,0.65894738,0.28001312,0.77849366,0.21559702,0.32859673,0.14544695,0.51044408,0.20846346,0.274133,0.20690278,0.20629228,0.20321749,0.22260101,0.20479118,0.82757025,0.22719404,0.92724667,1.8221326,1.45487165,0.46591209,0.30983834,1.18888955,0.35557717,0.6783086,0.74531496,0.3899338,0.58290453,0.3231044,0.91601989,0.224856,3.37338185,0.77886943,0.72514142,0.74106189,1.04423191,0.51973796,0.73973806,0.75803659,1.28692267,1.5053476,0.52591553,1.12378328,1.95000946,1.14119077,0.88554508,0.66453202,1.06716179,0.2653126,0.45939354,0.52569617,0.44832832,,,,,,,,,,,,,,,,,,,,,,,,,,,,,,,,,,,,,,,,,,,,,,,,,,,,,,,,,,,,,,,,,,,,,,,,,,,,,,,,,,,,,,,,,,,,,,,,,,,,,,,,,,,,,,,,,,,,,,,,,,,,,,,,,,,,,,,,,,,,,,,,,,,,,,,,,,,,,,,,,,,
0.14,0.82764148,1.84060608,0.37215482,0.4883128,2.22626129,0.90588541,2.15486131,0.9175122,0.66800072,0.46236725,1.10334037,0.50746785,0.50703346,0.43725985,1.78858178,0.69643107,0.75356357,0.53755561,0.61900208,0.53185515,0.8462896,1.20094308,0.80914228,0.78549721,0.79207953,1.87468227,1.12991664,3.7552794,0.67889562,0.72047765,0.34536968,1.14752112,0.45481952,0.19626042,0.41429356,0.65699426,0.27689103,0.78142329,0.22100243,0.3776446,0.16912034,0.52844505,0.21765992,0.30328742,0.20559476,0.2159213,0.20785356,0.24377214,0.22017358,0.87278982,0.24008755,1.04026134,1.81472796,1.47620148,0.50032209,0.31234926,1.17518062,0.36396832,0.70870944,0.74045416,0.45589492,0.57281189,0.36815234,1.0085528,0.24548774,3.88428323,1.00679121,0.65629821,0.80071435,1.0516636,0.62774678,0.85652538,0.69137238,1.31692041,1.60366465,0.51320994,1.19856986,1.9121106,1.1262259,0.93879013,0.72408167,0.98253653,0.27186304,0.47661253,0.56465869,0.51110916,,,,,,,,,,,,,,,,,,,,,,,,,,,,,,,,,,,,,,,,,,,,,,,,,,,,,,,,,,,,,,,,,,,,,,,,,,,,,,,,,,,,,,,,,,,,,,,,,,,,,,,,,,,,,,,,,,,,,,,,,,,,,,,,,,,,,,,,,,,,,,,,,,,,,,,,,,,,,,,,,,,
0.15,0.83733107,1.84233614,0.3805621,0.49837587,2.02834076,0.87416421,2.21785664,0.75134855,0.56854399,0.47230978,1.1345229,0.48800077,0.4164775,0.49927122,1.61497452,0.68560149,0.75587924,0.60337791,0.61067146,0.58910418,0.76410742,1.28379798,0.89497459,0.7352327,0.69058798,1.82401088,1.29956575,3.64277296,0.51513079,0.73789217,0.31019099,1.25856152,0.40787812,0.21401395,0.48041612,0.67493088,0.27202304,0.78416499,0.2042468,0.39828502,0.17883288,0.59209712,0.30418055,0.32251289,0.2179875,0.21471098,0.21092356,0.23425675,0.28343136,0.94122071,0.24723766,1.05508568,1.75764617,1.6023882,0.51015616,0.39708221,1.19450957,0.37642166,0.69118454,0.68299,0.48692537,0.54253152,0.37769225,0.97740799,0.26394906,4.00455695,1.15884123,0.69879176,0.78808344,1.15825769,0.68276696,0.82570789,0.69645539,1.56097511,1.69320011,0.52753311,1.18265195,1.89332769,1.18321028,0.90958025,0.78328521,0.85909726,0.2499392,0.53460994,0.64485993,0.59777922,,,,,,,,,,,,,,,,,,,,,,,,,,,,,,,,,,,,,,,,,,,,,,,,,,,,,,,,,,,,,,,,,,,,,,,,,,,,,,,,,,,,,,,,,,,,,,,,,,,,,,,,,,,,,,,,,,,,,,,,,,,,,,,,,,,,,,,,,,,,,,,,,,,,,,,,,,,,,,,,,,,
0.16,0.83624727,1.79937465,0.3886403,0.51814102,2.26304654,0.83482401,2.48543896,0.79335088,0.57808941,0.50021363,1.07338727,0.39901095,0.44105171,0.53747408,1.27262925,0.61562889,0.80397624,0.60469089,0.51884247,0.58995326,0.86472037,1.39490107,0.95359582,0.76074287,0.68033321,1.89321113,1.35562942,3.42192264,0.56940594,0.76054525,0.31780071,1.49605522,0.34022131,0.19626579,0.45530502,0.64994838,0.26796133,0.78152528,0.23815783,0.41898913,0.20344063,0.63275112,0.32097562,0.32299752,0.21806772,0.21192347,0.23378981,0.25926432,0.29365145,0.91921579,0.23650816,1.18703667,1.89797644,1.78004182,0.4796321,0.5154358,1.14159157,0.42432485,0.75153089,0.72001166,0.45239928,0.52651119,0.44495972,0.89638694,0.25566281,3.70491698,1.04311292,0.77436914,0.77802234,1.06515585,0.59961196,0.75132608,0.74023776,1.60402614,1.6031115,0.59557409,1.09618123,1.43483818,1.09153811,0.97182096,0.82987169,0.75787384,0.26408382,0.51028992,0.67405551,0.54543109,,,,,,,,,,,,,,,,,,,,,,,,,,,,,,,,,,,,,,,,,,,,,,,,,,,,,,,,,,,,,,,,,,,,,,,,,,,,,,,,,,,,,,,,,,,,,,,,,,,,,,,,,,,,,,,,,,,,,,,,,,,,,,,,,,,,,,,,,,,,,,,,,,,,,,,,,,,,,,,,,,,
0.17,0.87602939,1.98574982,0.38646736,0.51968959,2.14024564,0.91376909,2.74788721,0.91108702,0.59220907,0.51800828,0.96283517,0.391097,0.38723715,0.59846052,1.33661163,0.74057541,0.88706782,0.58284482,0.51906288,0.728297,0.84174624,1.50743459,0.80978653,0.7993196,0.73556959,1.99633659,1.36023602,4.25364849,0.54415139,0.71048669,0.33176279,1.4585062,0.32427198,0.18366048,0.49595088,0.60946186,0.27869383,0.79656241,0.26947473,0.42296808,0.19328721,0.62573567,0.33661601,0.29580732,0.2236573,0.1977912,0.21389861,0.25371338,0.31195729,0.93701163,0.24446026,1.36167397,2.35749864,2.13861591,0.49022115,0.43041637,1.36142052,0.44049605,0.85618201,0.72193497,0.4843894,0.59228771,0.45311081,0.91987421,0.28294741,3.71258936,0.95641727,0.91437382,0.82994744,1.08517072,0.56737394,0.8478366,0.83649643,1.55092916,1.76439443,0.57683064,0.91358986,1.73349295,1.05616034,0.89827018,0.69960414,0.72059033,0.24316807,0.52124252,0.76428767,0.58565383,,,,,,,,,,,,,,,,,,,,,,,,,,,,,,,,,,,,,,,,,,,,,,,,,,,,,,,,,,,,,,,,,,,,,,,,,,,,,,,,,,,,,,,,,,,,,,,,,,,,,,,,,,,,,,,,,,,,,,,,,,,,,,,,,,,,,,,,,,,,,,,,,,,,,,,,,,,,,,,,,,,
0.18,0.90301033,2.0900974,0.39013859,0.51139744,1.90551803,0.89195028,2.75394106,0.94348735,0.65742888,0.48852188,1.05710417,0.40319642,0.37207834,0.59966524,1.4907058,0.9621648,0.78604159,0.69317917,0.58910063,0.85608345,0.84621052,1.43435669,0.80004292,0.87776713,0.84413577,1.75726381,1.50503054,4.73283319,0.53765963,0.64495789,0.32535201,1.19356127,0.33447927,0.21925269,0.60366887,0.59389355,0.28577544,0.86859778,0.23226519,0.43648372,0.20112494,0.64481924,0.32345872,0.27242552,0.22224975,0.20008555,0.22979593,0.29161491,0.31886056,1.04563246,0.26251351,1.36491199,2.71296387,2.2217208,0.5312042,0.41279828,1.29087179,0.39847339,0.89431868,0.69354806,0.45008579,0.63620362,0.47381174,0.84248656,0.32523053,3.97161733,1.02802983,0.95993896,0.97957681,1.27416936,0.48740272,0.83949531,0.78702508,1.53947808,1.60380031,0.64676223,1.021075,1.74892445,1.25006964,0.93157371,0.68962489,0.68046564,0.25862433,0.58575544,0.7027971,0.66728857,,,,,,,,,,,,,,,,,,,,,,,,,,,,,,,,,,,,,,,,,,,,,,,,,,,,,,,,,,,,,,,,,,,,,,,,,,,,,,,,,,,,,,,,,,,,,,,,,,,,,,,,,,,,,,,,,,,,,,,,,,,,,,,,,,,,,,,,,,,,,,,,,,,,,,,,,,,,,,,,,,,
0.19,0.90497125,1.98689494,0.41218735,0.47470003,1.96077073,0.80953827,2.58954259,0.91999527,0.72793289,0.48323623,1.05256445,0.38451984,0.44813132,0.67083533,1.51057153,1.0175354,0.78536659,0.7333235,0.62761734,0.83663494,0.87243888,1.37895599,0.72252585,0.88306559,0.9783826,1.66269364,1.59119553,4.23558579,0.5352434,0.64290475,0.34640468,1.05184848,0.34748911,0.21935892,0.66327955,0.48995962,0.27740836,0.87384521,0.21826988,0.4536396,0.21584279,0.69874699,0.33827666,0.30063824,0.21200832,0.22605784,0.26720491,0.31126087,0.32043008,1.20811727,0.25848495,1.30607944,2.46508227,2.2569626,0.55034157,0.41663258,1.20451168,0.35773856,0.99590601,0.70996517,0.51013717,0.66728418,0.57301979,0.65759279,0.32628068,3.94466097,1.21681897,0.91496047,1.18768184,1.16098289,0.59451286,0.95557022,0.83186282,1.61191272,1.49878178,0.66563377,0.92531091,1.53241401,1.44226156,1.08541794,0.7314362,0.7293683,0.27251052,0.61625993,0.52893337,0.8334065,,,,,,,,,,,,,,,,,,,,,,,,,,,,,,,,,,,,,,,,,,,,,,,,,,,,,,,,,,,,,,,,,,,,,,,,,,,,,,,,,,,,,,,,,,,,,,,,,,,,,,,,,,,,,,,,,,,,,,,,,,,,,,,,,,,,,,,,,,,,,,,,,,,,,,,,,,,,,,,,,,,
0.2,0.89530696,1.92593306,0.41620063,0.46273419,1.86447617,0.79285756,2.62539633,0.80151629,0.69683271,0.49160988,0.86521874,0.38624944,0.53989156,0.65466285,1.57761666,1.01690247,0.84878367,0.71004587,0.64658531,0.9002179,1.04497257,1.35847018,0.6174964,1.01265986,1.07470832,1.53147888,1.50681693,3.52921979,0.52322913,0.58788453,0.36017399,1.12575328,0.35304714,0.19875465,0.64940955,0.5287857,0.27911305,0.82686839,0.25425519,0.44123263,0.21377599,0.79365516,0.32657224,0.34205891,0.20687731,0.23820616,0.25609016,0.32470244,0.29483185,1.37457911,0.27929609,1.16391448,2.00232937,2.12531259,0.53907183,0.42050856,1.14263496,0.38777707,1.21021277,0.74795792,0.51473255,0.68595427,0.53443179,0.6174877,0.38385382,4.41058128,1.33062701,0.81459979,1.45737609,1.02640338,0.60994929,0.87628207,0.90198418,1.56641892,1.54217947,0.58427843,0.79357187,1.28083503,1.41744786,1.14106382,0.8383904,0.68319917,0.29913553,0.61767966,0.49383413,0.81188778,,,,,,,,,,,,,,,,,,,,,,,,,,,,,,,,,,,,,,,,,,,,,,,,,,,,,,,,,,,,,,,,,,,,,,,,,,,,,,,,,,,,,,,,,,,,,,,,,,,,,,,,,,,,,,,,,,,,,,,,,,,,,,,,,,,,,,,,,,,,,,,,,,,,,,,,,,,,,,,,,,,
0.22,0.87924392,1.9334287,0.399844,0.40346041,1.56214397,0.83476819,2.38078468,0.68270212,0.73387589,0.52088302,0.78488154,0.38097618,0.69129401,0.66515838,1.56528681,0.83836235,0.77425483,0.69240423,0.88562805,0.91408189,1.05746628,1.24424177,0.66755474,0.9474433,0.77062744,1.20779279,1.43269109,3.72738524,0.53198682,0.56435959,0.38741318,0.95028222,0.43137647,0.1857973,0.61394251,0.61595052,0.34906278,0.87766737,0.31579887,0.50791539,0.20748466,0.95943866,0.30843429,0.32885204,0.20449209,0.23193371,0.24308369,0.34153258,0.28385292,1.63564292,0.29197899,0.93263902,2.15397773,2.61937129,0.57880973,0.50709991,1.03497442,0.45836872,1.37586704,0.70157315,0.5168255,0.6950435,0.53027292,0.57650742,0.4683932,4.52475447,1.21060878,0.70682684,1.49132064,1.04872246,0.50684111,0.81543912,0.8362134,1.24661138,1.48140355,0.53143851,0.76360037,0.78304648,1.17801341,1.02328103,0.84644692,0.80559212,0.32833005,0.61176408,0.53596035,0.81687785,,,,,,,,,,,,,,,,,,,,,,,,,,,,,,,,,,,,,,,,,,,,,,,,,,,,,,,,,,,,,,,,,,,,,,,,,,,,,,,,,,,,,,,,,,,,,,,,,,,,,,,,,,,,,,,,,,,,,,,,,,,,,,,,,,,,,,,,,,,,,,,,,,,,,,,,,,,,,,,,,,,
0.24,0.88087209,1.90299227,0.40774503,0.40777346,1.43789041,0.93725094,2.41214663,0.79931917,0.90862904,0.58872217,0.74242249,0.38408776,0.60433689,0.72564543,1.70919831,0.57372102,0.88791949,0.77346398,0.94658874,0.81533384,1.3134339,1.16154042,0.62348171,1.07459842,0.79531883,1.05999994,1.38399017,3.19232136,0.56049096,0.55124416,0.44817173,1.01474291,0.36933286,0.23988403,0.65396463,0.59897341,0.39971872,0.9140638,0.28863412,0.5567965,0.19880207,0.86041419,0.31377538,0.33736754,0.21333106,0.24306879,0.25449462,0.3673057,0.30579847,1.58313626,0.32158239,0.95967672,2.48230688,2.34697951,0.57296898,0.48488105,1.12004947,0.56955602,1.43184073,0.67937112,0.5688364,0.70240085,0.53653444,0.52513957,0.61345326,4.68684593,0.9349719,0.68510462,1.41473308,0.90046923,0.54694192,0.82850706,0.84053696,1.58438107,1.33073898,0.57344306,0.70224634,0.90733908,1.19773109,0.88613605,0.76251077,0.81996578,0.30446967,0.55837164,0.44660363,0.75211203,,,,,,,,,,,,,,,,,,,,,,,,,,,,,,,,,,,,,,,,,,,,,,,,,,,,,,,,,,,,,,,,,,,,,,,,,,,,,,,,,,,,,,,,,,,,,,,,,,,,,,,,,,,,,,,,,,,,,,,,,,,,,,,,,,,,,,,,,,,,,,,,,,,,,,,,,,,,,,,,,,,
0.25,0.88728644,1.9595624,0.40176176,0.41479604,1.48372813,1.00298166,2.31349667,0.88324646,0.9415668,0.57278908,0.79425403,0.41834639,0.49167662,0.78958232,1.69644821,0.55517803,0.91479817,0.75105086,0.90860312,0.7457301,1.2352553,1.26531055,0.68410587,0.98873062,0.86979833,1.00036803,1.36339846,3.15087786,0.55013034,0.58455092,0.49101181,0.96069354,0.38461186,0.26925105,0.62079372,0.58001941,0.42626386,1.1368499,0.25795547,0.53244607,0.18094227,0.79520043,0.27789494,0.35741152,0.22184004,0.25479487,0.26951958,0.37970276,0.29525098,1.45559844,0.3229711,1.05487808,2.60489043,2.02904243,0.57892412,0.58802721,1.17836643,0.60255595,1.34575505,0.7103524,0.51383169,0.66527694,0.487838,0.52555474,0.6298843,5.12731469,0.85750815,0.63914293,1.42877687,0.82986232,0.47051604,0.74415126,0.85223066,1.68682808,1.55272283,0.67372033,0.77134057,0.9721235,1.17713837,0.83785812,0.77245336,0.77438337,0.29873362,0.60033091,0.50936004,0.71127828,,,,,,,,,,,,,,,,,,,,,,,,,,,,,,,,,,,,,,,,,,,,,,,,,,,,,,,,,,,,,,,,,,,,,,,,,,,,,,,,,,,,,,,,,,,,,,,,,,,,,,,,,,,,,,,,,,,,,,,,,,,,,,,,,,,,,,,,,,,,,,,,,,,,,,,,,,,,,,,,,,,
0.26,0.90106293,2.06136077,0.39387302,0.42059397,1.59885976,1.00118539,2.0900114,0.90533975,0.96034898,0.54063519,0.89739128,0.45624463,0.4395042,0.83971631,1.86623899,0.52827932,0.88369076,0.79802615,0.87429596,0.7700978,1.11164746,1.39883166,0.75981577,0.89402979,0.88589557,1.1156352,1.31257221,3.35703629,0.60624596,0.62715388,0.55199446,0.96087187,0.37893778,0.28333456,0.51605058,0.58795188,0.44489996,1.32307426,0.22946346,0.49316856,0.20319972,0.73944629,0.25836795,0.34867143,0.21068415,0.2476477,0.26150391,0.37824471,0.30167496,1.3130574,0.34178095,1.13408447,2.59836498,1.740467,0.58690923,0.63984451,1.28661777,0.62344381,1.20544266,0.68837067,0.48947248,0.59760903,0.44413155,0.53817904,0.65436765,5.64939016,0.91589054,0.63967814,1.21566251,0.89950432,0.45836292,0.69626977,0.87509394,1.7301739,1.68715459,0.67172144,0.7842525,1.10518351,1.2648467,0.84134295,0.89296431,0.78652295,0.3216035,0.63149011,0.56370667,0.61675265,,,,,,,,,,,,,,,,,,,,,,,,,,,,,,,,,,,,,,,,,,,,,,,,,,,,,,,,,,,,,,,,,,,,,,,,,,,,,,,,,,,,,,,,,,,,,,,,,,,,,,,,,,,,,,,,,,,,,,,,,,,,,,,,,,,,,,,,,,,,,,,,,,,,,,,,,,,,,,,,,,,
0.28,0.92242942,2.06002729,0.41304115,0.42804734,1.79324213,1.13761829,2.04829515,0.80753348,0.90861658,0.53545356,0.8528559,0.42743781,0.48006002,0.78940186,2.26112381,0.4160292,0.93627721,0.84375962,0.81192494,0.80562019,1.09534527,1.53862286,0.98441531,0.80916044,0.77940776,1.24453449,1.33917337,3.58106277,0.53986653,0.71845528,0.59103456,1.10835523,0.39473384,0.3074629,0.57644029,0.56166027,0.39783665,1.49400968,0.26661194,0.47703802,0.23832209,0.81407313,0.29824322,0.38894741,0.24771507,0.26691329,0.28344699,0.4241683,0.33064454,1.49948853,0.38060685,1.21838768,2.75663533,1.41379852,0.56668397,0.7807928,1.33495206,0.64330915,1.03524656,0.72005028,0.43766967,0.49282769,0.43180663,0.55332945,0.61448814,5.3015966,0.96458508,0.62233202,0.91465015,1.06601912,0.51103072,0.80603497,0.86839099,1.55247621,1.58813591,0.6559432,0.94123526,1.31004245,1.55431287,0.82255317,0.67231046,0.92707401,0.37276574,0.68846372,0.58792936,0.57268835,,,,,,,,,,,,,,,,,,,,,,,,,,,,,,,,,,,,,,,,,,,,,,,,,,,,,,,,,,,,,,,,,,,,,,,,,,,,,,,,,,,,,,,,,,,,,,,,,,,,,,,,,,,,,,,,,,,,,,,,,,,,,,,,,,,,,,,,,,,,,,,,,,,,,,,,,,,,,,,,,,,
0.29,0.90891066,1.91264875,0.43192384,0.4259718,1.72948547,1.16559666,2.29830502,0.78491635,0.81660246,0.53000446,0.88858612,0.42180393,0.52557196,0.72011193,1.9539197,0.46900012,0.9903742,0.88208333,0.82490776,0.78668049,1.02566887,1.44770711,0.92245925,0.79765627,0.73738331,1.31286302,1.50480344,3.64500397,0.48252936,0.74832339,0.57477569,1.09153644,0.38925504,0.29838677,0.63333094,0.590505,0.39453441,1.49433446,0.28603435,0.46196497,0.25522995,0.85416926,0.29666037,0.42702688,0.26460396,0.27317024,0.2991206,0.40724864,0.3155143,1.56831169,0.38922915,1.26227163,2.65302339,1.44493909,0.54933761,0.76248637,1.42467625,0.63128719,0.97914968,0.74971976,0.39645405,0.48693868,0.41421995,0.52257493,0.62966549,4.33062922,0.91598772,0.6407552,0.95369356,1.11127772,0.4721735,0.84156633,0.82796585,1.44242717,1.55788789,0.63546433,1.01780647,1.2516679,1.52785442,0.90967098,0.64580302,0.86818532,0.36006225,0.76519371,0.52073148,0.53277394,,,,,,,,,,,,,,,,,,,,,,,,,,,,,,,,,,,,,,,,,,,,,,,,,,,,,,,,,,,,,,,,,,,,,,,,,,,,,,,,,,,,,,,,,,,,,,,,,,,,,,,,,,,,,,,,,,,,,,,,,,,,,,,,,,,,,,,,,,,,,,,,,,,,,,,,,,,,,,,,,,,
0.3,0.90661106,1.91384826,0.42947167,0.43459744,1.72885425,1.07901169,2.47573226,0.790785,0.71211751,0.52449946,0.94556449,0.40453272,0.53159886,0.66997,1.88596642,0.47573937,1.03710558,0.95080234,0.88242875,0.75218474,1.02962755,1.31086191,0.79366631,0.72373767,0.72437544,1.4039538,1.62632639,4.30529529,0.48636377,0.81505209,0.56474358,1.02364176,0.37150285,0.28676044,0.67397639,0.64335095,0.38559795,1.42918342,0.311783,0.44138718,0.27737638,0.82022463,0.27911329,0.43038412,0.27598613,0.2710315,0.31526774,0.38064697,0.30025398,1.64944692,0.37699701,1.26223502,2.56340821,1.68279527,0.55001231,0.69732277,1.41736245,0.58905462,0.99437032,0.76114274,0.3619322,0.49879141,0.38624598,0.51325698,0.64201516,3.55174751,0.91152942,0.63728912,1.0196857,1.13993424,0.48334243,0.8135356,0.86059036,1.43106177,1.70860869,0.6277114,1.03291826,1.10189969,1.42491361,0.98358341,0.65673747,0.81112633,0.33128651,0.81706552,0.48336757,0.49143062,,,,,,,,,,,,,,,,,,,,,,,,,,,,,,,,,,,,,,,,,,,,,,,,,,,,,,,,,,,,,,,,,,,,,,,,,,,,,,,,,,,,,,,,,,,,,,,,,,,,,,,,,,,,,,,,,,,,,,,,,,,,,,,,,,,,,,,,,,,,,,,,,,,,,,,,,,,,,,,,,,,
0.32,0.92238874,2.14075277,0.39743075,0.44547639,1.78877651,0.84859697,2.52431313,0.9473984,0.65430211,0.50720379,0.9854709,0.32944943,0.41953717,0.6300455,1.99906878,0.56535281,1.16115621,0.98477307,0.94472746,0.64310433,1.18769047,1.21475778,0.65948423,0.75323404,0.67261095,1.51803422,1.92634743,5.58580782,0.56520074,0.8679697,0.55465851,1.02002203,0.3993937,0.27951358,0.60823555,0.66798808,0.38687764,1.30294908,0.30250405,0.43857195,0.24204934,0.66400035,0.23394057,0.46385198,0.3141924,0.28194729,0.35689085,0.36550586,0.25518067,1.74371977,0.36902932,1.14624955,2.7146078,2.04105092,0.58082573,0.52095172,1.28226441,0.46731669,1.00878577,0.7606652,0.36044633,0.47694391,0.43315411,0.54314546,0.57911903,3.2358928,0.89608903,0.56767599,1.14439297,1.02171104,0.54907801,0.64621247,1.01034201,1.52955818,1.95016533,0.5623243,0.93953908,1.05536243,1.32391832,1.02246065,0.63738901,0.7671751,0.29870431,0.78836324,0.43133559,0.68413584,,,,,,,,,,,,,,,,,,,,,,,,,,,,,,,,,,,,,,,,,,,,,,,,,,,,,,,,,,,,,,,,,,,,,,,,,,,,,,,,,,,,,,,,,,,,,,,,,,,,,,,,,,,,,,,,,,,,,,,,,,,,,,,,,,,,,,,,,,,,,,,,,,,,,,,,,,,,,,,,,,,
0.34,0.91949327,2.14199695,0.39471012,0.47567493,1.73361293,0.89142137,2.58261294,0.9679958,0.57666327,0.48576728,0.86106104,0.30149615,0.35574389,0.59346172,2.21176733,0.66531884,1.2558881,0.89976061,1.08053934,0.57612783,1.20816983,1.16273028,0.57834448,0.85640862,0.67055498,1.4957013,1.88741761,5.44713101,0.59744749,0.93205958,0.55992536,1.10117024,0.45758799,0.29206787,0.57620865,0.74850839,0.42003858,1.4789706,0.37649698,0.47625643,0.2147735,0.59570836,0.23665022,0.56265128,0.3051819,0.33602841,0.32339364,0.38718265,0.24060934,1.93395432,0.41709542,0.97392357,2.86031741,1.58498,0.62346985,0.44494676,1.28641348,0.427783,1.01620684,0.87692863,0.4162563,0.45004505,0.44961857,0.61992144,0.52141004,3.41326179,1.01460182,0.57226863,1.09456972,0.91642052,0.55550155,0.65598924,0.90291996,1.62526035,1.85980535,0.55788349,0.81376321,0.86820767,1.27663046,0.83004592,0.64375499,0.66147422,0.25872747,0.7163078,0.4636768,0.67331106,,,,,,,,,,,,,,,,,,,,,,,,,,,,,,,,,,,,,,,,,,,,,,,,,,,,,,,,,,,,,,,,,,,,,,,,,,,,,,,,,,,,,,,,,,,,,,,,,,,,,,,,,,,,,,,,,,,,,,,,,,,,,,,,,,,,,,,,,,,,,,,,,,,,,,,,,,,,,,,,,,,
0.35,0.90776797,2.04830993,0.40230371,0.50053284,1.77405579,0.88355773,2.67276425,0.98453188,0.6316816,0.47349802,0.78941462,0.28786321,0.36242638,0.66505285,2.21450609,0.68647652,1.27959335,0.82267053,1.13268307,0.58658893,1.14347048,1.12989867,0.52542135,0.81003999,0.68921937,1.4795208,1.78108575,5.05281132,0.60051805,0.93728318,0.56784119,1.06428939,0.48173011,0.2861946,0.53358091,0.75103188,0.44630156,1.58736092,0.38349781,0.48445862,0.23439634,0.5621106,0.24023932,0.60978571,0.31098747,0.35017389,0.3414906,0.40621416,0.24079136,1.99970245,0.40363715,0.87873337,2.87752338,1.54294887,0.60954149,0.40521575,1.34673979,0.43800168,1.00210728,0.92039616,0.41249286,0.45164704,0.4661312,0.60544739,0.5199143,3.05746861,1.0612243,0.59958547,1.09777358,0.84588757,0.56774444,0.65717568,0.80420638,1.51770992,1.86684653,0.56405445,0.71932016,0.80162286,1.2180163,0.82251803,0.69688738,0.68272218,0.25651269,0.69444036,0.48819206,0.66500929,,,,,,,,,,,,,,,,,,,,,,,,,,,,,,,,,,,,,,,,,,,,,,,,,,,,,,,,,,,,,,,,,,,,,,,,,,,,,,,,,,,,,,,,,,,,,,,,,,,,,,,,,,,,,,,,,,,,,,,,,,,,,,,,,,,,,,,,,,,,,,,,,,,,,,,,,,,,,,,,,,,
0.36,0.90804354,2.07028729,0.39827471,0.52107244,1.85379547,0.85249263,2.75312342,0.98070657,0.69611615,0.46036084,0.70976147,0.26870249,0.36631975,0.72179518,2.26243147,0.74407433,1.28493677,0.79890189,1.14108973,0.61949164,1.01880513,1.10046536,0.56251799,0.75701489,0.71418389,1.4614574,1.75892733,5.07338774,0.61094688,0.938868,0.58774522,1.08535325,0.48426639,0.28646185,0.50110611,0.73748849,0.45561245,1.65348063,0.36884033,0.49058012,0.24082885,0.59850717,0.24558787,0.63963817,0.30801852,0.34480574,0.35457154,0.44000164,0.23503803,1.99028418,0.39650346,0.77273234,2.93016773,1.57989984,0.59409863,0.34711375,1.41211499,0.43958417,0.98698265,0.94886518,0.39282064,0.46261582,0.46748437,0.57474624,0.53303826,3.06549349,1.05403666,0.62865536,1.03487702,0.74630907,0.57221918,0.67860783,0.76071634,1.40377761,2.02149633,0.59312116,0.69462926,0.72656688,1.17415504,0.82733233,0.72984555,0.63302067,0.25851871,0.70783978,0.50785461,0.62980959,,,,,,,,,,,,,,,,,,,,,,,,,,,,,,,,,,,,,,,,,,,,,,,,,,,,,,,,,,,,,,,,,,,,,,,,,,,,,,,,,,,,,,,,,,,,,,,,,,,,,,,,,,,,,,,,,,,,,,,,,,,,,,,,,,,,,,,,,,,,,,,,,,,,,,,,,,,,,,,,,,,
0.38,0.88729479,1.98390018,0.39684055,0.57163579,1.80474361,0.78936858,2.86232372,0.91240177,0.72213658,0.43428988,0.7622637,0.2411774,0.37201071,0.64646133,2.31197547,0.79910867,1.26198571,0.79437935,1.05358323,0.61045314,0.78918747,1.19563623,0.6220015,0.65929572,0.77364491,1.43830819,1.75350166,4.75934808,0.65820237,0.8985024,0.60497137,0.98523242,0.48564505,0.26481083,0.45373013,0.71778407,0.49003841,1.70090474,0.37572132,0.43284967,0.21608189,0.68137037,0.23185014,0.6696784,0.30798894,0.30370606,0.31596461,0.47349474,0.21604402,1.94960738,0.40982025,0.57003024,2.92115292,1.49903427,0.65788955,0.33012217,1.38372637,0.42692967,1.01896344,1.01283218,0.3716027,0.51930024,0.48090962,0.58021811,0.5566974,2.64438875,1.03724325,0.68520514,0.71987966,0.62673161,0.72393368,0.65482983,0.91329611,1.29213026,1.87680979,0.59540272,0.64565394,0.87758164,1.13986407,0.78897449,0.72252899,0.53474368,0.26401156,0.70449271,0.48718878,0.59594618,,,,,,,,,,,,,,,,,,,,,,,,,,,,,,,,,,,,,,,,,,,,,,,,,,,,,,,,,,,,,,,,,,,,,,,,,,,,,,,,,,,,,,,,,,,,,,,,,,,,,,,,,,,,,,,,,,,,,,,,,,,,,,,,,,,,,,,,,,,,,,,,,,,,,,,,,,,,,,,,,,,
0.4,0.87248698,1.96562845,0.38727234,0.56571393,1.8667467,0.81855105,2.84844888,0.77903665,0.78190789,0.43445888,0.82553425,0.24636905,0.39211138,0.51148571,2.14575398,0.73353079,1.27514315,0.76495265,1.00730883,0.55062564,0.7624057,1.33622298,0.65067766,0.65723633,0.76322728,1.4526435,1.82487603,4.843258,0.6139528,0.97437952,0.60542985,0.86620105,0.53233721,0.25791719,0.48087619,0.74553074,0.51591851,1.6076726,0.40652768,0.42375109,0.19548428,0.77424427,0.24563023,0.64861178,0.33958273,0.31462569,0.36582966,0.46364086,0.22289736,2.148934,0.43796901,0.50301986,3.06646172,1.39355861,0.72909344,0.33307789,1.27503262,0.37014348,1.01661319,1.08438707,0.3800419,0.57472521,0.46849039,0.58422953,0.63921997,2.25150111,0.88380426,0.67112919,0.54502705,0.64526601,0.72127468,0.64163107,1.02639218,1.21732948,1.38070856,0.51217965,0.58577577,0.90299744,1.0974598,0.79177931,0.67596826,0.46020525,0.29928354,0.71384644,0.42187332,0.5267213,,,,,,,,,,,,,,,,,,,,,,,,,,,,,,,,,,,,,,,,,,,,,,,,,,,,,,,,,,,,,,,,,,,,,,,,,,,,,,,,,,,,,,,,,,,,,,,,,,,,,,,,,,,,,,,,,,,,,,,,,,,,,,,,,,,,,,,,,,,,,,,,,,,,,,,,,,,,,,,,,,,
0.42,0.85269242,1.88184707,0.3863674,0.52410048,1.68565372,0.76460557,2.78230132,0.66403119,0.83221215,0.42341584,0.82743658,0.24775283,0.3707371,0.4429005,1.92724694,0.71280046,1.41782205,0.81495405,0.99206802,0.56169588,0.75110594,1.37891813,0.57258199,0.6163029,0.62791715,1.56170123,1.93123735,4.17348586,0.54298639,1.04726963,0.5953121,0.83104275,0.52719294,0.23598831,0.51787795,0.74893968,0.56400286,1.33421706,0.39514068,0.46924145,0.22547479,0.73323399,0.26416823,0.57875368,0.39400017,0.33069503,0.33843272,0.46572134,0.23420909,2.06619054,0.45386958,0.44723098,3.17581801,1.20267733,0.78904979,0.32096074,1.22576412,0.39566771,1.00014856,1.07631513,0.40967601,0.56803457,0.46549435,0.52704793,0.69449395,2.72349932,0.72167213,0.52638986,0.47362797,0.74327614,0.6860587,0.70528889,1.109447,1.14503131,1.24699079,0.4862839,0.50570685,0.90963381,1.15575244,0.77600092,0.71145551,0.48551042,0.29218437,0.7474262,0.3743006,0.45060834,,,,,,,,,,,,,,,,,,,,,,,,,,,,,,,,,,,,,,,,,,,,,,,,,,,,,,,,,,,,,,,,,,,,,,,,,,,,,,,,,,,,,,,,,,,,,,,,,,,,,,,,,,,,,,,,,,,,,,,,,,,,,,,,,,,,,,,,,,,,,,,,,,,,,,,,,,,,,,,,,,,
0.44,0.83016771,1.79743872,0.38342249,0.48801967,1.45262451,0.73273747,2.46845191,0.66165047,0.83857563,0.40949286,0.88132329,0.28095767,0.33874998,0.38081733,1.67740446,0.68240023,1.43863748,0.86161065,0.9587839,0.56300272,0.76089158,1.34712815,0.51987389,0.62745394,0.56535027,1.67796974,1.7874617,4.03357224,0.46387897,1.35370298,0.54237429,0.83618323,0.50503425,0.22976486,0.48858438,0.74072747,0.58065356,1.0958536,0.40352951,0.56803534,0.24621447,0.71503227,0.26192635,0.58869136,0.39489569,0.36198966,0.36742148,0.47503761,0.27030963,1.79962434,0.44567346,0.41252948,3.11649307,0.95823482,0.8475266,0.31418465,1.13022779,0.40946581,1.02178434,1.03516322,0.43102763,0.57196427,0.3882468,0.4668655,0.65822996,2.59846072,0.64651708,0.45148304,0.48410291,0.65382939,0.66852696,0.72460178,1.18767925,1.17867439,1.29382988,0.51152542,0.47078276,0.93204087,1.40776793,0.83612851,0.77342554,0.43240899,0.2412371,0.69383926,0.35415528,0.43087858,,,,,,,,,,,,,,,,,,,,,,,,,,,,,,,,,,,,,,,,,,,,,,,,,,,,,,,,,,,,,,,,,,,,,,,,,,,,,,,,,,,,,,,,,,,,,,,,,,,,,,,,,,,,,,,,,,,,,,,,,,,,,,,,,,,,,,,,,,,,,,,,,,,,,,,,,,,,,,,,,,,
0.45,0.82141379,1.76281287,0.38275226,0.47151791,1.4265381,0.75904721,2.31082581,0.74835459,0.84697025,0.39772178,0.90028307,0.29521144,0.33251659,0.37480778,1.50168308,0.64030677,1.40908651,0.90947424,0.92488474,0.54632656,0.75530679,1.31561428,0.52276305,0.61843313,0.5374878,1.68500747,1.76944054,3.95212896,0.45153405,1.51480785,0.56088771,0.86103849,0.51179689,0.23842574,0.45132985,0.78538661,0.5766068,1.10545598,0.42752288,0.59191062,0.24649748,0.79262234,0.25349107,0.56930023,0.38926845,0.38496786,0.36625961,0.48910719,0.28020187,1.65134551,0.42196002,0.39250667,2.99544599,0.8638285,0.86597227,0.33592411,1.0645048,0.39489133,0.99779081,1.02730154,0.43098294,0.56222384,0.35344435,0.46045034,0.62258051,2.70925721,0.61416525,0.43645087,0.51049047,0.60783004,0.73202388,0.74323188,1.13701174,1.15979798,1.30774576,0.50766947,0.45153104,0.9180623,1.46048443,0.82472725,0.76204754,0.40286879,0.2307561,0.66272266,0.34195,0.41520824,,,,,,,,,,,,,,,,,,,,,,,,,,,,,,,,,,,,,,,,,,,,,,,,,,,,,,,,,,,,,,,,,,,,,,,,,,,,,,,,,,,,,,,,,,,,,,,,,,,,,,,,,,,,,,,,,,,,,,,,,,,,,,,,,,,,,,,,,,,,,,,,,,,,,,,,,,,,,,,,,,,
0.46,0.80870206,1.71194273,0.38202156,0.45399054,1.4016715,0.77289441,2.17055304,0.78947558,0.83550851,0.38455937,0.90676663,0.29582441,0.32153953,0.37361219,1.35677571,0.60160793,1.36624436,0.9882355,0.88098469,0.54134558,0.7918319,1.27278689,0.54013223,0.58725604,0.5136211,1.62030819,1.74760495,3.80416582,0.44707054,1.61555039,0.59554743,0.87308535,0.54028274,0.25421631,0.41761762,0.80449384,0.59262528,1.09777575,0.43960664,0.59178646,0.23759096,0.89007136,0.25222035,0.54573183,0.37847259,0.40350098,0.35460035,0.49533282,0.2841686,1.52023094,0.40623231,0.37358408,2.87760008,0.8418898,0.87379226,0.36704954,1.02621197,0.37209126,0.95018589,1.01831225,0.43075981,0.55718873,0.33365506,0.47269653,0.58181677,2.72315252,0.56979427,0.4118425,0.5380935,0.59523656,0.7584379,0.75760219,1.07275964,1.10567444,1.33019416,0.48711725,0.43595024,0.87038418,1.47992817,0.81218963,0.7208565,0.36726828,0.23267288,0.66544722,0.33278325,0.42094383,,,,,,,,,,,,,,,,,,,,,,,,,,,,,,,,,,,,,,,,,,,,,,,,,,,,,,,,,,,,,,,,,,,,,,,,,,,,,,,,,,,,,,,,,,,,,,,,,,,,,,,,,,,,,,,,,,,,,,,,,,,,,,,,,,,,,,,,,,,,,,,,,,,,,,,,,,,,,,,,,,,
0.48,0.79506776,1.6805229,0.37615241,0.44199564,1.34109888,0.73318604,2.02014358,0.78765804,0.78613959,0.35543826,0.93293944,0.26652963,0.30055468,0.37282656,1.15218351,0.55033958,1.29161617,1.16521487,0.87983249,0.58692477,0.78536454,1.24845206,0.55190319,0.62747842,0.50859254,1.51511396,1.65897674,3.7496048,0.45460628,1.59696245,0.6570988,0.86984369,0.57749123,0.27023134,0.42167818,0.81958513,0.62865162,1.00580251,0.41265773,0.57435163,0.21240076,1.06795003,0.26205112,0.53686807,0.38173964,0.38902072,0.3362883,0.51265241,0.29000654,1.37453115,0.39532109,0.37238949,2.99535139,0.84878812,0.86002852,0.41171302,1.09167188,0.36818046,0.83005296,0.9719434,0.4462734,0.55163611,0.31081932,0.48171883,0.52646369,2.51854459,0.49783363,0.35782401,0.56475401,0.52656968,0.71780879,0.82275563,0.9583832,1.01800224,1.45936154,0.49309858,0.40428613,0.8348666,1.67073253,0.8137041,0.65850771,0.36305706,0.23181862,0.6316835,0.3321794,0.38992368,,,,,,,,,,,,,,,,,,,,,,,,,,,,,,,,,,,,,,,,,,,,,,,,,,,,,,,,,,,,,,,,,,,,,,,,,,,,,,,,,,,,,,,,,,,,,,,,,,,,,,,,,,,,,,,,,,,,,,,,,,,,,,,,,,,,,,,,,,,,,,,,,,,,,,,,,,,,,,,,,,,
0.5,0.78811315,1.6522271,0.37593036,0.46259893,1.66457886,0.70571167,1.88797341,0.7522244,0.76583105,0.34265457,0.91931424,0.25715352,0.28879247,0.38653124,1.15202276,0.54347014,1.26639272,1.35413526,1.02543685,0.59902953,0.79356733,1.18551307,0.52800654,0.64091913,0.56851534,1.46850525,1.54711512,3.51120702,0.4969297,1.43130825,0.66820249,0.81069094,0.62868488,0.26050156,0.42671965,0.87038227,0.66043495,0.95899176,0.33623367,0.57574316,0.19822409,1.12277618,0.25324788,0.54798524,0.4228609,0.35610286,0.33688343,0.49835475,0.30071412,1.33368878,0.40022815,0.38211481,3.26391158,0.82640906,0.82555484,0.39391716,1.04909076,0.36048334,0.71335184,0.90570514,0.48827886,0.53794128,0.3038224,0.43701903,0.48457315,2.24065988,0.47641241,0.35256474,0.57821978,0.52009124,0.74346804,0.84327643,0.90396772,0.98417851,1.45599874,0.47437581,0.42263476,0.83771199,1.70062705,0.83799509,0.61105329,0.36084339,0.22247187,0.60803461,0.33758692,0.41595565,,,,,,,,,,,,,,,,,,,,,,,,,,,,,,,,,,,,,,,,,,,,,,,,,,,,,,,,,,,,,,,,,,,,,,,,,,,,,,,,,,,,,,,,,,,,,,,,,,,,,,,,,,,,,,,,,,,,,,,,,,,,,,,,,,,,,,,,,,,,,,,,,,,,,,,,,,,,,,,,,,,
0.55,0.77967441,1.64926808,0.36858301,0.51941536,1.88815885,0.62815165,2.28144576,0.75523966,0.80919834,0.31654464,0.78446408,0.22579084,0.31135102,0.33972119,1.19110277,0.43800162,1.21211822,1.44360298,1.11670433,0.5638974,0.82028826,1.13477671,0.44209927,0.67261783,0.82643585,1.28011074,1.46911457,3.13095897,0.36557073,1.19096433,0.64828788,0.62132288,0.94624876,0.24946256,0.44298368,0.8701131,0.79643699,1.09272255,0.34392002,0.5570784,0.20261877,1.27807067,0.25178083,0.53318921,0.3874488,0.29492623,0.30040651,0.5233728,0.26903167,1.43183002,0.36947311,0.39446178,3.49804827,0.69372061,0.81323007,0.35452747,0.95374545,0.37302558,0.71026294,0.91052532,0.54937567,0.52901794,0.3111633,0.40618226,0.44257068,2.03917661,0.43282896,0.37453057,0.47928564,0.44593453,0.79569391,0.76533111,0.9371167,1.28873748,1.03389473,0.48467952,0.50283704,0.85842078,1.47535978,0.9169066,0.43568494,0.28190054,0.29526639,0.65632755,0.28868693,0.41594737,,,,,,,,,,,,,,,,,,,,,,,,,,,,,,,,,,,,,,,,,,,,,,,,,,,,,,,,,,,,,,,,,,,,,,,,,,,,,,,,,,,,,,,,,,,,,,,,,,,,,,,,,,,,,,,,,,,,,,,,,,,,,,,,,,,,,,,,,,,,,,,,,,,,,,,,,,,,,,,,,,,
0.6,0.76336166,1.7010093,0.34257368,0.52354069,1.4938793,0.57147486,2.2639501,0.52984056,1.0217788,0.27646158,0.92312725,0.18245327,0.29008758,0.32536375,1.52426139,0.41841292,0.8770897,1.07952906,1.01818094,0.52899302,0.90210433,1.77914346,0.40744776,0.59307304,1.07000725,1.10936081,1.31914835,3.4557779,0.30596396,0.93044194,0.63169295,0.62706775,1.00084475,0.25533035,0.41157229,0.93745381,0.67851124,1.02224411,0.32708503,0.50680713,0.22688005,1.21450637,0.23422659,0.64505794,0.4288434,0.31442258,0.34640244,0.49056113,0.2555143,1.2904441,0.38819535,0.43188318,3.70792525,0.70395071,0.89879397,0.37561537,0.9167015,0.34981692,0.85319333,0.95562691,0.5530479,0.55089703,0.29717569,0.36089947,0.36044649,2.16798432,0.39165963,0.27652421,0.36484584,0.45642896,0.60507898,0.5882182,0.8109075,1.26624885,0.99576086,0.44659452,0.51006766,0.71082998,1.14079381,0.90356146,0.37075543,0.32661062,0.32349527,0.76607333,0.30477034,0.36127671,,,,,,,,,,,,,,,,,,,,,,,,,,,,,,,,,,,,,,,,,,,,,,,,,,,,,,,,,,,,,,,,,,,,,,,,,,,,,,,,,,,,,,,,,,,,,,,,,,,,,,,,,,,,,,,,,,,,,,,,,,,,,,,,,,,,,,,,,,,,,,,,,,,,,,,,,,,,,,,,,,,
0.65,0.7259563,1.64367083,0.32063144,0.52762492,1.37756354,0.496165,1.88443899,0.45214013,1.10026369,0.24575419,0.94125107,0.1943006,0.22033366,0.33010881,1.71384656,0.35165163,0.62911736,1.02987451,1.06085823,0.46174262,0.93341479,1.35470363,0.37402854,0.49992942,0.97437479,0.98468211,1.36259705,2.70537419,0.28626304,1.02438431,0.57979472,0.49152557,0.73686372,0.18278334,0.29842703,1.12600614,0.5335271,0.97437533,0.25243236,0.6137981,0.21271924,1.08026462,0.27246101,0.81784876,0.44814844,0.30033744,0.33357807,0.4546032,0.22231866,1.30725365,0.41017529,0.39155571,3.86541156,0.65070416,0.96101174,0.43008933,1.07289854,0.35140296,0.90861017,0.91617058,0.53552001,0.57979679,0.30088412,0.29835766,0.33485984,2.66469553,0.31730849,0.24919399,0.40377751,0.40704479,0.58546362,0.60067393,0.69778671,0.99134647,1.01220522,0.35086914,0.51611437,0.54932861,0.88930347,0.83110992,0.39620759,0.35081223,0.24644702,0.73512671,0.32080495,0.37545023,,,,,,,,,,,,,,,,,,,,,,,,,,,,,,,,,,,,,,,,,,,,,,,,,,,,,,,,,,,,,,,,,,,,,,,,,,,,,,,,,,,,,,,,,,,,,,,,,,,,,,,,,,,,,,,,,,,,,,,,,,,,,,,,,,,,,,,,,,,,,,,,,,,,,,,,,,,,,,,,,,,
0.667,0.71624521,1.60866406,0.31890263,0.5518686,1.38594067,0.51055745,1.55929809,0.44431373,1.12469325,0.23691461,0.90821648,0.19774894,0.19499809,0.33743984,1.7010512,0.3290054,0.59820628,1.03570812,1.07391379,0.45625728,0.92831152,1.21172823,0.35139873,0.53498262,0.95498002,1.00102315,1.18282027,2.64633799,0.29904711,1.0606761,0.5943701,0.47910408,0.65901226,0.17461119,0.28472491,1.1361194,0.5348868,0.95275878,0.26933739,0.67851945,0.2011774,1.04992499,0.30535804,0.88862814,0.45858851,0.27132747,0.31987522,0.48408546,0.22094533,1.4301551,0.40234434,0.38426477,3.85620353,0.62015042,0.97758774,0.42075044,1.08358611,0.35889851,0.92810595,0.90689622,0.53426923,0.59623484,0.31216927,0.30151694,0.3435997,2.59568259,0.34118061,0.23703194,0.44058526,0.39141805,0.57617963,0.63181934,0.6654026,0.94726462,1.01864516,0.35449149,0.488916,0.56461528,0.89589934,0.74452357,0.38286805,0.32931026,0.22991974,0.68285302,0.31481655,0.37740386,,,,,,,,,,,,,,,,,,,,,,,,,,,,,,,,,,,,,,,,,,,,,,,,,,,,,,,,,,,,,,,,,,,,,,,,,,,,,,,,,,,,,,,,,,,,,,,,,,,,,,,,,,,,,,,,,,,,,,,,,,,,,,,,,,,,,,,,,,,,,,,,,,,,,,,,,,,,,,,,,,,
0.7,0.70559222,1.55494081,0.32017963,0.58325923,1.29446475,0.49999527,1.50922844,0.44500093,1.077596,0.23496589,0.82076539,0.20240247,0.1566003,0.33862882,1.55305198,0.31989558,0.54789564,1.05924591,1.0531754,0.45336233,0.91206116,1.02552781,0.32379102,0.55499422,0.8737515,0.98939987,1.12045586,2.70247619,0.32672889,1.15004013,0.63022394,0.45267545,0.63028686,0.18054374,0.28814689,1.03205422,0.54841898,0.88304391,0.32724523,0.68125008,0.17740322,1.14532607,0.32567348,0.9550619,0.41019568,0.22008131,0.30506297,0.4806998,0.2254092,1.57808061,0.38157211,0.35771626,3.75485903,0.5373281,1.00219731,0.39416437,1.10743078,0.44381262,0.82874555,0.85692922,0.51853943,0.62284099,0.31884816,0.33427368,0.35302405,2.23591169,0.36952045,0.25526533,0.539076,0.38646973,0.62058618,0.69796554,0.68635683,0.90515816,1.0389435,0.34644014,0.47859233,0.52190957,1.00693341,0.66753483,0.39777101,0.33487622,0.21182578,0.76396679,0.31449709,0.36662736,,,,,,,,,,,,,,,,,,,,,,,,,,,,,,,,,,,,,,,,,,,,,,,,,,,,,,,,,,,,,,,,,,,,,,,,,,,,,,,,,,,,,,,,,,,,,,,,,,,,,,,,,,,,,,,,,,,,,,,,,,,,,,,,,,,,,,,,,,,,,,,,,,,,,,,,,,,,,,,,,,,
0.75,0.67936294,1.46078761,0.31594874,0.60704195,1.20832161,0.50419166,1.38109946,0.39309751,0.94249456,0.21596337,0.78796855,0.17579367,0.18524409,0.3330904,1.17263092,0.30398048,0.52440852,1.07826482,0.99899086,0.46880129,0.87583442,0.78414824,0.38466433,0.49520062,0.66479356,0.82522266,1.2678572,2.67947061,0.31273277,1.30771201,0.78043721,0.38692414,0.74684666,0.20732762,0.32258988,0.82813785,0.59407393,0.77624963,0.3578375,0.55115056,0.18876257,1.14560721,0.36551698,0.91144088,0.35952501,0.2225834,0.29799462,0.48553329,0.27095036,1.62488106,0.36430362,0.30849659,3.55311377,0.51248139,1.06028365,0.46027794,1.20735042,0.49963199,0.78144435,0.82081754,0.47054744,0.69100779,0.31552582,0.29647798,0.33200078,1.57384823,0.33443777,0.26327574,0.54950134,0.31383676,0.63128815,0.62244917,0.65477824,0.88808023,0.81524473,0.34517059,0.56675176,0.36475434,1.22548594,0.68636212,0.3691515,0.41460554,0.23798585,0.97914724,0.29461511,0.27920244,,,,,,,,,,,,,,,,,,,,,,,,,,,,,,,,,,,,,,,,,,,,,,,,,,,,,,,,,,,,,,,,,,,,,,,,,,,,,,,,,,,,,,,,,,,,,,,,,,,,,,,,,,,,,,,,,,,,,,,,,,,,,,,,,,,,,,,,,,,,,,,,,,,,,,,,,,,,,,,,,,,
0.8,0.65055211,1.38108245,0.30643938,0.59873633,1.17649907,0.51946724,1.34012708,0.31206259,0.80983919,0.17683743,0.63580519,0.1434314,0.17488694,0.31584553,0.90980666,0.34458186,0.56670017,1.08019293,0.94801434,0.43784808,0.83063137,0.75004135,0.36469695,0.51148978,0.52430343,0.76209916,0.99614804,2.18180945,0.32521111,1.41360908,0.96728242,0.35137052,0.923069,0.26644476,0.31173053,0.71660546,0.78190436,0.73320035,0.31152266,0.49819701,0.20843129,0.97213681,0.4212544,0.84355742,0.36680771,0.26475667,0.28349413,0.5152467,0.27578536,1.55518696,0.37936439,0.25242376,3.50685662,0.49946043,1.0812188,0.44918954,1.10718622,0.4832239,0.66160287,0.90901642,0.41655476,0.74694849,0.31401249,0.22865006,0.35398849,1.40904749,0.26482577,0.27739751,0.41754267,0.27268859,0.43472496,0.61526596,0.56399726,0.93236496,0.85234265,0.32980168,0.6779639,0.37037839,1.25642396,0.71642632,0.36250223,0.38780381,0.23998443,1.00474118,0.2612208,0.23997737,,,,,,,,,,,,,,,,,,,,,,,,,,,,,,,,,,,,,,,,,,,,,,,,,,,,,,,,,,,,,,,,,,,,,,,,,,,,,,,,,,,,,,,,,,,,,,,,,,,,,,,,,,,,,,,,,,,,,,,,,,,,,,,,,,,,,,,,,,,,,,,,,,,,,,,,,,,,,,,,,,,
0.85,0.62403377,1.28344928,0.3034153,0.54250525,1.03112409,0.48075594,1.33524157,0.29649267,0.74524427,0.16676474,0.66158862,0.11833816,0.14043186,0.29836532,0.789046,0.38158424,0.58263849,1.03203243,0.89306379,0.37481189,0.78510154,0.85921954,0.30640042,0.50921321,0.4651443,0.75386387,0.8925302,1.70918999,0.31868205,1.34731879,1.030911,0.31059092,0.96067866,0.29624665,0.29778096,0.69734931,0.83152677,0.72890566,0.29827702,0.49098834,0.21938854,0.84121403,0.44199489,0.70842607,0.39382797,0.26409541,0.24705398,0.50372476,0.32035965,1.42722877,0.44926252,0.24140771,3.21219389,0.51873231,0.95851233,0.41885792,1.08733599,0.47870747,0.52961708,1.01372639,0.39528759,0.77581147,0.31170121,0.21123694,0.36801107,1.39139282,0.20357509,0.28474569,0.32219897,0.234241,0.348843,0.65130492,0.5319372,1.19386514,0.96783254,0.36208302,0.60411074,0.39978489,1.23672312,0.62817711,0.43607785,0.34930203,0.21090976,0.8244946,0.30081409,0.21472518,,,,,,,,,,,,,,,,,,,,,,,,,,,,,,,,,,,,,,,,,,,,,,,,,,,,,,,,,,,,,,,,,,,,,,,,,,,,,,,,,,,,,,,,,,,,,,,,,,,,,,,,,,,,,,,,,,,,,,,,,,,,,,,,,,,,,,,,,,,,,,,,,,,,,,,,,,,,,,,,,,,
0.9,0.58496286,1.17424209,0.2914063,0.50154746,0.96532456,0.47965696,1.07146575,0.2529869,0.58066311,0.14350545,0.66956772,0.11333777,0.16018689,0.29669314,0.65807744,0.31211266,0.53867661,0.98051106,0.80380175,0.37013554,0.72511631,0.84365761,0.24919386,0.57247547,0.40243979,0.66297909,0.90557709,1.48709932,0.33295059,1.16564709,1.09969257,0.32544457,0.85418829,0.27241463,0.26747421,0.61740356,0.65898147,0.74090992,0.29644786,0.51899277,0.23431818,0.70406832,0.39407942,0.64644636,0.44171653,0.24389,0.19346225,0.4340857,0.26620112,1.26394767,0.44627937,0.22221628,2.77950433,0.46186845,0.81231822,0.42443686,1.26970137,0.43048948,0.60167313,1.04403431,0.39086032,0.766402,0.30249944,0.22379079,0.30564965,1.43975304,0.21389819,0.26979281,0.27076575,0.18492675,0.32438728,0.57843395,0.5572626,1.20509966,0.97610239,0.34905941,0.52953752,0.45364928,1.24173993,0.57659072,0.47350102,0.32993106,0.20770915,0.6839434,0.28294551,0.20161135,,,,,,,,,,,,,,,,,,,,,,,,,,,,,,,,,,,,,,,,,,,,,,,,,,,,,,,,,,,,,,,,,,,,,,,,,,,,,,,,,,,,,,,,,,,,,,,,,,,,,,,,,,,,,,,,,,,,,,,,,,,,,,,,,,,,,,,,,,,,,,,,,,,,,,,,,,,,,,,,,,,
0.95,0.54124842,1.06639397,0.27471072,0.47778875,0.93810546,0.45450267,0.80011513,0.22941834,0.5345959,0.14546473,0.62157681,0.11271659,0.15737464,0.25258366,0.52755604,0.25946618,0.46680416,1.04473513,0.74263344,0.39190981,0.6630947,0.71029527,0.22725496,0.54017621,0.39356406,0.60321187,0.92784343,1.19177543,0.37810066,1.11863216,1.09380864,0.36496205,0.74967837,0.26257426,0.25415045,0.49206682,0.57943628,0.74647757,0.30141002,0.5063834,0.24509991,0.6941893,0.32698725,0.55332499,0.42705845,0.20992666,0.19368816,0.44986544,0.27186631,1.08097525,0.39604994,0.19846904,2.35938617,0.4561579,0.70512758,0.37478497,1.34703937,0.43213621,0.62749836,1.10036583,0.37567313,0.73423876,0.2823004,0.24592878,0.23239676,1.567723,0.25710019,0.27009173,0.23501803,0.1359718,0.30749158,0.54608802,0.52592171,0.95123989,1.00542196,0.3242664,0.45345058,0.46666125,0.94312733,0.44762828,0.42903175,0.2730611,0.20687814,0.57063268,0.24068201,0.18335273,,,,,,,,,,,,,,,,,,,,,,,,,,,,,,,,,,,,,,,,,,,,,,,,,,,,,,,,,,,,,,,,,,,,,,,,,,,,,,,,,,,,,,,,,,,,,,,,,,,,,,,,,,,,,,,,,,,,,,,,,,,,,,,,,,,,,,,,,,,,,,,,,,,,,,,,,,,,,,,,,,,
1,0.50771059,0.962954,0.26768677,0.46767203,0.90346038,0.47189802,0.62047665,0.24183095,0.51973721,0.11467137,0.54973929,0.12506572,0.16505316,0.23786036,0.56266927,0.22908443,0.44831323,1.06709148,0.64985169,0.38839678,0.60080093,0.57837554,0.22976589,0.50176317,0.38884899,0.59802573,0.87352792,0.93518533,0.39581191,1.0984861,1.02817574,0.43249958,0.71735779,0.28120472,0.22831333,0.40308403,0.5816734,0.73586188,0.33979545,0.4547165,0.23300304,0.68128634,0.31942866,0.4596423,0.3799214,0.20611114,0.21215308,0.4923373,0.24723756,0.92299925,0.39927323,0.17658399,1.97946515,0.4336491,0.64381402,0.41178697,1.17425617,0.52858792,0.57213015,1.11799448,0.35199675,0.70696377,0.28724146,0.2670634,0.20962488,1.56901836,0.27964529,0.30552621,0.18757002,0.11611971,0.28635834,0.50964109,0.51380176,0.82267547,0.87569287,0.31991079,0.47826635,0.4533364,0.75740013,0.46041068,0.36668895,0.21576589,0.1976214,0.48195476,0.17891988,0.1829572,,,,,,,,,,,,,,,,,,,,,,,,,,,,,,,,,,,,,,,,,,,,,,,,,,,,,,,,,,,,,,,,,,,,,,,,,,,,,,,,,,,,,,,,,,,,,,,,,,,,,,,,,,,,,,,,,,,,,,,,,,,,,,,,,,,,,,,,,,,,,,,,,,,,,,,,,,,,,,,,,,,
1.1,0.46185299,0.81301704,0.26236619,0.45101312,0.94448475,0.56052853,0.68585722,0.23411094,0.42743092,0.09949518,0.39068221,0.12477071,0.15696655,0.18641993,0.58144573,0.20602887,0.50032509,0.9777702,0.49769337,0.39577443,0.50439908,0.45467415,0.22544151,0.43806584,0.33844874,0.44811318,0.74931985,0.85489824,0.31601382,0.85113004,0.86384195,0.50443327,0.62862566,0.33537257,0.20756257,0.45731152,0.60334061,0.70881935,0.36642285,0.46892571,0.29570915,0.5468442,0.33810232,0.40435648,0.39639462,0.26590177,0.20841937,0.57888624,0.21686639,0.6703969,0.41568516,0.15800237,1.33966728,0.54559645,0.56260875,0.29783706,1.12587073,0.69333966,0.46409095,1.15927588,0.30380574,0.67023114,0.27501355,0.23259788,0.18052282,1.07878385,0.23940461,0.31467005,0.12907205,0.10429566,0.27078735,0.39842972,0.45182526,0.71879322,0.55005615,0.27164673,0.51424967,0.402187,0.79163753,0.43954013,0.43507331,0.15834733,0.24669357,0.43351603,0.15708477,0.13572301,,,,,,,,,,,,,,,,,,,,,,,,,,,,,,,,,,,,,,,,,,,,,,,,,,,,,,,,,,,,,,,,,,,,,,,,,,,,,,,,,,,,,,,,,,,,,,,,,,,,,,,,,,,,,,,,,,,,,,,,,,,,,,,,,,,,,,,,,,,,,,,,,,,,,,,,,,,,,,,,,,,
1.2,0.41542339,0.73394362,0.23513603,0.48222808,0.67214764,0.49726999,0.582505,0.20226783,0.35030672,0.11290448,0.38640567,0.11096194,0.13380217,0.20460104,0.69772434,0.19042944,0.54104294,0.79970872,0.45522017,0.43177058,0.43521885,0.44773121,0.19597476,0.38954481,0.26919656,0.27834212,0.87254613,0.76428365,0.28285644,0.60491972,0.64221022,0.34228574,0.46550228,0.26410574,0.20983562,0.53848556,0.42239664,0.70163198,0.32200507,0.36547878,0.22375017,0.39058348,0.32120662,0.40806952,0.34707856,0.24122705,0.171981,0.58486743,0.2047937,0.71859129,0.43187395,0.14455484,0.9646738,0.42494379,0.54089538,0.28305647,1.26457568,0.47748017,0.47875205,1.11792892,0.23312699,0.66043525,0.27166248,0.18306771,0.15575594,0.91060196,0.19376629,0.28082773,0.09484496,0.12147444,0.28383404,0.43420251,0.56536505,0.66696882,0.3807688,0.24291644,0.42160996,0.34033176,0.72741963,0.43282923,0.37883587,0.1544219,0.22193612,0.43970534,0.15910597,0.11759359,,,,,,,,,,,,,,,,,,,,,,,,,,,,,,,,,,,,,,,,,,,,,,,,,,,,,,,,,,,,,,,,,,,,,,,,,,,,,,,,,,,,,,,,,,,,,,,,,,,,,,,,,,,,,,,,,,,,,,,,,,,,,,,,,,,,,,,,,,,,,,,,,,,,,,,,,,,,,,,,,,,
1.3,0.38818113,0.6940316,0.21711488,0.49366574,0.51749273,0.41358048,0.44013878,0.20663635,0.35294672,0.11912635,0.35490359,0.0860382,0.13831939,0.19632708,0.70188175,0.21098287,0.56806306,0.63881189,0.41352572,0.43065764,0.37032482,0.54905292,0.23984458,0.33533672,0.1813883,0.24104479,0.89202421,0.69687049,0.26542975,0.52455779,0.49858246,0.28582107,0.32762084,0.19685546,0.19151154,0.46206681,0.40469834,0.70597493,0.30429442,0.42332157,0.17988455,0.38524641,0.29921419,0.38891736,0.33246789,0.24228573,0.2198199,0.60897152,0.2735113,0.77876117,0.50205995,0.12716358,0.71900022,0.3110286,0.49450363,0.22172275,1.21662456,0.40173496,0.54886381,1.11002431,0.18385112,0.61083885,0.25161362,0.12069303,0.20179211,0.92239202,0.13928838,0.24843285,0.08200279,0.12568716,0.26671198,0.46809253,0.58031898,0.59979355,0.3782953,0.26538944,0.32253759,0.25530324,0.60669613,0.39633606,0.31684884,0.19577911,0.21253587,0.49046584,0.13063623,0.10517437,,,,,,,,,,,,,,,,,,,,,,,,,,,,,,,,,,,,,,,,,,,,,,,,,,,,,,,,,,,,,,,,,,,,,,,,,,,,,,,,,,,,,,,,,,,,,,,,,,,,,,,,,,,,,,,,,,,,,,,,,,,,,,,,,,,,,,,,,,,,,,,,,,,,,,,,,,,,,,,,,,,
1.4,0.36762064,0.65552444,0.20616308,0.50066951,0.57692741,0.39831604,0.33579171,0.21821708,0.33300698,0.09752579,0.37307105,0.08898691,0.15298706,0.19008398,0.76027508,0.23880117,0.52367516,0.56589587,0.37614107,0.36986355,0.32042936,0.64134419,0.24799856,0.31461633,0.16787414,0.2747962,0.78013576,0.66541465,0.23809016,0.47783941,0.46196467,0.30065837,0.28483849,0.1952182,0.188238,0.37037259,0.32327544,0.66623285,0.32214537,0.38783008,0.19046375,0.43102248,0.28512467,0.35944783,0.31106098,0.2842482,0.27370213,0.62129574,0.31496001,0.58454587,0.5392594,0.11575551,0.59440821,0.26276797,0.50482084,0.22764119,1.09926897,0.36579541,0.4439,1.08308365,0.12674616,0.47427822,0.21959085,0.12700564,0.17784075,0.9912664,0.12185152,0.2511837,0.06721903,0.14585247,0.24672866,0.42693753,0.630254,0.48117369,0.3891307,0.30193759,0.30621882,0.20426479,0.47258968,0.32374634,0.24935301,0.21195738,0.16633784,0.54673023,0.12325377,0.10694363,,,,,,,,,,,,,,,,,,,,,,,,,,,,,,,,,,,,,,,,,,,,,,,,,,,,,,,,,,,,,,,,,,,,,,,,,,,,,,,,,,,,,,,,,,,,,,,,,,,,,,,,,,,,,,,,,,,,,,,,,,,,,,,,,,,,,,,,,,,,,,,,,,,,,,,,,,,,,,,,,,,
1.5,0.34846235,0.63504537,0.1912084,0.49177426,0.66123757,0.46938951,0.3242363,0.20659861,0.27407737,0.07621035,0.43710494,0.09607382,0.14046112,0.17382658,0.66073447,0.22093844,0.49471125,0.52671718,0.35455522,0.29804654,0.33594704,0.52215182,0.23840648,0.30920802,0.1871756,0.29755137,0.56365682,0.66401978,0.19405942,0.51092718,0.46854542,0.3398628,0.25126076,0.1703547,0.1699751,0.32950809,0.28133586,0.59562398,0.31569871,0.38039736,0.21230728,0.44997558,0.2948993,0.36042696,0.2871771,0.23692976,0.24775679,0.67276819,0.29939466,0.62319669,0.44368879,0.1144851,0.55450947,0.28187584,0.45227241,0.21161287,1.09144992,0.31354874,0.38330499,1.10226944,0.11108474,0.377875,0.19409158,0.15588365,0.15671035,1.02468399,0.14531425,0.2173841,0.05696341,0.13545365,0.23035101,0.31988547,0.56546926,0.42130308,0.33777196,0.2644327,0.24262554,0.17966244,0.38829237,0.42999209,0.18362757,0.21331985,0.14815978,0.53059101,0.1266676,0.09856868,,,,,,,,,,,,,,,,,,,,,,,,,,,,,,,,,,,,,,,,,,,,,,,,,,,,,,,,,,,,,,,,,,,,,,,,,,,,,,,,,,,,,,,,,,,,,,,,,,,,,,,,,,,,,,,,,,,,,,,,,,,,,,,,,,,,,,,,,,,,,,,,,,,,,,,,,,,,,,,,,,,
1.6,0.33070217,0.60938056,0.17946737,0.4622554,0.6931226,0.49868786,0.3408405,0.19063688,0.23824972,0.06456586,0.53415709,0.10938602,0.13803193,0.16949957,0.467148,0.19733359,0.38682099,0.50235987,0.36962733,0.24824663,0.2597056,0.41096424,0.23296024,0.28007796,0.18407891,0.28258284,0.48567179,0.62302785,0.15258166,0.59783829,0.47981856,0.42380628,0.23762202,0.17683011,0.1504767,0.28155799,0.24050868,0.54779569,0.26975279,0.41010514,0.21735314,0.43705879,0.30985474,0.37175855,0.33706249,0.24741738,0.22557324,0.62734793,0.29559736,0.61064029,0.39063095,0.10570057,0.54246675,0.29803074,0.46741833,0.17164868,1.14865027,0.28687864,0.36481778,1.07911493,0.10438401,0.32674812,0.1796395,0.17561335,0.13302996,0.84359287,0.16457068,0.19014159,0.05684716,0.15636013,0.19095154,0.21491057,0.40081823,0.36498702,0.25201174,0.26631398,0.2367664,0.1808967,0.33606196,0.53052848,0.19105727,0.20599579,0.14090194,0.50830606,0.12724021,0.09585029,,,,,,,,,,,,,,,,,,,,,,,,,,,,,,,,,,,,,,,,,,,,,,,,,,,,,,,,,,,,,,,,,,,,,,,,,,,,,,,,,,,,,,,,,,,,,,,,,,,,,,,,,,,,,,,,,,,,,,,,,,,,,,,,,,,,,,,,,,,,,,,,,,,,,,,,,,,,,,,,,,,
1.7,0.31668221,0.58915183,0.17022373,0.43327939,0.66385124,0.43411177,0.30534554,0.17024793,0.22155322,0.07664524,0.45590444,0.11336526,0.13722151,0.15439773,0.332307,0.17237554,0.30970693,0.53011011,0.34933849,0.24333404,0.25688361,0.40363742,0.19842359,0.24439055,0.14661889,0.24303602,0.4326817,0.52779108,0.14472345,0.66614102,0.41410864,0.46770782,0.21943272,0.19469976,0.15189207,0.24673294,0.23977374,0.50239846,0.25072041,0.38395121,0.22655594,0.40233071,0.31959477,0.33251236,0.32802971,0.24912255,0.22421199,0.53884437,0.3164002,0.55430225,0.45696336,0.09481752,0.55117193,0.3064365,0.43627602,0.18869608,1.20797363,0.30337789,0.31357182,1.11872106,0.11234278,0.2869862,0.15612465,0.16659063,0.13420853,0.67476089,0.16171898,0.19652964,0.05177789,0.18906513,0.17144223,0.21516915,0.43117133,0.39340706,0.2648808,0.26295625,0.28766706,0.19924356,0.3231116,0.47809387,0.2365665,0.18543934,0.12447911,0.45300361,0.12640981,0.09272565,,,,,,,,,,,,,,,,,,,,,,,,,,,,,,,,,,,,,,,,,,,,,,,,,,,,,,,,,,,,,,,,,,,,,,,,,,,,,,,,,,,,,,,,,,,,,,,,,,,,,,,,,,,,,,,,,,,,,,,,,,,,,,,,,,,,,,,,,,,,,,,,,,,,,,,,,,,,,,,,,,,
1.8,0.30189897,0.6046135,0.15074587,0.39370623,0.5895405,0.36141081,0.28273646,0.14455477,0.19543619,0.085559,0.33461677,0.11061986,0.12270217,0.15692283,0.23343482,0.15218745,0.26399751,0.52768648,0.32002642,0.26695278,0.24322456,0.43373026,0.1831359,0.23175239,0.11831733,0.18207732,0.41489526,0.49735266,0.13420666,0.58947507,0.34124551,0.45305256,0.21654361,0.18000944,0.15022699,0.21371912,0.21512669,0.46545558,0.27388447,0.37428767,0.22626777,0.40813198,0.2791194,0.34653406,0.27671649,0.26865958,0.17959794,0.47839737,0.34087282,0.48264317,0.51653124,0.08826155,0.54729028,0.28796311,0.34710398,0.19442766,1.39039954,0.28564923,0.27380242,1.27514785,0.12258475,0.26069325,0.17044565,0.1492427,0.14947231,0.62829781,0.14835381,0.25240296,0.04694665,0.14778363,0.17901087,0.2170362,0.44609824,0.37249746,0.27525078,0.24609027,0.30686183,0.20937766,0.27133226,0.35769237,0.24495109,0.17526679,0.11708827,0.41495367,0.10984792,0.09070745,,,,,,,,,,,,,,,,,,,,,,,,,,,,,,,,,,,,,,,,,,,,,,,,,,,,,,,,,,,,,,,,,,,,,,,,,,,,,,,,,,,,,,,,,,,,,,,,,,,,,,,,,,,,,,,,,,,,,,,,,,,,,,,,,,,,,,,,,,,,,,,,,,,,,,,,,,,,,,,,,,,
1.9,0.29200027,0.63604341,0.13405399,0.35065273,0.49404486,0.28667129,0.29470671,0.12342561,0.20792396,0.06248319,0.28478796,0.10864219,0.10667651,0.17612294,0.20798958,0.13656346,0.23473193,0.47601998,0.318272,0.26262278,0.2242721,0.43585983,0.16520511,0.20507788,0.10411938,0.13783193,0.49292713,0.44407563,0.1185278,0.54015965,0.32976496,0.40660952,0.1954522,0.17771977,0.14720274,0.19108143,0.21272636,0.47242715,0.27929121,0.35116607,0.23168068,0.38603989,0.26297251,0.37061185,0.26670228,0.30140404,0.19732712,0.41080771,0.31621125,0.43894699,0.49292059,0.0817826,0.49088082,0.2501231,0.31232437,0.16002283,1.53081553,0.26469904,0.2868158,1.4433116,0.11727899,0.26084846,0.1705642,0.1255243,0.15425607,0.66106965,0.12582629,0.26694521,0.04064265,0.13436955,0.1791381,0.17411588,0.46210227,0.36539784,0.27143561,0.29621484,0.29384932,0.19472498,0.26213795,0.28622403,0.23053948,0.17087698,0.1052354,0.42502027,0.1069042,0.0945439,,,,,,,,,,,,,,,,,,,,,,,,,,,,,,,,,,,,,,,,,,,,,,,,,,,,,,,,,,,,,,,,,,,,,,,,,,,,,,,,,,,,,,,,,,,,,,,,,,,,,,,,,,,,,,,,,,,,,,,,,,,,,,,,,,,,,,,,,,,,,,,,,,,,,,,,,,,,,,,,,,,
2,0.28161228,0.66148208,0.11989059,0.30627476,0.41579978,0.25514243,0.30052982,0.10541303,0.1675109,0.05733478,0.27296894,0.10584694,0.0995473,0.19251098,0.19469501,0.12207599,0.21328629,0.40551194,0.30634734,0.23545276,0.20896108,0.45802573,0.1602519,0.18099479,0.09844755,0.11785851,0.52683192,0.48111756,0.12701985,0.49438043,0.30210352,0.33510287,0.18687584,0.14194566,0.14210656,0.18515948,0.23915805,0.47880103,0.26466713,0.31625592,0.22221873,0.32480688,0.25691925,0.41650956,0.26170732,0.30245746,0.20239068,0.37420827,0.28868808,0.44542472,0.51661862,0.07494322,0.47178506,0.21059229,0.27884744,0.15341469,1.59445265,0.26892358,0.2643661,1.58665091,0.12000501,0.25960329,0.15907816,0.11530409,0.14891961,0.61306957,0.11091902,0.20795602,0.03371207,0.139423,0.1956446,0.18571142,0.42166513,0.36158047,0.2448947,0.29058444,0.31014109,0.17434763,0.23163331,0.24162161,0.21272067,0.15961462,0.09109411,0.42484312,0.09866591,0.10282644,,,,,,,,,,,,,,,,,,,,,,,,,,,,,,,,,,,,,,,,,,,,,,,,,,,,,,,,,,,,,,,,,,,,,,,,,,,,,,,,,,,,,,,,,,,,,,,,,,,,,,,,,,,,,,,,,,,,,,,,,,,,,,,,,,,,,,,,,,,,,,,,,,,,,,,,,,,,,,,,,,,
2.2,0.26016137,0.65995074,0.10255908,0.23340571,0.29736842,0.2226263,0.25896136,0.08562553,0.13845213,0.04431599,0.24162332,0.09348972,0.09827288,0.19886879,0.1438571,0.1192872,0.17088328,0.34202473,0.26532132,0.24270551,0.18253655,0.45333345,0.14444498,0.16542285,0.08778195,0.12427626,0.45529874,0.4819555,0.12432045,0.40764299,0.29725518,0.21335686,0.25284619,0.13331557,0.15338612,0.18778891,0.22320081,0.44210994,0.25881166,0.32750864,0.18591342,0.20723563,0.25951414,0.45032749,0.27668389,0.30644254,0.22120595,0.34746909,0.25868989,0.44603416,0.45967415,0.06134212,0.44531622,0.16579245,0.2006798,0.14334196,1.52113253,0.21843813,0.18225694,1.71344916,0.09693866,0.21395204,0.1422035,0.07935919,0.1616328,0.41163703,0.08723701,0.15751842,0.02349792,0.15023047,0.23264466,0.20121858,0.39205148,0.40511371,0.23773817,0.28325887,0.34961723,0.14056203,0.20353093,0.19324523,0.17197278,0.1916762,0.07912914,0.40579966,0.09047629,0.10652911,,,,,,,,,,,,,,,,,,,,,,,,,,,,,,,,,,,,,,,,,,,,,,,,,,,,,,,,,,,,,,,,,,,,,,,,,,,,,,,,,,,,,,,,,,,,,,,,,,,,,,,,,,,,,,,,,,,,,,,,,,,,,,,,,,,,,,,,,,,,,,,,,,,,,,,,,,,,,,,,,,,
2.4,0.23753763,0.62606323,0.09012528,0.19473951,0.27355369,0.19382618,0.2056085,0.07626147,0.1284084,0.04825068,0.21177722,0.08081627,0.10988125,0.23425007,0.12850795,0.10754452,0.13271211,0.28237546,0.2209055,0.31396144,0.16627339,0.30612923,0.11527093,0.18854473,0.07872546,0.1108742,0.37456731,0.36766973,0.13966086,0.34625323,0.21583164,0.14730148,0.20766439,0.1180753,0.17812427,0.16660836,0.21051967,0.34944533,0.28742629,0.33886023,0.19849454,0.18484814,0.24372931,0.3370115,0.25639791,0.27652944,0.23105039,0.38361849,0.21407111,0.40051104,0.37766755,0.05461842,0.39511501,0.13225229,0.14917529,0.11667799,1.33791986,0.15912089,0.16722651,1.71605768,0.08301455,0.16032423,0.12427369,0.05493391,0.11036437,0.3897135,0.055856,0.15711855,0.01993175,0.12785416,0.27498384,0.18322318,0.34793069,0.53888581,0.2438432,0.2736321,0.26319082,0.13702652,0.19204312,0.21061002,0.13857646,0.21351792,0.08238409,0.45740224,0.08066234,0.10502666,,,,,,,,,,,,,,,,,,,,,,,,,,,,,,,,,,,,,,,,,,,,,,,,,,,,,,,,,,,,,,,,,,,,,,,,,,,,,,,,,,,,,,,,,,,,,,,,,,,,,,,,,,,,,,,,,,,,,,,,,,,,,,,,,,,,,,,,,,,,,,,,,,,,,,,,,,,,,,,,,,,
2.5,0.22600052,0.60017098,0.0851028,0.18892382,0.27234937,0.17480494,0.19064586,0.07248113,0.12571422,0.04626322,0.21980374,0.07752346,0.10610088,0.24965396,0.12179458,0.09724734,0.12560166,0.26485919,0.21146929,0.34553137,0.15572047,0.26211831,0.11346986,0.1764833,0.07407292,0.10447705,0.34375806,0.3034734,0.13311037,0.32734969,0.18808721,0.12398099,0.18058155,0.10661059,0.17514685,0.14981286,0.17931349,0.29880424,0.26791112,0.31332386,0.19530935,0.18473009,0.24322432,0.33061837,0.26066738,0.31367629,0.1936903,0.35048834,0.23389736,0.37378853,0.31877375,0.05219092,0.35913844,0.11708953,0.14436272,0.11465462,1.21685518,0.1318656,0.16293032,1.68126803,0.07506492,0.14336139,0.10002785,0.05356843,0.11193119,0.37715574,0.04770832,0.17327165,0.01919657,0.12297078,0.28918375,0.19660819,0.35678619,0.52545641,0.20602374,0.2537353,0.2341552,0.13460041,0.18917,0.19088206,0.12892342,0.21016487,0.07961366,0.50458154,0.07500567,0.11130187,,,,,,,,,,,,,,,,,,,,,,,,,,,,,,,,,,,,,,,,,,,,,,,,,,,,,,,,,,,,,,,,,,,,,,,,,,,,,,,,,,,,,,,,,,,,,,,,,,,,,,,,,,,,,,,,,,,,,,,,,,,,,,,,,,,,,,,,,,,,,,,,,,,,,,,,,,,,,,,,,,,
2.6,0.21299866,0.56512426,0.08028045,0.17504722,0.27360962,0.16247551,0.17585805,0.07804294,0.11797448,0.03994935,0.22617483,0.0713989,0.09890927,0.24665501,0.10909431,0.08749625,0.1200302,0.25858881,0.22152624,0.37700252,0.15307841,0.23136128,0.11325712,0.15773584,0.0668862,0.09519189,0.28813693,0.24381606,0.11819459,0.29092038,0.17150748,0.1073799,0.14336259,0.09426641,0.16310623,0.13469397,0.13516702,0.25455388,0.23813739,0.27129147,0.19970394,0.19080518,0.25504195,0.33170921,0.25369988,0.30793538,0.17569978,0.32511285,0.23878025,0.35318458,0.30626173,0.04869631,0.34043455,0.11485129,0.14039393,0.11373736,1.10235411,0.11109906,0.14578444,1.60365527,0.06305065,0.12650517,0.08968435,0.05975578,0.10704811,0.36022643,0.05082835,0.18318422,0.01897167,0.12389219,0.29861641,0.1831641,0.36354746,0.45544308,0.17173206,0.23827164,0.22609366,0.1464831,0.18134147,0.15888501,0.11820368,0.21528325,0.07724136,0.50398221,0.07374184,0.11289213,,,,,,,,,,,,,,,,,,,,,,,,,,,,,,,,,,,,,,,,,,,,,,,,,,,,,,,,,,,,,,,,,,,,,,,,,,,,,,,,,,,,,,,,,,,,,,,,,,,,,,,,,,,,,,,,,,,,,,,,,,,,,,,,,,,,,,,,,,,,,,,,,,,,,,,,,,,,,,,,,,,
2.8,0.19204659,0.51759339,0.0712565,0.15295795,0.25438542,0.14312588,0.14883253,0.08141202,0.09782687,0.0313669,0.19921087,0.06326475,0.08431493,0.19931399,0.09225831,0.06779421,0.11004003,0.24351435,0.2041675,0.43663598,0.15343805,0.20466152,0.08837569,0.11917781,0.04920601,0.06701403,0.19402294,0.17980316,0.08960946,0.22406067,0.16318885,0.08431851,0.11341486,0.08715556,0.14551626,0.12203291,0.10666637,0.20328416,0.22302412,0.28598944,0.25605229,0.19885301,0.30836815,0.29532651,0.25578731,0.2908247,0.18757704,0.29003485,0.18646322,0.33566841,0.25504101,0.04118487,0.29844216,0.12690585,0.12108604,0.10195768,0.89086534,0.11423423,0.10146758,1.51899947,0.04543058,0.10350042,0.07095887,0.06142897,0.10012901,0.36901398,0.05204656,0.17666912,0.02131616,0.09986499,0.31602782,0.17503086,0.34288702,0.34629223,0.14650672,0.22313178,0.19309474,0.13121437,0.16546609,0.14796935,0.09833779,0.19589394,0.08249136,0.40702345,0.06918275,0.10943561,,,,,,,,,,,,,,,,,,,,,,,,,,,,,,,,,,,,,,,,,,,,,,,,,,,,,,,,,,,,,,,,,,,,,,,,,,,,,,,,,,,,,,,,,,,,,,,,,,,,,,,,,,,,,,,,,,,,,,,,,,,,,,,,,,,,,,,,,,,,,,,,,,,,,,,,,,,,,,,,,,,
3,0.17635468,0.49206839,0.06320458,0.133689,0.23871799,0.12033085,0.12159632,0.07596282,0.08774269,0.03054509,0.18178561,0.05575159,0.07352497,0.16041481,0.08072208,0.05172951,0.11348392,0.21156059,0.19301127,0.45794507,0.14517082,0.16734553,0.07881228,0.09437474,0.03777072,0.0549928,0.15810741,0.16016427,0.1051792,0.21180364,0.14123094,0.06755155,0.09383893,0.09748715,0.11702591,0.10258319,0.0886351,0.19981702,0.22438431,0.25958424,0.24007355,0.20503085,0.28181844,0.27207068,0.29913852,0.30114273,0.19238341,0.3083143,0.18374405,0.33639502,0.21627127,0.0323075,0.25763332,0.11860784,0.1143506,0.08088958,0.70848027,0.10750265,0.08890805,1.48686399,0.04102848,0.08857449,0.05971418,0.05842103,0.09221748,0.35525351,0.05507177,0.16084871,0.02100156,0.07610885,0.29473523,0.14814309,0.36923458,0.23826387,0.12946757,0.21991562,0.17908239,0.10305108,0.15514087,0.15765038,0.08565574,0.15458504,0.09416365,0.31991607,0.06356608,0.09032698,,,,,,,,,,,,,,,,,,,,,,,,,,,,,,,,,,,,,,,,,,,,,,,,,,,,,,,,,,,,,,,,,,,,,,,,,,,,,,,,,,,,,,,,,,,,,,,,,,,,,,,,,,,,,,,,,,,,,,,,,,,,,,,,,,,,,,,,,,,,,,,,,,,,,,,,,,,,,,,,,,,
3.2,0.16274359,0.43391066,0.06103901,0.12346298,0.24214965,0.09862956,0.10005591,0.07041383,0.08835457,0.02975791,0.19823367,0.04991423,0.06016074,0.13498576,0.06557154,0.04162932,0.11794152,0.18246566,0.17993259,0.41632356,0.12834044,0.13921903,0.06422511,0.08652865,0.02962455,0.04266892,0.13760433,0.14831453,0.10461404,0.18441725,0.1385032,0.0551808,0.09930625,0.10007734,0.09865965,0.09732457,0.08331561,0.22108584,0.19990994,0.26809671,0.19533729,0.22093456,0.25866681,0.28841824,0.28804405,0.30078342,0.20164973,0.28825805,0.21145215,0.3437207,0.1625542,0.02781723,0.22377594,0.10030832,0.09617283,0.08035938,0.54442988,0.09506019,0.09469093,1.30727212,0.03276728,0.0762815,0.05310325,0.05319551,0.0803759,0.30421883,0.05115188,0.14098232,0.0202903,0.06205923,0.26210839,0.15417718,0.39272683,0.18567439,0.12409532,0.21835193,0.17496909,0.13345319,0.12981932,0.17993892,0.09196775,0.15381434,0.09378123,0.25440589,0.05828931,0.06901303,,,,,,,,,,,,,,,,,,,,,,,,,,,,,,,,,,,,,,,,,,,,,,,,,,,,,,,,,,,,,,,,,,,,,,,,,,,,,,,,,,,,,,,,,,,,,,,,,,,,,,,,,,,,,,,,,,,,,,,,,,,,,,,,,,,,,,,,,,,,,,,,,,,,,,,,,,,,,,,,,,,
3.4,0.15177783,0.37159253,0.06199401,0.11242482,0.2447232,0.09126479,0.08612084,0.0642295,0.07963399,0.02930141,0.17741127,0.04661787,0.05595199,0.1182475,0.05387456,0.0408226,0.11306903,0.16905448,0.17067947,0.34648847,0.09811923,0.11901008,0.0631464,0.07822314,0.02517674,0.03702772,0.13714785,0.15062981,0.11618827,0.17330359,0.15127595,0.05073022,0.09147601,0.10448137,0.09603831,0.08869768,0.0919242,0.24481252,0.18562792,0.27884518,0.22033389,0.22157305,0.26223786,0.25159931,0.32372001,0.30051727,0.22661298,0.30364328,0.24112023,0.34556482,0.13399558,0.02353275,0.1933988,0.09167919,0.08302179,0.08271534,0.41939331,0.08596921,0.08688655,1.07857675,0.03292514,0.06276566,0.05328952,0.04718833,0.07315708,0.25306617,0.04565592,0.12272355,0.01875031,0.04581757,0.24409449,0.14650931,0.33207603,0.16647318,0.13763896,0.205061,0.16240988,0.13192859,0.12580555,0.17404897,0.10110961,0.15629915,0.08253488,0.20144357,0.05351188,0.06338557,,,,,,,,,,,,,,,,,,,,,,,,,,,,,,,,,,,,,,,,,,,,,,,,,,,,,,,,,,,,,,,,,,,,,,,,,,,,,,,,,,,,,,,,,,,,,,,,,,,,,,,,,,,,,,,,,,,,,,,,,,,,,,,,,,,,,,,,,,,,,,,,,,,,,,,,,,,,,,,,,,,
3.5,0.14711733,0.34770386,0.06224697,0.10634217,0.24790801,0.08651808,0.07987467,0.06069235,0.07353204,0.02921876,0.14654962,0.04560739,0.05554597,0.1113345,0.04840674,0.0399603,0.10841785,0.15800868,0.16389572,0.3013686,0.08926918,0.10928912,0.06725794,0.07707985,0.02292852,0.03592845,0.13310771,0.1496783,0.11462411,0.15992162,0.14856936,0.05014451,0.08155418,0.10221179,0.09348631,0.08424982,0.09926548,0.2496177,0.17877436,0.2725917,0.23185497,0.2169954,0.25893908,0.24855714,0.35510362,0.32039568,0.2352217,0.31642801,0.26146519,0.34580481,0.12052805,0.0215852,0.17982594,0.09313429,0.0775484,0.08134318,0.37190087,0.07994396,0.08801295,0.96898126,0.03230945,0.06060634,0.05275742,0.04840435,0.06993773,0.23275707,0.04920849,0.10737674,0.01822436,0.03896448,0.24212339,0.14587469,0.30649228,0.16190916,0.1388524,0.20129258,0.17258487,0.135919,0.12128308,0.17767059,0.10865334,0.15592719,0.07533272,0.18831459,0.05126183,0.06039949,,,,,,,,,,,,,,,,,,,,,,,,,,,,,,,,,,,,,,,,,,,,,,,,,,,,,,,,,,,,,,,,,,,,,,,,,,,,,,,,,,,,,,,,,,,,,,,,,,,,,,,,,,,,,,,,,,,,,,,,,,,,,,,,,,,,,,,,,,,,,,,,,,,,,,,,,,,,,,,,,,,
3.6,0.14376282,0.3281128,0.06298977,0.09920092,0.25331558,0.08067009,0.07606043,0.06191266,0.07040944,0.03195422,0.12754156,0.045922,0.05633417,0.10329086,0.04430495,0.03967473,0.1035166,0.14672223,0.15181463,0.25593354,0.08516014,0.0997898,0.07189804,0.07265408,0.02143208,0.03408584,0.12999359,0.14559344,0.11193284,0.14459683,0.14655881,0.05173596,0.08060483,0.10006002,0.09270139,0.07942888,0.10935894,0.24953706,0.18145797,0.25930928,0.25812412,0.20768088,0.26419252,0.26877547,0.37948699,0.33248978,0.25058393,0.32484921,0.26666924,0.33931216,0.10503992,0.01995412,0.16703824,0.09440459,0.06915041,0.08206752,0.33320137,0.08143154,0.09789164,0.86490622,0.03308208,0.05733358,0.05288644,0.05381067,0.06819993,0.21435104,0.05440635,0.09195246,0.01716955,0.03299953,0.2394045,0.14323188,0.29364312,0.15874574,0.13932873,0.19817405,0.17115518,0.13964412,0.12875673,0.18174518,0.11852827,0.15580603,0.06808122,0.18840881,0.05024995,0.05750098,,,,,,,,,,,,,,,,,,,,,,,,,,,,,,,,,,,,,,,,,,,,,,,,,,,,,,,,,,,,,,,,,,,,,,,,,,,,,,,,,,,,,,,,,,,,,,,,,,,,,,,,,,,,,,,,,,,,,,,,,,,,,,,,,,,,,,,,,,,,,,,,,,,,,,,,,,,,,,,,,,,
3.8,0.13704294,0.29764296,0.06309831,0.08473727,0.25058744,0.0684833,0.07025505,0.06478535,0.07666952,0.03704994,0.11053917,0.05305752,0.05504549,0.08725538,0.03879414,0.0398055,0.09379069,0.13132055,0.12612695,0.18204094,0.08196019,0.08962631,0.07468306,0.05959274,0.01871243,0.03244762,0.11619875,0.13786688,0.11111886,0.12954922,0.13598572,0.04910415,0.09345078,0.08723899,0.08819458,0.0703945,0.13269611,0.23900418,0.18219612,0.22856646,0.24929525,0.21014556,0.29763148,0.32785126,0.35272541,0.31111512,0.27210944,0.29491263,0.25822769,0.31093431,0.08175553,0.01814176,0.14372801,0.09540838,0.05704095,0.08268596,0.26771626,0.07330406,0.09928742,0.70275993,0.0335753,0.0524872,0.04558912,0.06232672,0.06553814,0.18979501,0.06081303,0.08337062,0.01833912,0.02657549,0.22780709,0.13163838,0.33051462,0.15362762,0.14071989,0.21660065,0.17096056,0.14480586,0.15169012,0.19750437,0.13872982,0.15446457,0.05483879,0.18706624,0.04635367,0.05312391,,,,,,,,,,,,,,,,,,,,,,,,,,,,,,,,,,,,,,,,,,,,,,,,,,,,,,,,,,,,,,,,,,,,,,,,,,,,,,,,,,,,,,,,,,,,,,,,,,,,,,,,,,,,,,,,,,,,,,,,,,,,,,,,,,,,,,,,,,,,,,,,,,,,,,,,,,,,,,,,,,,
4,0.12809987,0.27061849,0.06063731,0.07445278,0.2452689,0.05685751,0.0670327,0.05840792,0.0781933,0.03804357,0.10557515,0.05713537,0.05206985,0.07666183,0.03396379,0.03863041,0.0800425,0.13489173,0.10396197,0.14130627,0.07268907,0.08516602,0.06554466,0.04561113,0.01756257,0.03688364,0.1055366,0.13061059,0.10958797,0.13527582,0.12313046,0.04824372,0.10068335,0.08270986,0.09267347,0.06316964,0.14389347,0.22020221,0.20503417,0.20298694,0.232292,0.21553193,0.2706537,0.36211443,0.24494151,0.30129376,0.24868804,0.21041491,0.2606934,0.28091887,0.06597981,0.01659839,0.13034232,0.10136477,0.04989124,0.07173646,0.21643672,0.06708353,0.08651798,0.58477021,0.02753408,0.05087884,0.03823289,0.06343106,0.06298293,0.17602669,0.06035193,0.07515652,0.01785954,0.02526814,0.20075637,0.1176367,0.35615643,0.14546537,0.12060794,0.22787013,0.16532034,0.14905867,0.16755229,0.21982405,0.13412427,0.15310483,0.04655911,0.18416353,0.04766274,0.05074885,,,,,,,,,,,,,,,,,,,,,,,,,,,,,,,,,,,,,,,,,,,,,,,,,,,,,,,,,,,,,,,,,,,,,,,,,,,,,,,,,,,,,,,,,,,,,,,,,,,,,,,,,,,,,,,,,,,,,,,,,,,,,,,,,,,,,,,,,,,,,,,,,,,,,,,,,,,,,,,,,,,
4.2,0.12124381,0.25631352,0.05735187,0.07129379,0.23140561,0.04589845,0.06621404,0.04943992,0.07364782,0.03694385,0.11421633,0.05819254,0.04665108,0.06820975,0.03096155,0.03774647,0.06523436,0.14252269,0.08961887,0.11415589,0.0690359,0.07160741,0.05622969,0.03595755,0.01711404,0.03501555,0.10372325,0.12345745,0.10865817,0.132555,0.11865238,0.04505858,0.10730207,0.07923932,0.10042717,0.05458723,0.13076141,0.19553827,0.23282991,0.19899496,0.22244882,0.20330157,0.25074646,0.38273179,0.20020707,0.30714361,0.21913842,0.17760685,0.26383252,0.28720181,0.05952393,0.01586186,0.11934319,0.10465708,0.04914011,0.06825218,0.18345789,0.06557184,0.07393288,0.49895684,0.02317561,0.0474496,0.03576134,0.05795575,0.05397557,0.16551288,0.05565785,0.06461547,0.01606908,0.02263424,0.16882518,0.11922536,0.34878594,0.12604066,0.11404325,0.21585802,0.16480731,0.15895261,0.16516651,0.23657808,0.12380045,0.14560362,0.04364398,0.17733077,0.04648338,0.05312852,,,,,,,,,,,,,,,,,,,,,,,,,,,,,,,,,,,,,,,,,,,,,,,,,,,,,,,,,,,,,,,,,,,,,,,,,,,,,,,,,,,,,,,,,,,,,,,,,,,,,,,,,,,,,,,,,,,,,,,,,,,,,,,,,,,,,,,,,,,,,,,,,,,,,,,,,,,,,,,,,,,
4.4,0.11486009,0.24510521,0.05382521,0.06679653,0.21341843,0.04094241,0.06664332,0.04347858,0.06799787,0.03386118,0.12502773,0.05725338,0.04773669,0.06954962,0.02911332,0.0371328,0.05521569,0.14550612,0.08217755,0.1011366,0.0618812,0.06418651,0.04946348,0.03083709,0.01612231,0.02861031,0.09746381,0.11316898,0.09346241,0.12703657,0.11326264,0.03942985,0.09422426,0.07196566,0.10112175,0.04861712,0.10949317,0.17194482,0.25785297,0.23380595,0.21446798,0.17984205,0.24983843,0.40850788,0.18909196,0.28100266,0.21412802,0.15761819,0.26213206,0.29850382,0.05222837,0.01536748,0.10944538,0.1042155,0.05086325,0.0634694,0.1582539,0.0616841,0.06307299,0.43393212,0.02100568,0.04252251,0.03239488,0.05206595,0.04755303,0.15656876,0.04889653,0.06379397,0.01402164,0.02159462,0.15137851,0.12658626,0.29109861,0.1170923,0.10958326,0.18391392,0.15476348,0.16212475,0.14567406,0.24410859,0.11194318,0.14834939,0.03975355,0.16409715,0.04793542,0.05996323,,,,,,,,,,,,,,,,,,,,,,,,,,,,,,,,,,,,,,,,,,,,,,,,,,,,,,,,,,,,,,,,,,,,,,,,,,,,,,,,,,,,,,,,,,,,,,,,,,,,,,,,,,,,,,,,,,,,,,,,,,,,,,,,,,,,,,,,,,,,,,,,,,,,,,,,,,,,,,,,,,,
4.6,0.1090445,0.23671808,0.05023149,0.06060089,0.19163304,0.0365753,0.06440863,0.0410172,0.05893127,0.03049392,0.13866583,0.05399414,0.05096309,0.07796899,0.02664287,0.03809309,0.04870242,0.14613454,0.0828726,0.10076019,0.052524,0.05747717,0.04391864,0.02969291,0.01541542,0.02360011,0.08774552,0.11149641,0.07591298,0.11917347,0.12322985,0.03523446,0.076051,0.0627314,0.09710043,0.04243124,0.09103523,0.15240922,0.26069356,0.24369591,0.22717639,0.15083828,0.27350598,0.43033828,0.19283556,0.23959105,0.19371497,0.13971065,0.25489753,0.305695,0.04544428,0.01465784,0.10056353,0.10113462,0.04931129,0.06501914,0.13750265,0.05710024,0.06248456,0.38243884,0.01892401,0.03831713,0.02767315,0.049393,0.04168076,0.15369064,0.04719337,0.063717,0.01182132,0.01923922,0.13791087,0.14694675,0.23763168,0.11328918,0.10250027,0.14770083,0.14168177,0.16165863,0.11958062,0.24010463,0.10607883,0.14986116,0.03592872,0.15192158,0.04646402,0.06579653,,,,,,,,,,,,,,,,,,,,,,,,,,,,,,,,,,,,,,,,,,,,,,,,,,,,,,,,,,,,,,,,,,,,,,,,,,,,,,,,,,,,,,,,,,,,,,,,,,,,,,,,,,,,,,,,,,,,,,,,,,,,,,,,,,,,,,,,,,,,,,,,,,,,,,,,,,,,,,,,,,,
4.8,0.10415523,0.23012169,0.04714163,0.05388453,0.16918397,0.03272544,0.06369296,0.04159099,0.05114192,0.02476836,0.12760779,0.04913782,0.051162,0.08662494,0.02463269,0.03845656,0.04369813,0.13926134,0.07973102,0.09988965,0.046482,0.05263442,0.03747971,0.02759485,0.01429725,0.01908287,0.08153551,0.10760085,0.06573652,0.11303071,0.12574906,0.0322529,0.07073787,0.05638402,0.09251381,0.03796374,0.08131904,0.13802153,0.27167356,0.22309468,0.24610009,0.13129226,0.27623545,0.4358191,0.19092936,0.22067735,0.16119793,0.1330563,0.24413358,0.30913815,0.0394923,0.013885,0.09259431,0.0959587,0.04278811,0.06761828,0.12371514,0.05135859,0.06372673,0.33982385,0.02010867,0.03566511,0.02487856,0.05014104,0.03936674,0.1476897,0.04732727,0.0620453,0.01064544,0.01823925,0.13153645,0.15343369,0.22129765,0.10892406,0.09900336,0.13094101,0.1322954,0.16023928,0.10753931,0.23077283,0.10955575,0.14766233,0.03164218,0.15438431,0.04391079,0.07372325,,,,,,,,,,,,,,,,,,,,,,,,,,,,,,,,,,,,,,,,,,,,,,,,,,,,,,,,,,,,,,,,,,,,,,,,,,,,,,,,,,,,,,,,,,,,,,,,,,,,,,,,,,,,,,,,,,,,,,,,,,,,,,,,,,,,,,,,,,,,,,,,,,,,,,,,,,,,,,,,,,,
5,0.09979785,0.2220128,0.04486053,0.05022183,0.14903465,0.02933807,0.06132422,0.04304275,0.04549191,0.01971856,0.11732668,0.04382899,0.04961587,0.08815927,0.02264288,0.03864799,0.0406115,0.13331333,0.07737787,0.10581184,0.04233597,0.04937072,0.02953829,0.02412676,0.01294908,0.0151761,0.07932399,0.10426857,0.05855509,0.11150402,0.11051382,0.0295184,0.07315773,0.04870628,0.08573848,0.03441057,0.07506712,0.13056699,0.2762048,0.19492738,0.24619277,0.13068013,0.2729052,0.40945777,0.18430726,0.21884164,0.14078931,0.11872941,0.24079281,0.30401448,0.03431461,0.01352549,0.08544323,0.08811577,0.03608244,0.06092583,0.11126274,0.04959259,0.06255931,0.30145665,0.01934687,0.03419477,0.02477957,0.04969057,0.03622485,0.13905699,0.04844798,0.05796384,0.01035029,0.01776892,0.11713891,0.15179004,0.21626234,0.1039982,0.11342927,0.11806442,0.13223423,0.15586931,0.10666621,0.23628926,0.12242428,0.15172595,0.02705956,0.16375321,0.04299986,0.07423414,,,,,,,,,,,,,,,,,,,,,,,,,,,,,,,,,,,,,,,,,,,,,,,,,,,,,,,,,,,,,,,,,,,,,,,,,,,,,,,,,,,,,,,,,,,,,,,,,,,,,,,,,,,,,,,,,,,,,,,,,,,,,,,,,,,,,,,,,,,,,,,,,,,,,,,,,,,,,,,,,,,
5.5,0.08925712,0.1976861,0.04030042,0.03641534,0.10769499,0.02264451,0.06102823,0.04439888,0.02995472,0.01476732,0.08810768,0.03155604,0.04811492,0.07745236,0.0173068,0.03757768,0.03146063,0.11961808,0.07169156,0.09785834,0.03328545,0.03914448,0.01727878,0.01757713,0.01060313,0.01219667,0.06634711,0.08845162,0.05250167,0.11566102,0.09279212,0.02495268,0.05651224,0.03537072,0.07309296,0.02690054,0.06258965,0.12421822,0.27983695,0.16356989,0.21430195,0.14685103,0.23555893,0.30355886,0.17914351,0.17533861,0.17155557,0.1081182,0.21343529,0.26497672,0.02687869,0.01267733,0.07066768,0.06509094,0.03173328,0.03648115,0.0975594,0.03879713,0.05330661,0.22587784,0.01406374,0.03110066,0.0273398,0.05199082,0.03185343,0.10694894,0.05002613,0.0468502,0.01136852,0.01410753,0.09419338,0.12546409,0.19517445,0.0897942,0.12187894,0.13229568,0.15133573,0.14131421,0.10835862,0.23699042,0.13289229,0.17669649,0.0247062,0.16870902,0.03932707,0.08112064,,,,,,,,,,,,,,,,,,,,,,,,,,,,,,,,,,,,,,,,,,,,,,,,,,,,,,,,,,,,,,,,,,,,,,,,,,,,,,,,,,,,,,,,,,,,,,,,,,,,,,,,,,,,,,,,,,,,,,,,,,,,,,,,,,,,,,,,,,,,,,,,,,,,,,,,,,,,,,,,,,,
6,0.07879909,0.17960228,0.03457248,0.02648795,0.08645424,0.01779943,0.05420145,0.04800386,0.02257357,0.01404321,0.0649281,0.02537014,0.03971967,0.0692155,0.01314555,0.03235606,0.02437811,0.09557709,0.07431104,0.0844162,0.02674845,0.03273765,0.01298943,0.01638788,0.0091873,0.01094041,0.05037619,0.07372467,0.04103908,0.10397231,0.08154928,0.02169817,0.04154847,0.02756901,0.05733313,0.02437772,0.04620471,0.1208581,0.29598049,0.14467996,0.17235856,0.14505729,0.17234026,0.26852207,0.19257981,0.17752141,0.17056267,0.10689131,0.15983018,0.22333206,0.02343739,0.01179284,0.05936491,0.05477316,0.03174548,0.0283114,0.08686986,0.04232048,0.03597198,0.18691869,0.01172991,0.02929421,0.02238617,0.04013223,0.03399939,0.08033289,0.04044173,0.03761495,0.01156806,0.01177755,0.07423166,0.11852889,0.1555208,0.08256774,0.09542313,0.12666705,0.16008155,0.11059044,0.11820833,0.1940269,0.10527994,0.19485157,0.0205469,0.15726069,0.03510511,0.088771,,,,,,,,,,,,,,,,,,,,,,,,,,,,,,,,,,,,,,,,,,,,,,,,,,,,,,,,,,,,,,,,,,,,,,,,,,,,,,,,,,,,,,,,,,,,,,,,,,,,,,,,,,,,,,,,,,,,,,,,,,,,,,,,,,,,,,,,,,,,,,,,,,,,,,,,,,,,,,,,,,,
6.5,0.06975999,0.16662745,0.02920561,0.02118693,0.06941514,0.01424865,0.0463389,0.04895025,0.01677683,0.01115258,0.0625104,0.02377027,0.02948105,0.06231794,0.00988766,0.02575377,0.02227999,0.08969371,0.07021885,0.06602985,0.02445852,0.02712587,0.00999747,0.01426056,0.0078145,0.00975239,0.03743167,0.06808042,0.03366328,0.08986007,0.07049711,0.018105,0.03188641,0.02220857,0.04038836,0.01984006,0.03347598,0.11146823,0.2926676,0.11933501,0.14677274,0.13996682,0.13452166,0.23849891,0.15314085,0.16603186,0.14876334,0.11716398,0.12596791,0.17954477,0.02081686,0.01076059,0.05051712,0.04396515,0.02963879,0.02062034,0.08190602,0.04332255,0.03044739,0.15118202,0.00983959,0.0247392,0.01829056,0.02733744,0.03325637,0.0625596,0.02789004,0.02948541,0.01117685,0.009783,0.05712561,0.11710619,0.12328543,0.07948419,0.07376085,0.11915169,0.15965609,0.09041872,0.11830644,0.18309472,0.0765903,0.22668553,0.01384117,0.16471495,0.03016004,0.09645933,,,,,,,,,,,,,,,,,,,,,,,,,,,,,,,,,,,,,,,,,,,,,,,,,,,,,,,,,,,,,,,,,,,,,,,,,,,,,,,,,,,,,,,,,,,,,,,,,,,,,,,,,,,,,,,,,,,,,,,,,,,,,,,,,,,,,,,,,,,,,,,,,,,,,,,,,,,,,,,,,,,
7,0.06111076,0.15022404,0.02485971,0.01850253,0.05562389,0.01164389,0.03906257,0.04497689,0.01274709,0.00843878,0.0440632,0.02189266,0.02745582,0.0562807,0.00762111,0.02204211,0.01962519,0.08283366,0.0633651,0.05935595,0.0190877,0.02193409,0.008074,0.01158855,0.00662508,0.00836543,0.02853731,0.06268236,0.02565646,0.07359959,0.05503189,0.01532238,0.02601958,0.01952107,0.02661567,0.01540119,0.0278266,0.1036191,0.26252496,0.10324484,0.11877862,0.12026745,0.11508783,0.20940444,0.12205408,0.11901993,0.1179366,0.10168156,0.0935599,0.14395096,0.01762867,0.00983562,0.04346733,0.03674473,0.02702473,0.01919458,0.07587879,0.03628256,0.02520093,0.12030872,0.00898194,0.01899648,0.01621929,0.02323866,0.02639695,0.04998376,0.02398232,0.02471211,0.0093294,0.00927546,0.0415056,0.13078379,0.10242756,0.07607092,0.06706252,0.12931087,0.14827453,0.07939055,0.13526229,0.17683829,0.07192044,0.2188967,0.01286708,0.16048568,0.02984797,0.09001531,,,,,,,,,,,,,,,,,,,,,,,,,,,,,,,,,,,,,,,,,,,,,,,,,,,,,,,,,,,,,,,,,,,,,,,,,,,,,,,,,,,,,,,,,,,,,,,,,,,,,,,,,,,,,,,,,,,,,,,,,,,,,,,,,,,,,,,,,,,,,,,,,,,,,,,,,,,,,,,,,,,
7.5,0.05332748,0.1323161,0.02149262,0.0166466,0.04481147,0.00966016,0.03156119,0.03929078,0.01268872,0.00676049,0.03539746,0.02189655,0.02609943,0.05014074,0.00600171,0.01922399,0.01754797,0.0697618,0.05214002,0.05362909,0.01636518,0.01927433,0.00771807,0.00938192,0.00581967,0.0068814,0.0253366,0.05654428,0.02200283,0.06259679,0.0465102,0.01373903,0.02287711,0.01815703,0.02034737,0.01367506,0.02182317,0.09257385,0.22337652,0.08613826,0.09835754,0.10455393,0.1026568,0.1798552,0.10672004,0.09708688,0.08946738,0.08560082,0.0733273,0.1152914,0.01541828,0.00898961,0.03778181,0.03055949,0.0247932,0.01611676,0.06839744,0.02762523,0.01865198,0.09636614,0.00715474,0.01371879,0.01199968,0.02171898,0.02195666,0.04376207,0.02201192,0.02076678,0.00873181,0.00715256,0.034634,0.13571149,0.09152006,0.06634773,0.06298336,0.12562249,0.13248798,0.07294428,0.14184948,0.15750161,0.07141167,0.18333765,0.01268102,0.15537941,0.02609975,0.07468088,,,,,,,,,,,,,,,,,,,,,,,,,,,,,,,,,,,,,,,,,,,,,,,,,,,,,,,,,,,,,,,,,,,,,,,,,,,,,,,,,,,,,,,,,,,,,,,,,,,,,,,,,,,,,,,,,,,,,,,,,,,,,,,,,,,,,,,,,,,,,,,,,,,,,,,,,,,,,,,,,,,
8,0.04642951,0.11506863,0.01873403,0.01460306,0.03608375,0.00812906,0.02697908,0.03408916,0.01148866,0.00575991,0.03924269,0.02276844,0.02343687,0.04222947,0.00529476,0.01660057,0.01576399,0.05790711,0.04131062,0.04489524,0.01473465,0.01753981,0.00696717,0.00829836,0.00505511,0.00583668,0.02443235,0.05202667,0.01858562,0.05334482,0.03488082,0.01303149,0.02040606,0.01607804,0.01660047,0.01254746,0.01972396,0.07882488,0.19066071,0.07954028,0.08722805,0.0875866,0.08836059,0.15419937,0.09866387,0.08706508,0.07212094,0.06842764,0.06515044,0.09568842,0.01355668,0.00797013,0.03311184,0.02513175,0.02028753,0.01246102,0.06059964,0.02290688,0.01582088,0.07799191,0.00594927,0.01058198,0.00991028,0.01865676,0.0164349,0.03795927,0.01912349,0.01798343,0.00796948,0.00730607,0.029214,0.13762276,0.08389647,0.06310496,0.05974813,0.11698685,0.12037784,0.06001065,0.1265949,0.12761533,0.06525121,0.15016189,0.01281168,0.13553815,0.02155299,0.06125922,,,,,,,,,,,,,,,,,,,,,,,,,,,,,,,,,,,,,,,,,,,,,,,,,,,,,,,,,,,,,,,,,,,,,,,,,,,,,,,,,,,,,,,,,,,,,,,,,,,,,,,,,,,,,,,,,,,,,,,,,,,,,,,,,,,,,,,,,,,,,,,,,,,,,,,,,,,,,,,,,,,
8.5,0.04001353,0.09723067,0.01646684,0.0142408,0.02967017,0.00698369,0.02213677,0.02783465,0.01100804,0.00481698,0.04738384,0.02257755,0.02143549,0.03400931,0.00473314,0.01378869,0.0138855,0.04770454,0.03641114,0.0369219,0.01349389,0.01517863,0.00587115,0.00746,0.00437099,0.00494695,0.02287966,0.04456184,0.01651518,0.04470819,0.02815756,0.01177573,0.01726188,0.01363563,0.01327913,0.01122826,0.01676907,0.06616965,0.15507181,0.06975555,0.07053957,0.0684513,0.07244477,0.12216162,0.0903493,0.07512744,0.0671143,0.0610303,0.0603393,0.08287868,0.01276185,0.00692089,0.02918265,0.02044336,0.01739669,0.01005537,0.05355651,0.01975155,0.01506947,0.06547183,0.00562587,0.0087871,0.00941445,0.01608061,0.01185394,0.03288779,0.01606664,0.01558163,0.00718721,0.00677898,0.02396764,0.12820794,0.07228793,0.05623312,0.0618228,0.10358385,0.10260432,0.05527065,0.10481409,0.10711998,0.05797893,0.12213879,0.01215569,0.11438975,0.01731678,0.05128645,,,,,,,,,,,,,,,,,,,,,,,,,,,,,,,,,,,,,,,,,,,,,,,,,,,,,,,,,,,,,,,,,,,,,,,,,,,,,,,,,,,,,,,,,,,,,,,,,,,,,,,,,,,,,,,,,,,,,,,,,,,,,,,,,,,,,,,,,,,,,,,,,,,,,,,,,,,,,,,,,,,
9,0.03433705,0.08309998,0.01418813,0.01356142,0.02570378,0.00622717,0.01835602,0.02375806,0.01082417,0.0043323,0.04331207,0.0214637,0.01786984,0.03095131,0.00416136,0.0118013,0.01209846,0.03998998,0.03188996,0.03141264,0.0118919,0.01269267,0.00502784,0.0063845,0.00377988,0.00425145,0.02001915,0.03718353,0.01476794,0.03662419,0.02258947,0.01028987,0.01375626,0.01193578,0.01097928,0.00985751,0.01435593,0.05555938,0.12953147,0.05906288,0.05247307,0.05344999,0.06179092,0.09998488,0.08913974,0.05909612,0.06255634,0.05931654,0.04941043,0.07125842,0.0115977,0.00589934,0.02579417,0.01651177,0.01444385,0.00900719,0.0474279,0.0181502,0.01430713,0.05650877,0.00516088,0.00772559,0.00799582,0.01288977,0.00960349,0.02800073,0.01287423,0.01328477,0.00614838,0.0058723,0.01934672,0.11479128,0.06631013,0.05058391,0.05913806,0.09658999,0.09158866,0.04677261,0.08664693,0.08510644,0.04805055,0.09765175,0.010777,0.09488897,0.01351092,0.04228651,,,,,,,,,,,,,,,,,,,,,,,,,,,,,,,,,,,,,,,,,,,,,,,,,,,,,,,,,,,,,,,,,,,,,,,,,,,,,,,,,,,,,,,,,,,,,,,,,,,,,,,,,,,,,,,,,,,,,,,,,,,,,,,,,,,,,,,,,,,,,,,,,,,,,,,,,,,,,,,,,,,
9.5,0.02943135,0.07146997,0.01211984,0.01223491,0.0223896,0.00557722,0.01608491,0.0201067,0.00927971,0.00414505,0.03625165,0.01773189,0.01472691,0.02806142,0.00363201,0.01039771,0.01048797,0.03417572,0.02703008,0.0264397,0.01021151,0.01067473,0.0046626,0.00562489,0.00327847,0.00366618,0.01659061,0.03144925,0.01259164,0.02970241,0.01812172,0.00879891,0.01172113,0.01084322,0.01060306,0.00861393,0.01207765,0.04683116,0.10200643,0.05004779,0.04499736,0.04199722,0.05252483,0.0788521,0.08567888,0.04422294,0.05531319,0.05593986,0.03864895,0.0609239,0.01016507,0.00496236,0.0228277,0.01427615,0.01276804,0.00861672,0.0419575,0.01604856,0.01305936,0.04928623,0.00453299,0.00729369,0.0065501,0.01007264,0.00840744,0.02353483,0.00989003,0.0111091,0.00530487,0.00493397,0.01566271,0.10696526,0.05840468,0.04505234,0.05399273,0.09408891,0.07840701,0.03993838,0.06978498,0.07239125,0.04251311,0.07984382,0.00899741,0.07900731,0.01128655,0.03489898,,,,,,,,,,,,,,,,,,,,,,,,,,,,,,,,,,,,,,,,,,,,,,,,,,,,,,,,,,,,,,,,,,,,,,,,,,,,,,,,,,,,,,,,,,,,,,,,,,,,,,,,,,,,,,,,,,,,,,,,,,,,,,,,,,,,,,,,,,,,,,,,,,,,,,,,,,,,,,,,,,,
10,0.02545349,0.06255809,0.01035645,0.01053865,0.01964632,0.00501736,0.0141091,0.01748766,0.00737531,0.00373735,0.0299077,0.01430715,0.01277222,0.02529482,0.00325027,0.00910305,0.00908968,0.02860697,0.022472,0.02386612,0.00862422,0.00934889,0.00425001,0.00495896,0.00285678,0.00318222,0.01327034,0.02686894,0.00968091,0.02585431,0.01455059,0.00742414,0.01021529,0.00989645,0.00866966,0.00781918,0.01026527,0.04280791,0.0831091,0.04515031,0.03843,0.0332048,0.04371829,0.06239955,0.08207715,0.03736334,0.04967643,0.05173654,0.03167059,0.05231759,0.00874503,0.00423722,0.02021166,0.01284221,0.01098963,0.00859761,0.03695317,0.01299351,0.01141159,0.04331828,0.00420525,0.00685007,0.00534774,0.00775061,0.0073493,0.0197959,0.00752813,0.00981198,0.00479873,0.00421163,0.01386118,0.09624849,0.05136644,0.03804825,0.04730003,0.08947783,0.06836627,0.03361211,0.05990204,0.06272594,0.03778409,0.06698573,0.00714421,0.06463543,0.0097519,0.02950071,,,,,,,,,,,,,,,,,,,,,,,,,,,,,,,,,,,,,,,,,,,,,,,,,,,,,,,,,,,,,,,,,,,,,,,,,,,,,,,,,,,,,,,,,,,,,,,,,,,,,,,,,,,,,,,,,,,,,,,,,,,,,,,,,,,,,,,,,,,,,,,,,,,,,,,,,,,,,,,,,,,
11,0.01896639,0.04562769,0.0078839,0.00796282,0.01534115,0.00411333,0.01096118,0.01314429,0.00524142,0.00259585,0.0195273,0.00975763,0.00901515,0.02010502,0.00269169,0.00678243,0.00762135,0.01886401,0.01513104,0.0185641,0.00653073,0.0072625,0.00342235,0.00388742,0.00224461,0.00245756,0.01139508,0.02074466,0.00737182,0.01930642,0.01092736,0.00544019,0.00781009,0.00754739,0.00594845,0.00641938,0.00754017,0.03505531,0.05331464,0.032511,0.03006155,0.02253849,0.03505072,0.04008573,0.05687431,0.03219744,0.03567359,0.0387248,0.02702655,0.0387639,0.00687764,0.00338954,0.01588977,0.01045459,0.00797483,0.00623417,0.02831832,0.00895947,0.00964718,0.0340022,0.00320574,0.00545466,0.00389455,0.00506237,0.00598117,0.01618938,0.00514339,0.00841573,0.00383876,0.00318524,0.01088942,0.0702009,0.03766854,0.03097687,0.03676404,0.07214127,0.04838739,0.02619953,0.04115051,0.045296,0.02878496,0.04812696,0.0055696,0.04938041,0.00733551,0.02166596,,,,,,,,,,,,,,,,,,,,,,,,,,,,,,,,,,,,,,,,,,,,,,,,,,,,,,,,,,,,,,,,,,,,,,,,,,,,,,,,,,,,,,,,,,,,,,,,,,,,,,,,,,,,,,,,,,,,,,,,,,,,,,,,,,,,,,,,,,,,,,,,,,,,,,,,,,,,,,,,,,,
12,0.01446374,0.03395924,0.00616032,0.00639473,0.01222015,0.00342636,0.00879753,0.00985093,0.00389024,0.00187596,0.01427602,0.00724424,0.00681868,0.01526338,0.0022381,0.00533873,0.00695944,0.01412935,0.01056523,0.01426953,0.00537287,0.00575862,0.00270857,0.003104,0.00181989,0.00199946,0.00918644,0.01731575,0.00585103,0.01489281,0.00888927,0.00433867,0.00614402,0.00605376,0.00470667,0.00526753,0.00655996,0.0282575,0.03595828,0.02469608,0.02222192,0.01645491,0.02698162,0.02961174,0.03867494,0.0233646,0.02556592,0.02490129,0.02022835,0.02884581,0.00595981,0.00297057,0.01261097,0.00855048,0.00582849,0.00548858,0.02178538,0.00664987,0.00756073,0.02749502,0.00219253,0.00410157,0.00322428,0.00399882,0.00451477,0.01379232,0.00394999,0.00685231,0.00318884,0.0027064,0.00873681,0.05479583,0.02831584,0.02487079,0.02839418,0.05370562,0.03797745,0.02041258,0.03076492,0.03321228,0.0235957,0.03668298,0.00473136,0.03882259,0.00565688,0.01710238,,,,,,,,,,,,,,,,,,,,,,,,,,,,,,,,,,,,,,,,,,,,,,,,,,,,,,,,,,,,,,,,,,,,,,,,,,,,,,,,,,,,,,,,,,,,,,,,,,,,,,,,,,,,,,,,,,,,,,,,,,,,,,,,,,,,,,,,,,,,,,,,,,,,,,,,,,,,,,,,,,,
13,0.01135171,0.02615795,0.00492628,0.00540218,0.00993103,0.0028953,0.00709376,0.00771838,0.00327851,0.00148456,0.00993025,0.00518413,0.00521797,0.01128463,0.00191714,0.00449182,0.00621441,0.01157419,0.00832792,0.01090393,0.00438452,0.00466414,0.00216306,0.00252965,0.00150646,0.0017182,0.00723437,0.01482123,0.00509082,0.01190078,0.00739074,0.00347612,0.00522288,0.00518127,0.00422468,0.00434051,0.00510842,0.02287774,0.02649686,0.01869416,0.01684095,0.01257112,0.01995329,0.02180461,0.03125997,0.01671795,0.01783496,0.01810915,0.0140916,0.02298825,0.00512313,0.0025585,0.01017218,0.00704034,0.00477266,0.00437452,0.01792423,0.00505298,0.00569478,0.02357688,0.00169171,0.003232,0.00266589,0.00309765,0.00340872,0.01191004,0.00291333,0.00550977,0.00253972,0.00228355,0.00708736,0.03978621,0.02452721,0.01994312,0.02238088,0.04042484,0.02918407,0.01588533,0.02371661,0.02746609,0.01914604,0.02996694,0.00382231,0.03067648,0.00447822,0.01410887,,,,,,,,,,,,,,,,,,,,,,,,,,,,,,,,,,,,,,,,,,,,,,,,,,,,,,,,,,,,,,,,,,,,,,,,,,,,,,,,,,,,,,,,,,,,,,,,,,,,,,,,,,,,,,,,,,,,,,,,,,,,,,,,,,,,,,,,,,,,,,,,,,,,,,,,,,,,,,,,,,,
14,0.00915577,0.0206277,0.00406386,0.00454647,0.00822465,0.0024773,0.00599084,0.00641127,0.00269828,0.00114587,0.00688096,0.00393302,0.00414905,0.00915085,0.00170727,0.00377793,0.00524019,0.00961232,0.00701452,0.00871928,0.00358732,0.00385636,0.00177447,0.00210258,0.00126966,0.00148164,0.00577909,0.0126744,0.00458502,0.00981476,0.0062557,0.00286113,0.00444291,0.00442516,0.00325607,0.00360353,0.00435214,0.01857484,0.02125107,0.01429113,0.01370196,0.00975039,0.01461212,0.01679654,0.02521657,0.01306561,0.01444454,0.01501519,0.01182299,0.01898212,0.00502954,0.00218172,0.00836872,0.00584744,0.00398467,0.0032083,0.01507397,0.00404378,0.00457471,0.02008599,0.00137027,0.00247097,0.00202465,0.00244704,0.00240877,0.01035555,0.00240387,0.00452163,0.00210895,0.00199765,0.00581084,0.02871288,0.02120416,0.0161343,0.01995183,0.02931473,0.02290332,0.01208529,0.01916914,0.02254746,0.01502252,0.02449537,0.00305084,0.02426603,0.00363636,0.01178861,,,,,,,,,,,,,,,,,,,,,,,,,,,,,,,,,,,,,,,,,,,,,,,,,,,,,,,,,,,,,,,,,,,,,,,,,,,,,,,,,,,,,,,,,,,,,,,,,,,,,,,,,,,,,,,,,,,,,,,,,,,,,,,,,,,,,,,,,,,,,,,,,,,,,,,,,,,,,,,,,,,
15,0.00753836,0.01653441,0.00343688,0.00383569,0.00692866,0.00214299,0.00513691,0.00545369,0.00264639,0.00092554,0.0054093,0.00316956,0.00341449,0.00774198,0.001526,0.00326096,0.00426912,0.00811158,0.00596038,0.00723728,0.00295862,0.00327168,0.00150092,0.00177856,0.0010866,0.00128533,0.00484258,0.01087839,0.00395922,0.00831202,0.00536532,0.00242323,0.00378509,0.00377502,0.00261855,0.0030205,0.00393956,0.01518609,0.01846182,0.01141039,0.01113984,0.00839529,0.01164826,0.01381409,0.01890481,0.0114692,0.01273615,0.01266339,0.01012444,0.01588103,0.0044868,0.00185417,0.00702437,0.00490236,0.00335372,0.00259646,0.01279151,0.00337341,0.00388838,0.01713651,0.00110287,0.00200964,0.00157773,0.00211438,0.00202532,0.00907308,0.00218082,0.00397487,0.00175379,0.00169802,0.00482228,0.02274236,0.01816022,0.01315822,0.0169777,0.02040293,0.01821241,0.00892084,0.01534249,0.01830808,0.01155395,0.01981322,0.00245912,0.01922753,0.00302045,0.00983696,,,,,,,,,,,,,,,,,,,,,,,,,,,,,,,,,,,,,,,,,,,,,,,,,,,,,,,,,,,,,,,,,,,,,,,,,,,,,,,,,,,,,,,,,,,,,,,,,,,,,,,,,,,,,,,,,,,,,,,,,,,,,,,,,,,,,,,,,,,,,,,,,,,,,,,,,,,,,,,,,,,
20,0.00357611,0.00737351,0.00173439,0.00186319,0.00355159,0.00117559,0.00273831,0.00271636,0.00144466,0.00055139,0.00286487,0.00157053,0.00176704,0.00370637,0.00091052,0.00173801,0.0019742,0.00432527,0.00301455,0.00337413,0.00146384,0.00167167,0.00083101,0.0009327,0.0005856,0.00070033,0.00275699,0.00559387,0.00192243,0.00422568,0.00280254,0.00120611,0.00182709,0.00181029,0.00143192,0.00145956,0.00205094,0.00654353,0.00861761,0.00564736,0.00576629,0.00459964,0.00517015,0.00701867,0.00797,0.00643484,0.00618525,0.00659123,0.00505746,0.00764279,0.00268857,0.00087473,0.00366223,0.00231581,0.00156568,0.00123705,0.00773607,0.00166577,0.00198678,0.00930348,0.00046186,0.001098,0.00086993,0.00122656,0.00100977,0.00512495,0.00120903,0.00200555,0.00079397,0.00092701,0.0022711,0.0083339,0.00793637,0.00556065,0.00649354,0.00768159,0.00731853,0.00380042,0.00664616,0.00802771,0.00503406,0.00895256,0.00112519,0.00846819,0.00143929,0.00416085,,,,,,,,,,,,,,,,,,,,,,,,,,,,,,,,,,,,,,,,,,,,,,,,,,,,,,,,,,,,,,,,,,,,,,,,,,,,,,,,,,,,,,,,,,,,,,,,,,,,,,,,,,,,,,,,,,,,,,,,,,,,,,,,,,,,,,,,,,,,,,,,,,,,,,,,,,,,,,,,,,,
,,,,,,,,,,,,,,,,,,,,,,,,,,,,,,,,,,,,,,,,,,,,,,,,,,,,,,,,,,,,,,,,,,,,,,,,,,,,,,,,,,,,,,,,,,,,,,,,,,,,,,,,,,,,,,,,,,,,,,,,,,,,,,,,,,,,,,,,,,,,,,,,,,,,,,,,,,,,,,,,,,,,,,,,,,,,,,,,,,,,,,,,,,,,,,,,,,,,,,,,,,,,,,,,,,,,,,,,,,,,,,,,,,,,,,,,,,,,,,,,,,,,,,,,,
 -- Unscaled Horizontal & Vertical Spectra, as recorded --,,,,,,,,,,,,,,,,,,,,,,,,,,,,,,,,,,,,,,,,,,,,,,,,,,,,,,,,,,,,,,,,,,,,,,,,,,,,,,,,,,,,,,,,,,,,,,,,,,,,,,,,,,,,,,,,,,,,,,,,,,,,,,,,,,,,,,,,,,,,,,,,,,,,,,,,,,,,,,,,,,,,,,,,,,,,,,,,,,,,,,,,,,,,,,,,,,,,,,,,,,,,,,,,,,,,,,,,,,,,,,,,,,,,,,,,,,,,,,,,,,,,,,,,
Period (sec),RSN-20 Horizontal-1 pSa (g),RSN-20 Horizontal-2 pSa (g),RSN-20 Vertical pSa (g),RSN-126 Horizontal-1 pSa (g),RSN-126 Horizontal-2 pSa (g),RSN-126 Vertical pSa (g),RSN-158 Horizontal-1 pSa (g),RSN-158 Horizontal-2 pSa (g),RSN-158 Vertical pSa (g),RSN-160 Horizontal-1 pSa (g),RSN-160 Horizontal-2 pSa (g),RSN-160 Vertical pSa (g),RSN-162 Horizontal-1 pSa (g),RSN-162 Horizontal-2 pSa (g),RSN-162 Vertical pSa (g),RSN-165 Horizontal-1 pSa (g),RSN-165 Horizontal-2 pSa (g),RSN-165 Vertical pSa (g),RSN-167 Horizontal-1 pSa (g),RSN-167 Horizontal-2 pSa (g),RSN-167 Vertical pSa (g),RSN-169 Horizontal-1 pSa (g),RSN-169 Horizontal-2 pSa (g),RSN-169 Vertical pSa (g),RSN-172 Horizontal-1 pSa (g),RSN-172 Horizontal-2 pSa (g),RSN-172 Vertical pSa (g),RSN-176 Horizontal-1 pSa (g),RSN-176 Horizontal-2 pSa (g),RSN-176 Vertical pSa (g),RSN-737 Horizontal-1 pSa (g),RSN-737 Horizontal-2 pSa (g),RSN-737 Vertical pSa (g),RSN-752 Horizontal-1 pSa (g),RSN-752 Horizontal-2 pSa (g),RSN-752 Vertical pSa (g),RSN-754 Horizontal-1 pSa (g),RSN-754 Horizontal-2 pSa (g),RSN-754 Vertical pSa (g),RSN-768 Horizontal-1 pSa (g),RSN-768 Horizontal-2 pSa (g),RSN-768 Vertical pSa (g),RSN-776 Horizontal-1 pSa (g),RSN-776 Horizontal-2 pSa (g),RSN-776 Vertical pSa (g),RSN-778 Horizontal-1 pSa (g),RSN-778 Horizontal-2 pSa (g),RSN-778 Vertical pSa (g),RSN-806 Horizontal-1 pSa (g),RSN-806 Horizontal-2 pSa (g),RSN-806 Vertical pSa (g),RSN-949 Horizontal-1 pSa (g),RSN-949 Horizontal-2 pSa (g),RSN-949 Vertical pSa (g),RSN-959 Horizontal-1 pSa (g),RSN-959 Horizontal-2 pSa (g),RSN-959 Vertical pSa (g),RSN-985 Horizontal-1 pSa (g),RSN-985 Horizontal-2 pSa (g),RSN-985 Vertical pSa (g),RSN-988 Horizontal-1 pSa (g),RSN-988 Horizontal-2 pSa (g),RSN-988 Vertical pSa (g),RSN-996 Horizontal-1 pSa (g),RSN-996 Horizontal-2 pSa (g),RSN-996 Vertical pSa (g),RSN-1003 Horizontal-1 pSa (g),RSN-1003 Horizontal-2 pSa (g),RSN-1003 Vertical pSa (g),RSN-1048 Horizontal-1 pSa (g),RSN-1048 Horizontal-2 pSa (g),RSN-1048 Vertical pSa (g),RSN-1087 Horizontal-1 pSa (g),RSN-1087 Horizontal-2 pSa (g),RSN-1087 Vertical pSa (g),RSN-1100 Horizontal-1 pSa (g),RSN-1100 Horizontal-2 pSa (g),RSN-1100 Vertical pSa (g),RSN-1101 Horizontal-1 pSa (g),RSN-1101 Horizontal-2 pSa (g),RSN-1101 Vertical pSa (g),RSN-1104 Horizontal-1 pSa (g),RSN-1104 Horizontal-2 pSa (g),RSN-1104 Vertical pSa (g),RSN-1107 Horizontal-1 pSa (g),RSN-1107 Horizontal-2 pSa (g),RSN-1107 Vertical pSa (g),RSN-1110 Horizontal-1 pSa (g),RSN-1110 Horizontal-2 pSa (g),RSN-1110 Vertical pSa (g),RSN-1113 Horizontal-1 pSa (g),RSN-1113 Horizontal-2 pSa (g),RSN-1113 Vertical pSa (g),RSN-1115 Horizontal-1 pSa (g),RSN-1115 Horizontal-2 pSa (g),RSN-1115 Vertical pSa (g),RSN-1116 Horizontal-1 pSa (g),RSN-1116 Horizontal-2 pSa (g),RSN-1116 Vertical pSa (g),RSN-1121 Horizontal-1 pSa (g),RSN-1121 Horizontal-2 pSa (g),RSN-1121 Vertical pSa (g),RSN-1158 Horizontal-1 pSa (g),RSN-1158 Horizontal-2 pSa (g),RSN-1158 Vertical pSa (g),RSN-1180 Horizontal-1 pSa (g),RSN-1180 Horizontal-2 pSa (g),RSN-1180 Vertical pSa (g),RSN-1194 Horizontal-1 pSa (g),RSN-1194 Horizontal-2 pSa (g),RSN-1194 Vertical pSa (g),RSN-1195 Horizontal-1 pSa (g),RSN-1195 Horizontal-2 pSa (g),RSN-1195 Vertical pSa (g),RSN-1203 Horizontal-1 pSa (g),RSN-1203 Horizontal-2 pSa (g),RSN-1203 Vertical pSa (g),RSN-1238 Horizontal-1 pSa (g),RSN-1238 Horizontal-2 pSa (g),RSN-1238 Vertical pSa (g),RSN-1246 Horizontal-1 pSa (g),RSN-1246 Horizontal-2 pSa (g),RSN-1246 Vertical pSa (g),RSN-1537 Horizontal-1 pSa (g),RSN-1537 Horizontal-2 pSa (g),RSN-1537 Vertical pSa (g),RSN-1540 Horizontal-1 pSa (g),RSN-1540 Horizontal-2 pSa (g),RSN-1540 Vertical pSa (g),RSN-1543 Horizontal-1 pSa (g),RSN-1543 Horizontal-2 pSa (g),RSN-1543 Vertical pSa (g),RSN-1547 Horizontal-1 pSa (g),RSN-1547 Horizontal-2 pSa (g),RSN-1547 Vertical pSa (g),RSN-1553 Horizontal-1 pSa (g),RSN-1553 Horizontal-2 pSa (g),RSN-1553 Vertical pSa (g),RSN-1605 Horizontal-1 pSa (g),RSN-1605 Horizontal-2 pSa (g),RSN-1605 Vertical pSa (g),RSN-1628 Horizontal-1 pSa (g),RSN-1628 Horizontal-2 pSa (g),RSN-1628 Vertical pSa (g),RSN-3908 Horizontal-1 pSa (g),RSN-3908 Horizontal-2 pSa (g),RSN-3908 Vertical pSa (g),RSN-3968 Horizontal-1 pSa (g),RSN-3968 Horizontal-2 pSa (g),RSN-3968 Vertical pSa (g),RSN-4207 Horizontal-1 pSa (g),RSN-4207 Horizontal-2 pSa (g),RSN-4207 Vertical pSa (g),RSN-4853 Horizontal-1 pSa (g),RSN-4853 Horizontal-2 pSa (g),RSN-4853 Vertical pSa (g),RSN-4855 Horizontal-1 pSa (g),RSN-4855 Horizontal-2 pSa (g),RSN-4855 Vertical pSa (g),RSN-4856 Horizontal-1 pSa (g),RSN-4856 Horizontal-2 pSa (g),RSN-4856 Vertical pSa (g),RSN-4859 Horizontal-1 pSa (g),RSN-4859 Horizontal-2 pSa (g),RSN-4859 Vertical pSa (g),RSN-4860 Horizontal-1 pSa (g),RSN-4860 Horizontal-2 pSa (g),RSN-4860 Vertical pSa (g),RSN-4875 Horizontal-1 pSa (g),RSN-4875 Horizontal-2 pSa (g),RSN-4875 Vertical pSa (g),RSN-4878 Horizontal-1 pSa (g),RSN-4878 Horizontal-2 pSa (g),RSN-4878 Vertical pSa (g),RSN-4879 Horizontal-1 pSa (g),RSN-4879 Horizontal-2 pSa (g),RSN-4879 Vertical pSa (g),RSN-4880 Horizontal-1 pSa (g),RSN-4880 Horizontal-2 pSa (g),RSN-4880 Vertical pSa (g),RSN-4881 Horizontal-1 pSa (g),RSN-4881 Horizontal-2 pSa (g),RSN-4881 Vertical pSa (g),RSN-4883 Horizontal-1 pSa (g),RSN-4883 Horizontal-2 pSa (g),RSN-4883 Vertical pSa (g),RSN-4895 Horizontal-1 pSa (g),RSN-4895 Horizontal-2 pSa (g),RSN-4895 Vertical pSa (g),RSN-5263 Horizontal-1 pSa (g),RSN-5263 Horizontal-2 pSa (g),RSN-5263 Vertical pSa (g),RSN-5619 Horizontal-1 pSa (g),RSN-5619 Horizontal-2 pSa (g),RSN-5619 Vertical pSa (g),RSN-5620 Horizontal-1 pSa (g),RSN-5620 Horizontal-2 pSa (g),RSN-5620 Vertical pSa (g),RSN-5652 Horizontal-1 pSa (g),RSN-5652 Horizontal-2 pSa (g),RSN-5652 Vertical pSa (g),RSN-5774 Horizontal-1 pSa (g),RSN-5774 Horizontal-2 pSa (g),RSN-5774 Vertical pSa (g),RSN-5823 Horizontal-1 pSa (g),RSN-5823 Horizontal-2 pSa (g),RSN-5823 Vertical pSa (g),RSN-5825 Horizontal-1 pSa (g),RSN-5825 Horizontal-2 pSa (g),RSN-5825 Vertical pSa (g),RSN-5827 Horizontal-1 pSa (g),RSN-5827 Horizontal-2 pSa (g),RSN-5827 Vertical pSa (g),RSN-5829 Horizontal-1 pSa (g),RSN-5829 Horizontal-2 pSa (g),RSN-5829 Vertical pSa (g),RSN-5831 Horizontal-1 pSa (g),RSN-5831 Horizontal-2 pSa (g),RSN-5831 Vertical pSa (g),RSN-5832 Horizontal-1 pSa (g),RSN-5832 Horizontal-2 pSa (g),RSN-5832 Vertical pSa (g),RSN-5836 Horizontal-1 pSa (g),RSN-5836 Horizontal-2 pSa (g),RSN-5836 Vertical pSa (g),RSN-5837 Horizontal-1 pSa (g),RSN-5837 Horizontal-2 pSa (g),RSN-5837 Vertical pSa (g),RSN-5975 Horizontal-1 pSa (g),RSN-5975 Horizontal-2 pSa (g),RSN-5975 Vertical pSa (g),RSN-6013 Horizontal-1 pSa (g),RSN-6013 Horizontal-2 pSa (g),RSN-6013 Vertical pSa (g),RSN-6886 Horizontal-1 pSa (g),RSN-6886 Horizontal-2 pSa (g),RSN-6886 Vertical pSa (g),RSN-6930 Horizontal-1 pSa (g),RSN-6930 Horizontal-2 pSa (g),RSN-6930 Vertical pSa (g),RSN-6952 Horizontal-1 pSa (g),RSN-6952 Horizontal-2 pSa (g),RSN-6952 Vertical pSa (g),RSN-6961 Horizontal-1 pSa (g),RSN-6961 Horizontal-2 pSa (g),RSN-6961 Vertical pSa (g),RSN-6965 Horizontal-1 pSa (g),RSN-6965 Horizontal-2 pSa (g),RSN-6965 Vertical pSa (g)
0.01,0.1634212,0.2035711,0.0424,0.7284551,0.9794452,1.81,0.3134486,0.2739245,0.163,0.6052132,0.7773331,0.532,0.2772968,0.2035211,0.194,0.2723981,0.2556007,0.221,0.1907974,0.15068,0.0752,0.2406566,0.3542354,0.147,0.1419253,0.1363916,0.0693,0.1181344,0.1388707,0.0503,0.1699418,0.1611989,0.0944,0.515673,0.4533969,0.624,0.1605844,0.1799575,0.0961,0.4190165,0.2167108,0.162,0.3699475,0.1788591,0.198,0.2690784,0.2785659,0.154,0.2079873,0.2074399,0.112,0.3457119,0.3094538,0.568,0.3683816,0.3937456,0.505,0.2405756,0.170311,0.0916,0.2570103,0.2231889,0.118,0.281842,0.2650433,0.187,0.4721653,0.4340516,0.109,0.3472196,0.4641649,,1.820722,0.9936649,1.06,0.2246352,0.2332033,0.141,0.2760961,0.3282103,0.346,0.1851893,0.2160423,0.203,0.247582,0.328783,0.174,0.2152519,0.1283889,0.167,0.0833931,0.06746892,0.0666,0.15452,0.1274031,0.103,0.2257799,0.2342851,0.064,0.1582313,0.1489883,0.132,0.3120761,0.3644163,0.207,0.1374871,0.1104574,0.0987,0.1618015,0.1553255,0.174,0.07769433,0.06722161,0.0713,0.2727414,0.2038691,0.107,0.08442798,0.1033166,0.115,0.1807142,0.1460128,0.133,0.1272279,0.09594475,0.0791,0.09626665,0.1176487,0.078,0.1181466,0.09435742,0.102,0.1516181,0.1346628,0.0876,0.09032603,0.08824065,0.11,0.404449,0.5154821,0.348,0.09842593,0.1760067,0.0657,0.2905122,0.3428122,0.214,0.9402848,0.7719381,0.799,0.4839226,0.3810222,0.342,0.2121529,0.2810688,0.0533,0.1299513,0.1153812,0.045,0.4861188,0.6560497,0.34,0.1092899,0.1261974,0.0731,0.3236985,0.265658,0.0783,0.4762764,0.361281,0.422,0.1319018,0.1320625,0.0807,0.2137209,0.2151612,0.0829,0.1127446,0.1258997,0.0481,0.1883475,0.1658863,0.12,0.1345203,0.1647338,0.033,1.00919,1.26447,0.551,0.2082393,0.249016,0.171,0.1559786,0.2219018,0.213,0.2858159,0.244805,0.143,0.2594178,0.2490683,0.141,0.2006083,0.1679115,0.085,0.2489528,0.1973895,0.281,0.2866477,0.2894979,0.4,0.537618,0.4103459,0.812,0.3973162,0.3831528,0.682,0.153294,0.1481532,0.175,0.2072608,0.2262709,0.213,0.4399552,0.292806,0.161,0.3848089,0.3709707,0.276,0.2625265,0.2716628,0.237,0.1866654,0.1984628,0.0985,0.1872496,0.1986568,0.307,0.1095282,0.07053647,0.104,0.2109664,0.1823819,0.283,0.1676589,0.1915284,0.127,0.1489561,0.1537943,0.103
0.02,0.1644219,0.2040074,0.0425,0.9209712,1.157738,2.39,0.3501889,0.2909631,0.205,0.715785,0.8082519,0.843,0.2791813,0.2033396,0.204,0.2700138,0.2560137,0.217,0.187025,0.1484097,0.0772,0.240396,0.3511636,0.175,0.1442203,0.1413221,0.106,0.1226108,0.1384455,0.0686,0.1707323,0.1619302,0.111,0.5403756,0.5033211,0.885,0.1629203,0.1816055,0.0976,0.4196954,0.2180814,0.168,0.3702645,0.1794612,0.199,0.2704595,0.2788065,0.156,0.2122808,0.2074154,0.141,0.3466524,0.3111161,0.571,0.3630295,0.3925755,0.493,0.2416229,0.1718399,0.0918,0.2586164,0.2245631,0.119,0.2799304,0.2641779,0.198,0.4677737,0.4312361,0.107,0.3537064,0.4616726,,1.822177,0.9979665,1.07,0.2208346,0.2338954,0.142,0.2855957,0.3269921,0.364,0.1847156,0.2158795,0.203,0.2475871,0.3241754,0.171,0.2141553,0.1281864,0.168,0.08413012,0.06777008,0.0671,0.1530676,0.1272108,0.102,0.2255995,0.2341639,0.0639,0.1598633,0.1472769,0.133,0.3127691,0.3654656,0.206,0.1376327,0.1106659,0.102,0.1629888,0.1560705,0.179,0.07773582,0.06724434,0.0726,0.2735732,0.2051659,0.115,0.08463804,0.1040159,0.117,0.1812686,0.1462321,0.136,0.1282574,0.09672003,0.0793,0.09673691,0.1178487,0.0796,0.1185728,0.09495355,0.107,0.1518136,0.1349335,0.0881,0.09067652,0.09094633,0.111,0.4061468,0.5172765,0.389,0.09880513,0.1764675,0.0687,0.2923763,0.3397952,0.211,0.943037,0.7751727,0.811,0.48079,0.3781639,0.336,0.2120588,0.2916419,0.0525,0.1295266,0.1148952,0.0452,0.4844669,0.6537673,0.335,0.1083079,0.1248527,0.0727,0.3255126,0.2696365,0.0796,0.4781951,0.3610307,0.43,0.1320712,0.1321211,0.0798,0.2133489,0.2150388,0.0907,0.1120506,0.1268245,0.0479,0.1842051,0.1675086,0.118,0.1335915,0.1640358,0.0327,1.007376,1.253823,0.556,0.2072297,0.2477884,0.177,0.1551006,0.2274996,0.215,0.2843005,0.2435242,0.14,0.260159,0.2453904,0.14,0.2009078,0.1718522,0.0887,0.2531752,0.1984319,0.301,0.2943664,0.3011359,0.443,0.5529838,0.4151957,0.876,0.4143468,0.4086434,0.739,0.1630104,0.1502499,0.185,0.2088291,0.2266839,0.216,0.4580287,0.3140777,0.175,0.3889048,0.3738402,0.288,0.2640464,0.2741047,0.25,0.1890349,0.1992561,0.111,0.1981232,0.2121456,0.342,0.1114191,0.07578952,0.108,0.2118604,0.1828797,0.29,0.1692725,0.1909335,0.155,0.1513489,0.15564,0.112
0.022,0.1644853,0.2040832,0.0426,1.014796,1.02805,3.44,0.3668404,0.3013619,0.21,0.7901809,0.8227051,0.903,0.2828775,0.2050547,0.216,0.2695631,0.2554349,0.22,0.1873609,0.1487375,0.0797,0.2438656,0.3529632,0.18,0.1451028,0.1504353,0.115,0.1229498,0.1404301,0.0696,0.1708598,0.1620571,0.118,0.5316961,0.5261585,1.18,0.1630165,0.1818929,0.0979,0.4199401,0.2186222,0.171,0.3702138,0.1795212,0.201,0.269983,0.2787944,0.155,0.2107549,0.2089771,0.138,0.3453339,0.3105056,0.616,0.3642686,0.3918868,0.522,0.2437117,0.1853207,0.0965,0.2632178,0.228893,0.124,0.2816238,0.2644691,0.2,0.4715483,0.4314223,0.107,0.3534714,0.4616537,,1.932984,0.9805628,1.1,0.221507,0.2352397,0.149,0.2809065,0.3417065,0.402,0.1850973,0.2168731,0.204,0.248752,0.3254987,0.174,0.2140697,0.1286654,0.169,0.08544275,0.0676752,0.0692,0.1538276,0.1276961,0.102,0.2257063,0.2343912,0.0641,0.159555,0.1495075,0.134,0.3130029,0.3657963,0.211,0.138157,0.1108987,0.102,0.1631935,0.1570476,0.18,0.07781228,0.06722151,0.0725,0.2735583,0.2053734,0.119,0.08472089,0.1043345,0.118,0.1815129,0.1464423,0.137,0.1274959,0.09651195,0.0809,0.09624598,0.1178932,0.0807,0.1186337,0.0948225,0.11,0.1518264,0.1352208,0.0905,0.09075842,0.09117552,0.112,0.405214,0.5213732,0.399,0.09894647,0.1769635,0.0688,0.2945012,0.3437045,0.213,0.9438849,0.7760683,0.815,0.4810535,0.3800327,0.34,0.2138374,0.2934738,0.0527,0.1298537,0.1149955,0.0454,0.4843979,0.6544931,0.336,0.1085714,0.1250212,0.0729,0.3261228,0.2722504,0.0801,0.4786211,0.3617412,0.433,0.1328925,0.1323874,0.0799,0.2142018,0.2156249,0.0961,0.112124,0.1269106,0.0483,0.184686,0.1686194,0.118,0.1336841,0.1641352,0.0327,1.011255,1.254176,0.564,0.2078719,0.2483557,0.179,0.1553653,0.2290565,0.222,0.2851899,0.2449793,0.144,0.2608782,0.2458627,0.142,0.202051,0.1745356,0.0899,0.255946,0.1990184,0.287,0.2970254,0.299558,0.485,0.5530213,0.4235939,0.935,0.4220136,0.4091338,0.772,0.1656165,0.1518517,0.191,0.2091722,0.2292603,0.218,0.4617536,0.3230399,0.186,0.3927851,0.3754326,0.288,0.2640415,0.2766322,0.257,0.1887299,0.1992929,0.121,0.2137287,0.1995276,0.357,0.1114274,0.07914096,0.112,0.2122561,0.1831341,0.295,0.1746972,0.192015,0.161,0.1524472,0.1563703,0.117
0.025,0.1653818,0.2042526,0.0427,1.210511,1.224265,3.8,0.4302857,0.3279528,0.262,0.9362382,0.8397382,0.909,0.2805197,0.2090475,0.225,0.2732211,0.2603929,0.22,0.1878152,0.1489231,0.0766,0.2472282,0.3593907,0.185,0.1469737,0.1535578,0.126,0.1258811,0.1393597,0.0694,0.1720756,0.162256,0.135,0.5936465,0.5571031,1.27,0.1624114,0.1820934,0.099,0.4210978,0.2190444,0.186,0.3701234,0.1798264,0.203,0.2718137,0.2797516,0.154,0.2097184,0.2089564,0.174,0.348717,0.3068622,0.686,0.3647182,0.3935947,0.561,0.2530133,0.1839572,0.099,0.2614823,0.2298978,0.136,0.2881743,0.2633174,0.205,0.4786486,0.4328668,0.108,0.3581847,0.4658026,,2.147558,1.007671,1.16,0.2224639,0.2457166,0.162,0.2808514,0.350867,0.492,0.1851479,0.2181501,0.202,0.2510009,0.3281198,0.177,0.2150061,0.1290994,0.173,0.08604954,0.06701904,0.0749,0.1572916,0.1292859,0.108,0.2258424,0.2346901,0.0642,0.1603575,0.1493452,0.137,0.3123446,0.3663863,0.218,0.1391808,0.1119266,0.109,0.1632984,0.1572496,0.184,0.07817623,0.06731083,0.0737,0.2736458,0.2058922,0.118,0.08471125,0.1040844,0.12,0.1825894,0.146401,0.139,0.1289313,0.09801061,0.0827,0.09677706,0.1181554,0.0851,0.1195414,0.09601516,0.111,0.1520622,0.1350736,0.092,0.09060998,0.09009352,0.113,0.4057585,0.5172428,0.431,0.09934612,0.1778729,0.0715,0.2992367,0.3504797,0.215,0.9452479,0.7775474,0.823,0.4849431,0.380464,0.349,0.219532,0.303298,0.0537,0.131303,0.1155385,0.0454,0.4810728,0.6562355,0.331,0.1094094,0.1248609,0.0735,0.3271671,0.2832745,0.0818,0.4895248,0.3665947,0.438,0.1348236,0.1326201,0.0803,0.2145267,0.2670486,0.123,0.1136066,0.1281045,0.0501,0.1879011,0.169258,0.124,0.1338076,0.1642798,0.0328,1.015197,1.2558,0.581,0.2088197,0.2503123,0.184,0.1556426,0.2324543,0.234,0.287015,0.2479464,0.149,0.2626579,0.2471353,0.145,0.2051944,0.1725375,0.112,0.2555281,0.1996322,0.328,0.3732997,0.3083006,0.622,0.5479203,0.4292316,1.05,0.4315897,0.4149488,0.843,0.1734678,0.1658321,0.201,0.2116247,0.2322761,0.229,0.4714642,0.3511121,0.172,0.40265,0.3768308,0.323,0.2622866,0.2797443,0.253,0.1902953,0.1998768,0.136,0.2087659,0.2123563,0.4,0.1146147,0.08071478,0.114,0.2126422,0.1828133,0.297,0.1732393,0.1921619,0.155,0.1520717,0.1618809,0.127
0.029,0.1653057,0.2046571,0.0428,1.339315,1.548496,3.91,0.5250481,0.4058639,0.374,1.056242,0.8900529,0.929,0.2805766,0.2140492,0.229,0.2823969,0.2652816,0.235,0.1887449,0.151159,0.0962,0.258815,0.3617015,0.215,0.150275,0.1435637,0.162,0.1271245,0.1426443,0.0914,0.1738877,0.1635394,0.171,0.5781912,0.5969394,1.11,0.171213,0.1851168,0.0988,0.4219811,0.2193332,0.208,0.371495,0.1803622,0.208,0.2727378,0.2811377,0.161,0.2117615,0.2139963,0.208,0.3632924,0.3092214,0.682,0.3677167,0.3936873,0.624,0.2525626,0.1911977,0.0962,0.2563992,0.242243,0.179,0.2846192,0.26764,0.217,0.4894507,0.4317407,0.109,0.3722546,0.4742054,,2.123136,1.072037,1.19,0.2293777,0.2584869,0.211,0.3085786,0.3629766,0.629,0.1845329,0.2190193,0.211,0.2537068,0.3297058,0.182,0.214237,0.127727,0.173,0.08326884,0.06811927,0.0685,0.1591947,0.1300412,0.125,0.22611,0.2354076,0.0646,0.1610789,0.148828,0.142,0.3134191,0.3673325,0.233,0.1405547,0.1120888,0.103,0.1620186,0.1589143,0.193,0.07832093,0.0673274,0.079,0.2763089,0.2085897,0.132,0.08495793,0.1044077,0.117,0.1826509,0.1466776,0.142,0.1307688,0.09997124,0.0846,0.09706058,0.1184257,0.0831,0.120517,0.09545571,0.123,0.1525781,0.1376153,0.0952,0.09341633,0.091429,0.113,0.4088181,0.5162272,0.427,0.09938395,0.1792403,0.0693,0.3052952,0.3583676,0.23,0.9491615,0.7800381,0.842,0.4894987,0.3942483,0.368,0.2195702,0.3123387,0.0547,0.1309076,0.1162078,0.0456,0.4915846,0.6627812,0.359,0.1092694,0.1245817,0.0743,0.3288057,0.2914799,0.0836,0.4924411,0.3667186,0.428,0.1370259,0.1323853,0.0808,0.2556067,0.2881166,0.183,0.1127248,0.1277309,0.0511,0.1924438,0.1852203,0.142,0.1340632,0.1645301,0.0329,1.025493,1.262294,0.608,0.2122394,0.2557802,0.193,0.1634021,0.2391729,0.258,0.2918432,0.2537605,0.159,0.2654989,0.2490487,0.16,0.212753,0.2082242,0.148,0.2790721,0.2221969,0.394,0.4228339,0.3518383,0.666,0.5747529,0.4435073,1.45,0.476352,0.4614724,1.01,0.2152403,0.1757832,0.234,0.2121504,0.2386886,0.256,0.4979558,0.3584637,0.189,0.448755,0.3799652,0.376,0.2661438,0.2772222,0.271,0.1976787,0.2027431,0.184,0.2192383,0.2068117,0.388,0.1215512,0.08577241,0.12,0.211281,0.1828123,0.289,0.1753041,0.1911585,0.196,0.1490586,0.159023,0.161
0.03,0.1654688,0.2047898,0.0429,1.373437,1.513043,4.03,0.5453874,0.42528,0.404,1.0605,0.9179737,0.974,0.2827296,0.2103184,0.228,0.2877804,0.2652708,0.229,0.1892156,0.1515315,0.0976,0.2610605,0.3580087,0.23,0.1538109,0.1521182,0.172,0.1269208,0.1405837,0.0983,0.1736055,0.1633229,0.195,0.6037956,0.5961149,1.09,0.1728322,0.1867416,0.099,0.4219384,0.2192157,0.205,0.3713939,0.1804589,0.209,0.2713858,0.2814917,0.162,0.2116943,0.2140091,0.233,0.3621734,0.3093391,0.659,0.3684826,0.3957663,0.631,0.2513051,0.1887402,0.1,0.255052,0.2430199,0.179,0.2816135,0.2682452,0.221,0.4954411,0.4350787,0.109,0.3765393,0.4737452,,2.130167,1.115394,1.21,0.2306408,0.2623201,0.218,0.303315,0.3519504,0.611,0.1854859,0.2187701,0.214,0.2537274,0.3296214,0.183,0.2142755,0.1281853,0.173,0.08345506,0.06842885,0.0689,0.1591707,0.1324686,0.138,0.226197,0.235631,0.0646,0.1612235,0.1482586,0.14,0.3141614,0.3678116,0.237,0.1408775,0.1113888,0.106,0.1623181,0.1582782,0.197,0.0786079,0.06724077,0.0827,0.2774152,0.2090525,0.132,0.0849042,0.1051713,0.12,0.1824902,0.1463469,0.144,0.1312912,0.1004388,0.0854,0.09745857,0.1185436,0.081,0.1201545,0.09663416,0.135,0.1526508,0.1360308,0.0979,0.09409623,0.09164649,0.112,0.4076799,0.5150514,0.439,0.09954788,0.1792824,0.069,0.3109316,0.3599978,0.228,0.9497794,0.7805576,0.852,0.4905118,0.4041191,0.37,0.2196271,0.3197801,0.0559,0.1300662,0.1156908,0.0448,0.4905182,0.6629161,0.354,0.1097661,0.1243175,0.0743,0.3290609,0.2874795,0.0884,0.4943307,0.3647358,0.43,0.1380316,0.1326471,0.0814,0.2671951,0.3016998,0.201,0.1127843,0.1290944,0.0515,0.1889576,0.1833324,0.164,0.134161,0.1646015,0.0329,1.036815,1.266714,0.618,0.2129809,0.2584525,0.202,0.1633882,0.2432855,0.266,0.2980707,0.2541468,0.176,0.2686949,0.2487305,0.173,0.2148222,0.2170607,0.151,0.2774978,0.2248814,0.447,0.4527043,0.3942261,0.774,0.6160257,0.4447628,1.58,0.4652408,0.4969296,1.09,0.217557,0.1782375,0.243,0.2175401,0.2417756,0.263,0.5076905,0.3786572,0.185,0.4534584,0.3815778,0.398,0.2676088,0.2771922,0.278,0.2014115,0.2034709,0.199,0.2130534,0.2064781,0.402,0.1208344,0.08665025,0.111,0.2129474,0.1826593,0.29,0.173732,0.1943447,0.195,0.1504961,0.1608494,0.175
0.032,0.1669805,0.2051163,0.043,1.21428,1.633561,3.93,0.5392687,0.432475,0.459,1.082666,0.9544723,1.19,0.2883029,0.2130058,0.256,0.2913739,0.2635102,0.279,0.1890029,0.1525186,0.107,0.2607867,0.3482447,0.259,0.1554422,0.1589948,0.179,0.1245136,0.1413211,0.124,0.1730444,0.1614232,0.204,0.6455804,0.600307,1.15,0.1761827,0.1900913,0.1,0.4226922,0.219653,0.211,0.3727003,0.1806187,0.211,0.271241,0.2816299,0.161,0.2157394,0.210392,0.248,0.3544225,0.3172523,0.614,0.3849391,0.3958451,0.649,0.2449713,0.1786421,0.108,0.2608846,0.2359648,0.167,0.2898118,0.2694119,0.219,0.513738,0.4462571,0.11,0.3892917,0.4775215,,2.058848,1.13733,1.18,0.2309685,0.2555068,0.227,0.3099184,0.3548916,0.577,0.1882089,0.2195809,0.216,0.2491425,0.3320085,0.185,0.2140431,0.1280039,0.176,0.08331002,0.06753682,0.0697,0.158713,0.1327986,0.147,0.2264633,0.2360641,0.0647,0.1607877,0.1477827,0.14,0.3138007,0.3686211,0.247,0.1409941,0.1107112,0.104,0.1645033,0.1560939,0.199,0.07904564,0.06746067,0.0896,0.2764395,0.2094739,0.146,0.08609885,0.1060827,0.123,0.1826685,0.147235,0.149,0.1307733,0.1006114,0.0883,0.09781864,0.1186087,0.0849,0.1202381,0.09844526,0.138,0.1522822,0.1362147,0.0935,0.09375934,0.09640571,0.117,0.4142841,0.5192267,0.463,0.09877095,0.1801298,0.0698,0.320256,0.3724424,0.217,0.9451919,0.7829725,0.874,0.4886338,0.4330562,0.383,0.2205781,0.3368921,0.0578,0.1313685,0.1172914,0.0464,0.4950615,0.6605399,0.357,0.1102731,0.1258965,0.0735,0.3309129,0.274899,0.0907,0.4967384,0.3713803,0.443,0.1390444,0.1348888,0.0864,0.2867513,0.3035904,0.221,0.1144028,0.1297135,0.0535,0.188906,0.1856464,0.183,0.1343377,0.1647031,0.033,1.049433,1.270893,0.649,0.2162865,0.261447,0.229,0.1651945,0.2540525,0.293,0.3061674,0.2628959,0.196,0.2762918,0.2503864,0.181,0.2138036,0.2137215,0.169,0.2663163,0.2247512,0.535,0.4770141,0.4224734,0.859,0.6409923,0.4764609,1.57,0.4711056,0.5836453,1.2,0.2115489,0.1904232,0.277,0.2223691,0.2414966,0.266,0.5527821,0.4298564,0.199,0.4519089,0.383344,0.42,0.2680545,0.2782351,0.297,0.2054902,0.2039532,0.208,0.2102412,0.2175115,0.421,0.116992,0.09284706,0.118,0.2153525,0.183889,0.322,0.1702669,0.1974086,0.192,0.156063,0.1657682,0.185
0.035,0.1664662,0.2056355,0.0431,1.476159,1.504142,3.98,0.598065,0.4810211,0.482,1.064609,0.9872202,1.66,0.2880605,0.216296,0.296,0.2777309,0.2547927,0.299,0.1874772,0.1525963,0.115,0.2621643,0.3540909,0.326,0.1725714,0.1482749,0.177,0.1215306,0.1463394,0.136,0.1729766,0.1616484,0.217,0.6642376,0.6016116,1.19,0.1840539,0.192331,0.102,0.4226465,0.2206102,0.213,0.3747067,0.1804067,0.211,0.2694228,0.2813211,0.167,0.2241949,0.21446,0.246,0.3577885,0.3205933,0.657,0.4129114,0.401992,0.677,0.2464108,0.1817665,0.1,0.2666818,0.2265438,0.162,0.284525,0.2706009,0.232,0.5142725,0.4594173,0.106,0.3807208,0.4796653,,1.801139,1.192307,1.16,0.2349377,0.2447695,0.241,0.3215838,0.4189208,0.512,0.1902815,0.2176416,0.226,0.262259,0.3329769,0.195,0.214606,0.1290374,0.193,0.08321004,0.06779932,0.0683,0.155368,0.1321601,0.157,0.226563,0.2364797,0.0653,0.1597566,0.1481672,0.144,0.3158249,0.3678677,0.264,0.1422731,0.1117409,0.114,0.1650749,0.1620169,0.195,0.0784562,0.06766815,0.106,0.2776042,0.2103629,0.157,0.08657115,0.1041892,0.134,0.183001,0.1470646,0.147,0.1310491,0.1010768,0.0911,0.1009983,0.1187709,0.0872,0.1257882,0.09900498,0.137,0.1525325,0.1353351,0.104,0.09291578,0.09476919,0.119,0.4093246,0.5168275,0.495,0.09985611,0.1816429,0.0706,0.3374179,0.3764459,0.238,0.9490548,0.7863622,0.946,0.5074895,0.4845913,0.367,0.2165693,0.3632149,0.0614,0.1302408,0.1186203,0.0486,0.5038102,0.652193,0.406,0.11191,0.1285487,0.0735,0.3310384,0.2643096,0.0929,0.5241076,0.3792869,0.486,0.1343117,0.1370094,0.0876,0.3020267,0.3423278,0.221,0.1206896,0.1277376,0.055,0.1983404,0.1917976,0.179,0.134591,0.1649573,0.0332,1.072548,1.292454,0.679,0.2163005,0.2636262,0.253,0.1853819,0.2821847,0.429,0.3000233,0.3046311,0.179,0.2857055,0.2559144,0.189,0.2086002,0.1885498,0.166,0.282809,0.231283,0.518,0.5390604,0.4397585,0.9,0.7224848,0.5548431,1.45,0.5456261,0.5712616,1.24,0.1838596,0.2309233,0.341,0.2265135,0.2376858,0.286,0.5630413,0.4189593,0.198,0.4898998,0.3888968,0.507,0.2642524,0.2787253,0.31,0.2035857,0.2035135,0.22,0.2159948,0.2157516,0.469,0.1082108,0.0946536,0.139,0.214402,0.1878909,0.375,0.1838068,0.1912143,0.213,0.1605605,0.1723824,0.217
0.036,0.1690998,0.205925,0.0432,1.439227,1.52524,4.31,0.605167,0.481057,0.476,1.047659,1.010399,1.75,0.2917722,0.2103215,0.308,0.2818907,0.2604931,0.323,0.1880102,0.154175,0.122,0.2707735,0.3621359,0.339,0.174938,0.1406029,0.232,0.1251632,0.1470357,0.124,0.1712801,0.1609259,0.237,0.6698744,0.6053514,1.2,0.1855389,0.1938951,0.101,0.4232932,0.2222879,0.202,0.374622,0.1802415,0.211,0.2705326,0.2813506,0.171,0.2232988,0.2138891,0.253,0.3593719,0.319953,0.664,0.4218116,0.4006749,0.694,0.2467203,0.1849676,0.0975,0.2657591,0.2261757,0.161,0.2913702,0.2727455,0.234,0.512135,0.4613953,0.106,0.3706421,0.4783352,,1.888838,1.210792,1.12,0.2318833,0.2605052,0.244,0.3285048,0.4262163,0.485,0.1913632,0.2159361,0.225,0.2662028,0.3359216,0.198,0.2150791,0.1292518,0.202,0.08319961,0.06774274,0.0684,0.1550824,0.1350959,0.188,0.2266495,0.2367436,0.0656,0.1590115,0.1488576,0.145,0.3180125,0.3680867,0.278,0.1430688,0.1115776,0.117,0.1662316,0.1640554,0.199,0.07825483,0.06764545,0.115,0.277147,0.2103055,0.146,0.0860422,0.1041415,0.132,0.1825626,0.1470554,0.143,0.1310319,0.1015807,0.0899,0.1020032,0.1186248,0.0871,0.1265066,0.09972854,0.138,0.152171,0.1362521,0.106,0.09313266,0.09614319,0.119,0.414394,0.5183317,0.519,0.1004569,0.1823866,0.0707,0.3402231,0.385414,0.275,0.9560479,0.7876012,0.971,0.5127563,0.5016383,0.373,0.2164741,0.3736858,0.0626,0.1298975,0.1187742,0.0487,0.508365,0.65131,0.405,0.1122364,0.1284662,0.0733,0.3344706,0.2692869,0.0916,0.5304111,0.3817228,0.497,0.1349193,0.1362206,0.0867,0.3090862,0.3710276,0.22,0.121032,0.1321696,0.0568,0.2018247,0.1917691,0.186,0.1347672,0.1650806,0.0333,1.077507,1.299733,0.687,0.2145544,0.2655039,0.251,0.1923965,0.3068782,0.469,0.3082328,0.3057718,0.169,0.2858038,0.2555851,0.198,0.2069168,0.1960265,0.175,0.2884158,0.2336627,0.537,0.5916705,0.4686828,0.971,0.7510976,0.5748987,1.55,0.5596566,0.5437369,1.17,0.186068,0.2478495,0.358,0.2270022,0.2462675,0.294,0.5530275,0.4227873,0.212,0.500695,0.3961754,0.53,0.2682263,0.2792155,0.305,0.2004651,0.205692,0.23,0.2217038,0.2190878,0.476,0.1128597,0.09212606,0.145,0.214167,0.1882525,0.403,0.1858502,0.1966854,0.241,0.1597917,0.1748212,0.221
0.04,0.1720584,0.2079062,0.0433,1.225221,1.397931,4.93,0.5233753,0.4562854,0.533,0.9794471,1.046434,1.59,0.2923341,0.2351869,0.305,0.2963658,0.2640438,0.356,0.1863068,0.1613063,0.117,0.267767,0.4026802,0.392,0.2153708,0.1700794,0.285,0.130636,0.1525161,0.129,0.1774076,0.1680756,0.254,0.6813813,0.6531566,1.37,0.1824155,0.2010412,0.102,0.4257554,0.2240838,0.257,0.3745547,0.1812179,0.204,0.2724921,0.2808171,0.188,0.2231774,0.2086132,0.306,0.3480172,0.3121803,0.692,0.4716718,0.3913015,0.727,0.2417793,0.1800777,0.0953,0.2630535,0.2332492,0.16,0.2992977,0.2842249,0.275,0.4907079,0.4579645,0.108,0.3472573,0.4640155,,2.173008,1.355733,1.06,0.2573748,0.2936008,0.258,0.3342111,0.4051801,0.537,0.2006696,0.2174736,0.229,0.2610119,0.3475112,0.223,0.2191139,0.1331628,0.214,0.08295958,0.06839652,0.0697,0.1577883,0.1368033,0.209,0.2274326,0.2376693,0.0664,0.1605965,0.1478468,0.151,0.3199805,0.3709622,0.305,0.1422825,0.1116571,0.13,0.1645975,0.1643232,0.216,0.07986652,0.06758387,0.127,0.2839458,0.2093734,0.169,0.08588593,0.1039931,0.133,0.1808079,0.1482539,0.147,0.1274338,0.1057935,0.0949,0.1014938,0.1190915,0.0988,0.1258775,0.1021301,0.134,0.1547537,0.1370558,0.111,0.09278754,0.09483805,0.129,0.4095401,0.5246544,0.519,0.09901384,0.1849935,0.0734,0.3623182,0.4006766,0.398,0.9759485,0.7846288,1.31,0.533686,0.5366001,0.413,0.2204499,0.4044259,0.0692,0.1421091,0.1202767,0.0508,0.5159191,0.6713325,0.453,0.1174268,0.1266812,0.0789,0.3387722,0.2864942,0.0931,0.5400675,0.3731603,0.491,0.1414634,0.143925,0.0818,0.3373361,0.4750783,0.25,0.1251668,0.1341183,0.0596,0.2058582,0.1830394,0.244,0.1352464,0.1656042,0.034,1.015676,1.330006,0.649,0.2222952,0.2627849,0.256,0.1993492,0.3606287,0.496,0.3161319,0.2874669,0.188,0.283052,0.2500753,0.238,0.2298757,0.1981324,0.242,0.3000536,0.2525979,0.621,0.6042532,0.5485318,1.02,0.7213085,0.665258,1.45,0.5469009,0.6265971,0.957,0.2029663,0.269284,0.464,0.2519561,0.2718371,0.319,0.5346926,0.4907251,0.289,0.5016113,0.435827,0.552,0.2752777,0.2711008,0.412,0.2158976,0.2058347,0.274,0.2093618,0.2182665,0.438,0.1264319,0.09261178,0.154,0.2139981,0.1850102,0.346,0.1799268,0.1967159,0.276,0.1624144,0.1748933,0.195
0.042,0.1716088,0.2074577,0.0434,1.499295,1.662115,5.24,0.5736615,0.4806829,0.553,0.8759888,1.030457,1.39,0.283786,0.2365598,0.307,0.3011318,0.2669581,0.332,0.1873922,0.1593001,0.131,0.2680222,0.3929892,0.413,0.2311917,0.1654912,0.271,0.1365173,0.1463147,0.118,0.1800298,0.1688211,0.274,0.693912,0.6725609,1.59,0.1797235,0.2028133,0.106,0.4275577,0.2231097,0.274,0.3741631,0.1828521,0.209,0.2706946,0.2815871,0.194,0.2102784,0.2179595,0.328,0.3405873,0.3180369,0.731,0.4727407,0.4021792,0.816,0.2406312,0.1860765,0.0962,0.2657283,0.2339168,0.162,0.3023438,0.2794681,0.299,0.4900089,0.4579377,0.114,0.3663492,0.4850072,,2.315946,1.430746,1.12,0.2700709,0.3181497,0.306,0.3632208,0.3880898,0.553,0.1989907,0.2204517,0.24,0.2806632,0.3554625,0.231,0.2210184,0.1367738,0.269,0.08319843,0.06873011,0.0692,0.1667982,0.1405079,0.248,0.2275328,0.2381327,0.0656,0.1602722,0.1487293,0.153,0.3173103,0.3729933,0.306,0.1452693,0.1120749,0.136,0.1635879,0.1610957,0.251,0.07906722,0.06748677,0.123,0.2853365,0.2107821,0.2,0.08536752,0.1045239,0.129,0.1810416,0.148251,0.156,0.1286663,0.1075828,0.0985,0.1036787,0.119124,0.116,0.1263966,0.1020835,0.14,0.1545321,0.1372246,0.115,0.09050119,0.09965267,0.137,0.4048127,0.5344148,0.526,0.1019265,0.1859311,0.0746,0.3654428,0.4235149,0.45,0.9802184,0.7882738,1.56,0.5287752,0.6009093,0.42,0.236578,0.4159523,0.0754,0.1426254,0.1223876,0.0551,0.5174158,0.6766863,0.463,0.1208175,0.1269345,0.0809,0.3351757,0.2951652,0.114,0.5539908,0.3667593,0.52,0.148262,0.1485697,0.0862,0.3340418,0.5045866,0.216,0.1228183,0.1333842,0.0616,0.2093581,0.1832551,0.238,0.1353704,0.1656606,0.0342,1.070588,1.363767,0.701,0.2303371,0.2576546,0.247,0.1879945,0.3448765,0.43,0.3132589,0.2882628,0.195,0.2768603,0.258802,0.253,0.2403845,0.1949235,0.219,0.2874879,0.2527843,0.624,0.6147091,0.5810439,1.06,0.7969992,0.6621753,1.43,0.6427482,0.6530089,1.05,0.2110161,0.3049695,0.496,0.2745149,0.2997914,0.356,0.5458462,0.5384689,0.302,0.4785195,0.428028,0.699,0.2778608,0.2856323,0.471,0.2151169,0.2056694,0.295,0.2151561,0.2323379,0.453,0.1336104,0.08644935,0.169,0.2148469,0.1852501,0.317,0.1915254,0.1945527,0.31,0.1692939,0.1732255,0.216
0.044,0.1692608,0.2058402,0.0434,1.793968,1.731822,5.32,0.6561803,0.5194087,0.526,0.8675976,0.9832622,1.35,0.2772226,0.2235995,0.386,0.2950323,0.2694315,0.367,0.1910512,0.1560187,0.149,0.2687375,0.4028618,0.385,0.2370244,0.1737878,0.23,0.138937,0.1512904,0.11,0.183142,0.1697708,0.277,0.6591401,0.6782214,1.89,0.178099,0.2024647,0.107,0.4282154,0.2262813,0.267,0.3742898,0.1839711,0.209,0.2713088,0.2812639,0.22,0.2174298,0.2330858,0.322,0.3555141,0.3253869,0.715,0.493111,0.4108835,0.944,0.2374392,0.1931221,0.0975,0.2703708,0.2298785,0.168,0.2995251,0.2755744,0.311,0.4732687,0.4542622,0.115,0.3762202,0.4952166,,2.428678,1.400501,1.21,0.2704044,0.3160526,0.331,0.3414996,0.3891936,0.575,0.1937219,0.2218729,0.254,0.2867727,0.3595254,0.25,0.2221678,0.1328297,0.296,0.08358967,0.06889284,0.0693,0.1637907,0.1439511,0.279,0.2278982,0.2383197,0.0652,0.1594312,0.1535951,0.154,0.3151525,0.3746103,0.328,0.1466755,0.1117654,0.148,0.1647227,0.1634847,0.324,0.07791316,0.0681616,0.111,0.2828348,0.214194,0.207,0.08467603,0.1043838,0.13,0.1823322,0.1485308,0.157,0.1282432,0.1079765,0.0877,0.1039852,0.118469,0.127,0.1262218,0.1037182,0.146,0.1543646,0.1372644,0.11,0.09390794,0.1028819,0.135,0.4138672,0.5389081,0.599,0.103212,0.186858,0.075,0.4106011,0.4531197,0.438,0.9634801,0.7902154,1.91,0.5406147,0.6513392,0.46,0.2587623,0.4345644,0.0799,0.1519496,0.1231008,0.0563,0.5252662,0.6780648,0.398,0.1256758,0.1246781,0.0815,0.3370835,0.3175877,0.138,0.5425939,0.367201,0.602,0.1530292,0.1466434,0.0839,0.3353408,0.4723619,0.224,0.1245754,0.1345898,0.0651,0.2099046,0.1832871,0.205,0.1350289,0.165905,0.0343,1.103005,1.390648,0.771,0.2322694,0.2491515,0.264,0.2091613,0.3269508,0.426,0.3256752,0.2884589,0.188,0.285319,0.2637486,0.241,0.243047,0.2039629,0.215,0.3058325,0.2446059,0.738,0.6923701,0.6438736,1.22,0.8298503,0.6840658,1.38,0.6793705,0.7447558,1.17,0.238058,0.3038023,0.483,0.3071638,0.2758753,0.38,0.5779892,0.6153556,0.314,0.4618616,0.4052708,0.744,0.2836186,0.295363,0.517,0.2128144,0.2135961,0.324,0.2448016,0.2365804,0.484,0.1416752,0.08860429,0.17,0.2137552,0.1856435,0.306,0.1921896,0.1913661,0.318,0.1708732,0.177031,0.21
0.045,0.1683579,0.2060983,0.0434,1.858984,1.675804,5.48,0.7105766,0.534093,0.509,0.8606085,0.9833354,1.34,0.2809342,0.2168734,0.424,0.2864721,0.2674181,0.396,0.1931315,0.1556745,0.157,0.270494,0.4073087,0.41,0.2392017,0.1710985,0.212,0.1355824,0.1532906,0.112,0.1861924,0.170842,0.273,0.6523811,0.6804003,1.96,0.1802409,0.2030554,0.107,0.4293523,0.2293285,0.257,0.3738926,0.1842007,0.21,0.2725624,0.2808079,0.236,0.2256258,0.2349017,0.309,0.361664,0.3248795,0.686,0.5152343,0.4178084,1.01,0.2331346,0.1924088,0.0992,0.2702311,0.2274743,0.174,0.3104538,0.2743417,0.321,0.4684416,0.4474459,0.115,0.3670861,0.4929934,,2.468803,1.366527,1.23,0.2569916,0.300966,0.316,0.3344796,0.3926663,0.599,0.1934096,0.222151,0.266,0.2862499,0.3616537,0.273,0.2221779,0.1361312,0.34,0.08367891,0.06899786,0.0696,0.1677491,0.1425637,0.274,0.2280537,0.2385554,0.0657,0.1591574,0.1550376,0.16,0.3173544,0.3748548,0.349,0.1454902,0.1112684,0.146,0.165302,0.164952,0.358,0.0782368,0.0687305,0.107,0.279031,0.2139556,0.219,0.08432241,0.1042572,0.138,0.183361,0.1489064,0.154,0.1287071,0.1069342,0.0879,0.1052329,0.1185763,0.128,0.1263547,0.1045147,0.15,0.1547082,0.1366099,0.111,0.0960978,0.1038931,0.138,0.4190315,0.5362492,0.634,0.1032332,0.186964,0.0755,0.453223,0.4547485,0.42,0.9557197,0.7898312,2.07,0.5371044,0.6713819,0.498,0.2693954,0.4338423,0.0816,0.155918,0.1236899,0.0566,0.5345852,0.6790209,0.392,0.1266511,0.1260178,0.0807,0.3406837,0.3177843,0.146,0.5351179,0.369609,0.603,0.1522599,0.1438449,0.085,0.3360631,0.4316138,0.229,0.1252785,0.134905,0.0656,0.2127543,0.186513,0.2,0.1349052,0.1659998,0.0343,1.105713,1.394012,0.809,0.2294725,0.2557847,0.272,0.2243712,0.3253852,0.452,0.3342281,0.2851807,0.189,0.2887239,0.2634732,0.231,0.2353801,0.2085535,0.205,0.3267585,0.2543606,0.771,0.7229275,0.6571389,1.35,0.8441411,0.7109104,1.32,0.6830854,0.7961775,1.23,0.2459882,0.2958354,0.483,0.3110322,0.2672586,0.387,0.6004418,0.6429352,0.32,0.4650033,0.4048582,0.721,0.287547,0.2962662,0.532,0.2189917,0.2210456,0.317,0.2642643,0.2300751,0.492,0.1431695,0.08918213,0.16,0.2132245,0.1849485,0.302,0.1902729,0.1929891,0.324,0.171625,0.1778346,0.202
0.046,0.1691269,0.2074516,0.0435,1.816344,1.699297,5.68,0.7302444,0.5614136,0.464,0.8464106,0.9978823,1.25,0.2860231,0.2175184,0.455,0.2849637,0.2636777,0.421,0.1964739,0.1553612,0.173,0.2810652,0.4103591,0.429,0.2384986,0.1780492,0.22,0.1334339,0.1549405,0.113,0.1893201,0.1732006,0.27,0.6313373,0.6628301,1.97,0.182441,0.2045973,0.107,0.4325383,0.2296119,0.243,0.3728958,0.1845812,0.212,0.2735187,0.2808993,0.244,0.2337589,0.2346231,0.302,0.3654251,0.3205052,0.719,0.5411734,0.4240713,1.05,0.2297705,0.1925406,0.0992,0.2722718,0.2272876,0.179,0.3206725,0.2739894,0.334,0.4746922,0.4410274,0.117,0.3726755,0.5001059,,2.554593,1.393556,1.27,0.2404222,0.2788165,0.296,0.3527898,0.3980677,0.629,0.1930473,0.2218372,0.276,0.2872761,0.3620255,0.292,0.2220856,0.1387131,0.367,0.08369575,0.06922757,0.0711,0.1701364,0.1427826,0.259,0.2282377,0.2390925,0.0663,0.1598772,0.155533,0.172,0.3201235,0.3747983,0.366,0.14417,0.1105666,0.144,0.1678605,0.165838,0.377,0.07866678,0.06856397,0.113,0.2767079,0.2117463,0.226,0.08534372,0.1041978,0.146,0.1839506,0.1496052,0.153,0.1299558,0.1053022,0.0904,0.1085277,0.1190733,0.133,0.1275529,0.1033873,0.157,0.1556847,0.1361273,0.114,0.09734108,0.1055481,0.146,0.4234501,0.5315084,0.643,0.103079,0.1867922,0.0764,0.4751922,0.4474419,0.373,0.9518344,0.79022,2.16,0.5431105,0.7130404,0.535,0.2779202,0.433706,0.0835,0.1571727,0.1249012,0.0568,0.5441108,0.6792639,0.411,0.1265641,0.126705,0.0796,0.3598104,0.3194272,0.151,0.5298256,0.3730045,0.567,0.1506834,0.140109,0.085,0.3310558,0.430097,0.236,0.125266,0.1340484,0.0667,0.2177166,0.1918908,0.202,0.1349128,0.1660665,0.0343,1.121594,1.397709,0.838,0.2247183,0.2616137,0.286,0.2347592,0.3196893,0.476,0.335667,0.2833051,0.198,0.2908934,0.2608229,0.222,0.238659,0.2141585,0.21,0.3400495,0.2648535,0.826,0.764972,0.7051345,1.43,0.8537121,0.7445698,1.33,0.6554374,0.8436716,1.28,0.2456603,0.2808228,0.494,0.3164647,0.2679993,0.382,0.6174121,0.6332868,0.319,0.4620756,0.4224969,0.725,0.2912621,0.295563,0.552,0.2246341,0.2236178,0.299,0.2846524,0.2198806,0.527,0.1438186,0.08987243,0.151,0.2132084,0.1841617,0.313,0.1812061,0.2053013,0.328,0.1731319,0.1768546,0.219
0.048,0.1712244,0.2101758,0.0436,1.823452,1.619313,5.82,0.6888646,0.5686644,0.516,0.8706764,1.026632,1.14,0.29788,0.2258796,0.468,0.2802875,0.2731416,0.458,0.2044346,0.1655945,0.2,0.3035045,0.4306216,0.428,0.2656044,0.19735,0.232,0.1365089,0.1533298,0.123,0.1913519,0.1771581,0.25,0.6786312,0.6602502,1.9,0.1817094,0.2051881,0.114,0.4380394,0.2263113,0.266,0.3697268,0.18764,0.213,0.2754208,0.2821291,0.255,0.2404092,0.2369837,0.32,0.3640387,0.3134294,0.769,0.5760648,0.4281044,1.04,0.2270259,0.1846673,0.109,0.2798111,0.2278747,0.184,0.323217,0.2800091,0.337,0.5024529,0.4514545,0.121,0.3845454,0.5111814,,2.737279,1.479098,1.26,0.2318184,0.2425038,0.316,0.3795198,0.416961,0.67,0.1930079,0.2207507,0.306,0.2816854,0.3638478,0.323,0.2209996,0.1393549,0.428,0.08388101,0.07022259,0.0737,0.1708349,0.1484472,0.239,0.2285635,0.2402353,0.0671,0.1609276,0.1554182,0.206,0.3251823,0.374899,0.358,0.1445674,0.112316,0.14,0.1719981,0.1677658,0.354,0.078195,0.06761861,0.125,0.2826653,0.2071006,0.221,0.08722066,0.1044995,0.162,0.1842431,0.149777,0.165,0.1314262,0.1028528,0.105,0.1143531,0.119796,0.147,0.1308869,0.1032411,0.169,0.1585131,0.1364239,0.141,0.09776382,0.1099781,0.166,0.428437,0.5260012,0.668,0.1027426,0.1869495,0.0775,0.4758801,0.4112563,0.297,0.9478631,0.7987262,2.12,0.5616629,0.7363834,0.594,0.2934857,0.4478174,0.0901,0.1550944,0.126202,0.0549,0.5552701,0.6808813,0.441,0.1324037,0.1247777,0.0794,0.368339,0.325039,0.136,0.5339279,0.3780769,0.606,0.1514959,0.1366552,0.0841,0.2993981,0.443275,0.233,0.1280466,0.1343745,0.0653,0.2249787,0.2010585,0.209,0.135722,0.1663707,0.0359,1.179644,1.419417,0.88,0.2171885,0.2687803,0.329,0.2544234,0.3274877,0.462,0.3318631,0.2859055,0.219,0.2995112,0.2501044,0.252,0.2371732,0.2193359,0.237,0.337337,0.2635112,0.973,0.8526545,0.8043627,1.71,0.8598943,0.7627415,1.46,0.5817369,0.8760474,1.37,0.2487254,0.2770924,0.465,0.3049031,0.2730003,0.353,0.6732659,0.6349041,0.315,0.4606027,0.4507193,0.742,0.2959162,0.2967417,0.548,0.2469328,0.2178992,0.298,0.3201438,0.2067762,0.569,0.145483,0.09207195,0.154,0.2148515,0.185413,0.33,0.197809,0.226718,0.351,0.1726475,0.1720783,0.25
0.05,0.1702381,0.2113904,0.0439,1.943537,1.681186,6.01,0.6745477,0.4944957,0.506,0.8521244,1.088588,1.2,0.3000834,0.231751,0.438,0.2826267,0.2806235,0.467,0.2037715,0.1747409,0.208,0.3004916,0.4549729,0.357,0.2742472,0.2185748,0.176,0.1359742,0.1571447,0.128,0.1959527,0.1729736,0.268,0.7043901,0.6814917,1.66,0.1764422,0.203955,0.117,0.4412327,0.2281647,0.279,0.3722971,0.1922308,0.205,0.2754866,0.2829478,0.231,0.241761,0.2427355,0.302,0.3597046,0.3116798,0.776,0.589004,0.4287301,1.04,0.2415628,0.1895008,0.125,0.2822809,0.229885,0.198,0.3084992,0.2892428,0.34,0.5326198,0.4525265,0.124,0.4172042,0.508205,,2.702934,1.572955,1.21,0.227973,0.2299207,0.338,0.3519619,0.4552156,0.629,0.1969167,0.2185476,0.317,0.2724385,0.3722569,0.347,0.2221503,0.1339179,0.433,0.08419653,0.07133015,0.0739,0.171754,0.1661089,0.225,0.2290155,0.2405672,0.0676,0.1596685,0.1530529,0.237,0.3318327,0.3743729,0.328,0.1448679,0.113826,0.153,0.1714849,0.1709865,0.299,0.07896554,0.06833409,0.131,0.2921495,0.2080152,0.195,0.08783414,0.1037907,0.164,0.1830167,0.151866,0.182,0.1317808,0.1023223,0.115,0.1143083,0.1183434,0.141,0.1308863,0.1052362,0.185,0.1598055,0.1363272,0.154,0.09843616,0.1151662,0.17,0.4304296,0.5365285,0.731,0.1017624,0.1872669,0.0776,0.4344356,0.4079105,0.26,0.9806764,0.8198685,2.03,0.5657782,0.7040101,0.569,0.3063021,0.4611649,0.0969,0.1615775,0.123606,0.05,0.5500309,0.6894904,0.49,0.1391622,0.12915,0.079,0.35379,0.3124883,0.122,0.5395076,0.381219,0.662,0.1481332,0.1433201,0.0892,0.3078278,0.4244928,0.222,0.1315411,0.1423762,0.065,0.2315283,0.2038228,0.225,0.1364979,0.1660989,0.038,1.241307,1.384043,0.948,0.2152888,0.2706018,0.373,0.279072,0.3351478,0.468,0.3259851,0.3000873,0.26,0.3001401,0.2527891,0.27,0.2228,0.222665,0.256,0.2947819,0.2595359,0.989,0.8488223,0.8028837,1.93,0.850467,0.7044733,1.59,0.6042358,0.8403924,1.24,0.262045,0.2669299,0.395,0.298604,0.2813213,0.371,0.7152971,0.6365702,0.321,0.4588801,0.4728184,0.697,0.2909178,0.300076,0.585,0.2681675,0.2317195,0.29,0.3085569,0.2088848,0.643,0.150912,0.09114757,0.166,0.2160089,0.187768,0.331,0.1905114,0.2356379,0.429,0.1685403,0.1693823,0.232
0.055,0.1733606,0.2115487,0.0441,1.789543,1.764703,4.29,0.759367,0.5108841,0.351,0.9021944,1.087299,1.06,0.3230655,0.2532561,0.402,0.3275139,0.2650785,0.458,0.2365774,0.1846504,0.219,0.3172987,0.4677206,0.367,0.3354731,0.30457,0.117,0.1445564,0.1640567,0.124,0.1964554,0.1749261,0.275,0.638495,0.6852614,1.93,0.2059372,0.2020247,0.126,0.440504,0.2249866,0.314,0.3726362,0.1905659,0.233,0.2712647,0.2846282,0.243,0.2393505,0.2418381,0.281,0.3813375,0.2991595,0.963,0.5703634,0.4239817,1.06,0.242484,0.2128879,0.152,0.2758535,0.2562769,0.228,0.3315723,0.2811095,0.445,0.514488,0.4639342,0.133,0.4453458,0.544745,,3.020928,1.467828,1.35,0.2593688,0.307754,0.446,0.3854102,0.4792635,0.626,0.2089359,0.2171975,0.32,0.2630888,0.379691,0.371,0.2187021,0.1543566,0.451,0.08446757,0.07180579,0.0746,0.2054988,0.1811822,0.257,0.229163,0.2402255,0.0671,0.1619833,0.1576556,0.269,0.3337843,0.3741094,0.403,0.1436747,0.1117053,0.181,0.1744894,0.1727786,0.308,0.08176479,0.0681617,0.152,0.2869012,0.2092758,0.234,0.08697116,0.1048718,0.175,0.1846353,0.155178,0.197,0.1271282,0.1065323,0.139,0.1154239,0.1203068,0.148,0.1288954,0.1061188,0.204,0.1597546,0.1357985,0.148,0.09147922,0.1277802,0.168,0.4241264,0.5998316,0.889,0.09916372,0.1874282,0.08,0.4277496,0.5918718,0.273,1.027137,0.8679737,2.27,0.6273896,0.6151334,0.579,0.2990517,0.4762761,0.114,0.1551442,0.1231893,0.052,0.5332863,0.7095364,0.646,0.1570491,0.1270095,0.0774,0.3645841,0.3062682,0.165,0.54609,0.3769513,0.778,0.1448644,0.1681934,0.0914,0.3751727,0.41464,0.207,0.1426105,0.149582,0.0803,0.2741598,0.2036222,0.282,0.136398,0.1658305,0.0375,1.291782,1.480571,0.869,0.2143371,0.3069768,0.327,0.2442296,0.3712773,0.466,0.3060816,0.3063489,0.288,0.3461051,0.2593144,0.326,0.2331481,0.1929043,0.21,0.2890117,0.2723693,0.764,0.6211407,0.4666004,1.29,0.8673258,0.5846143,1.6,0.6855267,0.7483204,1.64,0.2838325,0.2908891,0.385,0.310185,0.3151264,0.351,0.7194054,0.6679664,0.351,0.4575707,0.5573346,0.463,0.2779271,0.3070788,0.505,0.2805288,0.2544534,0.31,0.3429644,0.2792589,0.912,0.1618932,0.107717,0.175,0.2152585,0.1873532,0.352,0.20624,0.2356166,0.34,0.1704587,0.1695918,0.221
0.06,0.1756009,0.2123177,0.0439,1.865973,1.774249,3.8,0.6598903,0.6276867,0.453,0.9161605,1.102449,0.985,0.3049437,0.3232647,0.499,0.3041513,0.290272,0.549,0.2709439,0.1862528,0.282,0.4029701,0.4731884,0.445,0.3249782,0.2661862,0.132,0.1520908,0.1795037,0.126,0.2048294,0.17616,0.29,0.7104674,0.7443063,1.86,0.1998316,0.2022251,0.145,0.4402354,0.235822,0.387,0.3738606,0.1941725,0.223,0.2732328,0.2896101,0.327,0.2421463,0.2398936,0.289,0.4075766,0.3166346,0.905,0.5973203,0.4028956,1.08,0.3032479,0.2254374,0.146,0.2653594,0.2979197,0.319,0.3152004,0.2633135,0.49,0.5896413,0.5378965,0.136,0.4586483,0.5585809,,2.807956,1.607517,1.43,0.2734507,0.3255568,0.589,0.3410047,0.4713663,0.575,0.2075984,0.2298996,0.389,0.3549936,0.3930065,0.266,0.2224212,0.1571788,0.483,0.08563015,0.07988467,0.0764,0.246387,0.1682707,0.261,0.2294938,0.2388766,0.0674,0.1645495,0.1521655,0.237,0.3169037,0.3685793,0.517,0.1546069,0.1158694,0.222,0.170276,0.1690366,0.336,0.08231501,0.06815404,0.117,0.2860634,0.2225807,0.26,0.08584651,0.1066438,0.188,0.1858112,0.1504277,0.179,0.1362471,0.1102359,0.182,0.1239993,0.1212042,0.185,0.1369012,0.1176085,0.223,0.1548887,0.1359603,0.154,0.09121857,0.1233898,0.194,0.4357495,0.5878557,1.21,0.09900518,0.1886431,0.0899,0.5300362,0.422042,0.327,1.129503,0.8498539,2.2,0.6535987,0.6527259,0.671,0.2702995,0.4833642,0.148,0.1427421,0.1258589,0.0533,0.5441494,0.7110249,0.705,0.1631121,0.1438381,0.0928,0.4326563,0.3428373,0.167,0.5588682,0.3953883,0.834,0.1490615,0.1607938,0.0845,0.4058196,0.381275,0.237,0.1419167,0.1518197,0.0784,0.2952619,0.2212941,0.377,0.1362422,0.1695709,0.0401,1.297861,1.480712,0.911,0.2206796,0.3122655,0.348,0.2715807,0.4828239,0.449,0.3684661,0.3438389,0.262,0.365777,0.270328,0.332,0.2454894,0.2210337,0.175,0.3028569,0.2890992,0.927,0.62501,0.4436061,1.32,0.8108105,0.6823311,1.63,0.9416494,0.8129233,2.61,0.2944801,0.2864016,0.384,0.3801325,0.3264341,0.379,0.6324935,0.6551483,0.305,0.5350835,0.6229848,0.567,0.2616875,0.3189295,0.502,0.2777474,0.244971,0.316,0.3132234,0.3145514,0.904,0.1498057,0.1226116,0.199,0.2171785,0.1822639,0.444,0.2108217,0.2113611,0.453,0.1657096,0.1826027,0.238
0.065,0.1718672,0.221467,0.0428,2.205043,1.666366,3.59,0.6753566,0.6952476,0.463,0.8346633,1.102974,1.19,0.3097031,0.3133965,0.443,0.3468423,0.2771,0.628,0.283623,0.283637,0.215,0.4010347,0.4331345,0.422,0.3314354,0.2560495,0.133,0.173541,0.2087993,0.145,0.2243525,0.1785577,0.223,0.7262713,0.7464929,1.79,0.2066163,0.2046848,0.141,0.4563477,0.2334319,0.406,0.3746881,0.2013635,0.225,0.271706,0.2884267,0.309,0.2404275,0.2280347,0.385,0.4263421,0.3018797,1.16,0.6315063,0.4244261,0.935,0.3352599,0.2381336,0.145,0.2914042,0.2972645,0.36,0.3467278,0.2985847,0.645,0.5732575,0.5368053,0.139,0.5433695,0.5697993,,2.914421,1.539037,1.49,0.261557,0.3599529,0.6,0.39404,0.4269966,0.662,0.1974456,0.2362395,0.455,0.4053836,0.4003201,0.4,0.2161902,0.1811464,0.454,0.08435046,0.08781459,0.0795,0.3113721,0.1684131,0.282,0.2305753,0.2403109,0.072,0.1666811,0.1684769,0.279,0.3345759,0.3724995,0.572,0.1612488,0.1214245,0.257,0.1647737,0.1790529,0.287,0.08329404,0.07079063,0.142,0.3006041,0.2473237,0.291,0.08915186,0.1045823,0.196,0.1864429,0.1460702,0.156,0.1389023,0.1162022,0.212,0.1718734,0.119426,0.225,0.1251377,0.1266533,0.316,0.1550422,0.1358284,0.156,0.09320412,0.1296318,0.164,0.4116706,0.5681867,1.06,0.1007944,0.190985,0.0894,0.4450248,0.4419965,0.411,1.212516,0.8159275,1.94,0.6749943,0.9036047,0.614,0.2592051,0.4863251,0.134,0.1344001,0.127652,0.0625,0.5338292,0.7427182,0.71,0.1641961,0.1634938,0.103,0.486129,0.3668991,0.135,0.5688626,0.3945876,1.06,0.1504636,0.1560644,0.101,0.4281642,0.3481785,0.321,0.1372728,0.178593,0.107,0.3300804,0.2646884,0.342,0.136744,0.1713117,0.0397,1.394039,1.669114,1.03,0.2429254,0.3403561,0.408,0.2912663,0.4510983,0.409,0.4378126,0.385452,0.221,0.3121058,0.2853064,0.308,0.2590323,0.2784318,0.133,0.3637855,0.2986531,0.838,0.6582911,0.461473,1.21,0.7806007,0.7021219,1.42,0.989848,0.8877071,3.4,0.3253206,0.3233778,0.4,0.3815319,0.3956482,0.496,0.6134353,0.7379631,0.384,0.7028478,0.6141458,0.662,0.306028,0.3368419,0.507,0.3103732,0.2961429,0.293,0.2648072,0.3063312,0.912,0.1548681,0.1250352,0.236,0.223841,0.1896366,0.474,0.2462229,0.22497,0.38,0.1929756,0.1728269,0.237
0.067,0.1776986,0.2176922,0.0446,2.427996,1.460807,4.06,0.6368101,0.6581371,0.434,0.8168601,1.135286,1.17,0.3242438,0.3105832,0.411,0.3500909,0.2827954,0.64,0.2763367,0.296955,0.252,0.3928624,0.4325472,0.425,0.36113,0.2496181,0.126,0.1739675,0.2293669,0.149,0.2105424,0.1795777,0.25,0.7675883,0.7268271,1.69,0.2124569,0.2114717,0.143,0.4679988,0.238709,0.361,0.3746925,0.2073266,0.239,0.2693488,0.2948046,0.279,0.236845,0.2281441,0.38,0.4438236,0.3079316,1.25,0.6540412,0.4248416,0.842,0.3425082,0.2459457,0.151,0.284988,0.2820863,0.381,0.3499603,0.3153687,0.601,0.5444695,0.5291448,0.147,0.5578741,0.5598133,,2.825433,1.516029,1.43,0.2803254,0.3694037,0.519,0.3977008,0.4075746,0.609,0.193446,0.2420037,0.459,0.408217,0.3800221,0.414,0.2206414,0.1896128,0.439,0.08749162,0.08864327,0.0786,0.3122985,0.170148,0.32,0.2310023,0.2403001,0.0792,0.1704241,0.1733254,0.308,0.3429022,0.3811787,0.639,0.1651354,0.1239337,0.281,0.1707333,0.1893004,0.249,0.0844536,0.06985284,0.145,0.3073916,0.2583561,0.31,0.09152389,0.1050539,0.213,0.1871825,0.146888,0.162,0.1386144,0.1149701,0.212,0.1868309,0.1185583,0.242,0.1275113,0.132186,0.378,0.1567142,0.1376075,0.167,0.09215509,0.1389603,0.175,0.4174865,0.5513956,0.974,0.1022737,0.1914015,0.0896,0.4354963,0.4686638,0.393,1.254663,0.8251332,1.81,0.6551569,0.9137639,0.647,0.2595161,0.5014327,0.117,0.1399817,0.1278801,0.0683,0.5270731,0.7451319,0.79,0.1662366,0.1701357,0.107,0.504693,0.3727665,0.132,0.5585393,0.4007795,1.19,0.1489181,0.1564465,0.11,0.4282954,0.3808928,0.328,0.1449185,0.1748804,0.105,0.3672582,0.2863193,0.331,0.1404117,0.1716814,0.0465,1.408386,1.659868,1.23,0.268546,0.3433365,0.483,0.3146169,0.4225634,0.438,0.4471418,0.3796259,0.207,0.311022,0.3002982,0.287,0.2832062,0.278858,0.133,0.3526652,0.3243487,0.77,0.7187987,0.4482536,1.2,0.8268474,0.7564731,1.34,0.9532991,0.8900412,3.34,0.2944326,0.3362958,0.377,0.3920227,0.4428569,0.508,0.6277878,0.7780874,0.386,0.7655464,0.6879635,0.591,0.30436,0.3246004,0.55,0.3207493,0.2942705,0.311,0.2471493,0.3085755,0.995,0.1592389,0.1151499,0.23,0.2237587,0.1852103,0.505,0.2385234,0.2136148,0.305,0.2040852,0.1718498,0.234
0.07,0.1879007,0.2057429,0.0456,2.735233,1.338688,4.61,0.5905477,0.5567418,0.457,0.7971048,1.239767,1.17,0.3282397,0.3268272,0.383,0.3758345,0.3083148,0.633,0.2915804,0.3194786,0.28,0.4232794,0.4590245,0.441,0.3677547,0.2659652,0.14,0.1927138,0.2567776,0.141,0.1869944,0.2003303,0.265,0.7215005,0.7648551,1.48,0.2343779,0.2200117,0.154,0.4830696,0.242861,0.395,0.3706223,0.208045,0.243,0.2724398,0.3153404,0.27,0.2499231,0.2345157,0.39,0.4563651,0.3253144,1.36,0.6928552,0.4497297,0.796,0.3539004,0.2779812,0.146,0.2777458,0.2749114,0.404,0.322225,0.3330302,0.639,0.4828431,0.54268,0.169,0.5626539,0.5685098,,2.637412,1.605024,1.51,0.3398066,0.346577,0.415,0.3923095,0.3752328,0.593,0.1940873,0.2518155,0.452,0.3977473,0.4017579,0.362,0.2343267,0.188481,0.423,0.08754068,0.08604148,0.0814,0.3100537,0.1813543,0.317,0.231853,0.2362722,0.0851,0.1803005,0.1707658,0.317,0.3513185,0.3950862,0.627,0.1706889,0.1216896,0.33,0.1792954,0.1955128,0.229,0.08753011,0.06963208,0.139,0.3250605,0.2724817,0.307,0.09484037,0.1064012,0.22,0.1870398,0.147882,0.162,0.1364831,0.1095899,0.2,0.1979932,0.1182347,0.267,0.1256244,0.1577235,0.456,0.1585869,0.138301,0.188,0.09556179,0.1479402,0.179,0.4156825,0.5413722,0.986,0.1040504,0.1918436,0.0935,0.4671129,0.4578133,0.305,1.23417,0.8215117,1.86,0.7375978,0.8552973,0.691,0.265292,0.4936632,0.107,0.1484237,0.1282251,0.0781,0.5551196,0.8258501,0.936,0.1609382,0.1713023,0.0997,0.5352575,0.3806832,0.154,0.5502159,0.4210465,1.22,0.1426225,0.1530011,0.115,0.3845977,0.3681724,0.273,0.1566116,0.1551388,0.104,0.3973122,0.3358637,0.301,0.1448107,0.1718042,0.0517,1.374656,1.647619,1.5,0.2896711,0.3385483,0.518,0.3718559,0.4022003,0.42,0.4329801,0.4147025,0.181,0.3237249,0.3269226,0.304,0.3015614,0.2870675,0.144,0.3338874,0.32999,0.696,0.7704407,0.5006519,1.07,0.8334714,0.8006576,1.65,0.8396945,0.9977981,3.54,0.3114465,0.3312147,0.343,0.364883,0.463874,0.476,0.6457437,0.8541729,0.348,0.8485566,0.7433833,0.557,0.3188918,0.3484161,0.575,0.3223366,0.2726771,0.272,0.2623022,0.3300577,1.06,0.1754836,0.1140727,0.201,0.2199082,0.1893718,0.579,0.2355674,0.2133912,0.289,0.23149,0.1778426,0.252
0.075,0.1978815,0.2264671,0.0455,2.742661,1.363639,4.53,0.6037457,0.5269099,0.422,0.7629701,1.307312,1.03,0.3515624,0.3881232,0.39,0.3909211,0.3492763,0.792,0.3120986,0.317932,0.292,0.3726255,0.5176818,0.493,0.3940071,0.2875416,0.154,0.2043189,0.2743822,0.116,0.2001787,0.2353814,0.222,0.744923,0.6556895,1.61,0.262863,0.2454342,0.193,0.4947602,0.2400589,0.385,0.3748782,0.2039943,0.246,0.2809933,0.3340967,0.365,0.2722298,0.2503722,0.377,0.4188122,0.3727903,1.35,0.6954271,0.4871299,0.76,0.3928883,0.3273764,0.15,0.3322046,0.2985224,0.286,0.3094982,0.3477633,0.631,0.4779994,0.6233923,0.223,0.6263828,0.5480237,,3.126558,1.660985,1.58,0.3029492,0.3434237,0.316,0.3779686,0.3464657,0.652,0.1955384,0.2539884,0.542,0.3928646,0.433709,0.344,0.2372557,0.1615158,0.338,0.09588993,0.07497811,0.0858,0.2476214,0.2012712,0.296,0.2322249,0.241322,0.0938,0.1812756,0.1523852,0.265,0.3559411,0.4267204,0.639,0.151128,0.1170328,0.388,0.204733,0.1929965,0.275,0.08910465,0.0832535,0.148,0.3325332,0.2989896,0.272,0.09602273,0.1142734,0.259,0.1845233,0.1559161,0.164,0.1324631,0.1076116,0.213,0.191975,0.1202033,0.232,0.1361017,0.1708627,0.639,0.1585292,0.1385317,0.235,0.09890173,0.140335,0.197,0.4243387,0.5690792,1.13,0.1058923,0.1893582,0.0857,0.5009919,0.5189197,0.272,1.315006,0.8747156,2.18,0.6993428,0.6899121,0.65,0.2474403,0.5025285,0.134,0.1648707,0.1275522,0.0787,0.6046374,0.9667962,1.06,0.1519589,0.1561521,0.103,0.5261059,0.4203989,0.156,0.5296986,0.456772,0.985,0.1475727,0.1476275,0.111,0.3306997,0.3272353,0.276,0.1610644,0.1600316,0.104,0.397004,0.3185704,0.274,0.1340946,0.169928,0.0606,1.168749,1.60723,1.49,0.3139237,0.3341814,0.674,0.4137302,0.4068927,0.428,0.4641451,0.4411848,0.197,0.3500269,0.3443114,0.325,0.2756057,0.3231686,0.159,0.3385994,0.4073071,0.778,0.7811636,0.5597308,0.975,0.8431228,0.6910629,2.01,0.9259551,1.181782,2.81,0.2831276,0.3076088,0.319,0.3172062,0.4098947,0.514,0.7015158,0.700495,0.341,0.8551553,0.7370093,0.51,0.2834241,0.3781803,0.535,0.3649234,0.3075885,0.246,0.3087764,0.2972884,1.3,0.1633101,0.1492516,0.201,0.2220527,0.1929793,0.765,0.2195262,0.2615213,0.322,0.2151032,0.2015662,0.25
0.08,0.2262463,0.2426785,0.0453,2.100839,1.460082,3.74,0.7460741,0.6788167,0.367,0.8612548,1.226603,0.859,0.3450886,0.3623641,0.439,0.4301556,0.3371395,0.813,0.4309116,0.293313,0.244,0.3866975,0.5057341,0.374,0.3721868,0.2959969,0.185,0.208162,0.2954227,0.109,0.2016506,0.2263282,0.225,0.6963005,0.602941,1.69,0.2978828,0.2443577,0.194,0.4670171,0.2595,0.408,0.3763331,0.2083922,0.313,0.2915342,0.3366049,0.391,0.244096,0.2334741,0.24,0.4486485,0.482253,1.2,0.6713502,0.5870181,0.774,0.4255887,0.3354545,0.149,0.3449278,0.3042811,0.248,0.3117028,0.3414333,0.82,0.5368994,0.6420751,0.252,0.6194626,0.5804436,,3.328146,1.915088,1.62,0.3627854,0.3182713,0.349,0.400258,0.3725866,0.683,0.18623,0.2629441,0.703,0.3528229,0.4303624,0.378,0.2389396,0.2028621,0.237,0.1005454,0.07642042,0.106,0.2700328,0.2043321,0.221,0.2359256,0.2416788,0.0969,0.1655059,0.1595714,0.303,0.3577424,0.4641327,0.665,0.1519006,0.1327083,0.319,0.2115435,0.1934243,0.299,0.08810667,0.09113463,0.145,0.3276244,0.2914945,0.266,0.09751554,0.1194296,0.325,0.1890846,0.1573835,0.147,0.1414389,0.1032506,0.192,0.1701636,0.1255638,0.237,0.1505886,0.130351,0.646,0.1534068,0.1376812,0.216,0.1016073,0.1313727,0.215,0.4360284,0.5343028,1.08,0.1063904,0.189771,0.0807,0.5415848,0.6773162,0.345,1.386167,0.8995699,1.99,0.6646412,0.6215032,0.816,0.2581078,0.5041618,0.14,0.1644848,0.1324165,0.0868,0.6568271,0.7796243,1.23,0.1482272,0.1688165,0.0884,0.4587725,0.4442942,0.166,0.5836172,0.4640327,0.756,0.158637,0.168202,0.112,0.2944967,0.3081319,0.227,0.1666506,0.1584182,0.116,0.4081913,0.3433333,0.262,0.1493651,0.1701982,0.0575,1.165068,1.778342,1.45,0.3092036,0.3434755,0.592,0.3823224,0.4468501,0.575,0.4200563,0.4542884,0.19,0.3779304,0.3675206,0.366,0.2908496,0.3387625,0.177,0.3571982,0.4197148,0.841,0.8975682,0.5739096,0.94,0.8727117,0.7635919,2.26,0.7990934,1.347518,2.57,0.2678254,0.3175025,0.394,0.3541644,0.3705026,0.507,0.8357287,0.6988135,0.393,0.8435484,0.8734743,0.601,0.2985591,0.3923432,0.718,0.4187143,0.3738573,0.238,0.3283278,0.2640024,1.23,0.1555326,0.1665765,0.207,0.217968,0.200363,0.894,0.2352609,0.2975417,0.275,0.2255298,0.2105945,0.268
0.085,0.2259457,0.2345756,0.0506,1.94602,1.369913,3.85,1.073777,0.7589409,0.364,0.99132,1.215512,0.83,0.3721412,0.3830421,0.497,0.4185726,0.3440215,0.776,0.4715444,0.2365571,0.189,0.3684718,0.5870713,0.369,0.3635435,0.34312,0.178,0.2332151,0.3253756,0.102,0.2267817,0.2016061,0.24,0.7512444,0.69578,1.52,0.2903067,0.2498247,0.178,0.4677576,0.2842528,0.453,0.3770216,0.2118989,0.355,0.2732442,0.325752,0.421,0.2571277,0.2355988,0.261,0.4553301,0.4476855,1.26,0.7297137,0.5580312,1.05,0.4426875,0.385124,0.169,0.3454302,0.3485563,0.287,0.3107537,0.3312398,0.787,0.5524815,0.6436346,0.254,0.6270233,0.638508,,3.026958,1.930554,1.67,0.414229,0.3157508,0.28,0.4374108,0.4174054,0.988,0.1879215,0.2485552,0.714,0.3514889,0.430198,0.309,0.2677146,0.2038336,0.222,0.1112121,0.07488203,0.113,0.30922,0.2294912,0.209,0.2548721,0.2527066,0.086,0.1751577,0.1702875,0.26,0.3533205,0.4691116,0.618,0.160895,0.1259076,0.311,0.2190354,0.1857391,0.323,0.08576117,0.1069235,0.166,0.3257769,0.2764307,0.228,0.1077408,0.115738,0.389,0.1910091,0.1498028,0.163,0.1493675,0.1074472,0.189,0.1397152,0.1249499,0.201,0.1470224,0.1099364,0.502,0.1583856,0.1445885,0.194,0.1014699,0.139118,0.209,0.4998556,0.5572881,0.873,0.108657,0.1892755,0.0789,0.5982539,0.7270165,0.322,1.294567,0.9198688,2.71,0.6329284,0.6620687,0.813,0.2981636,0.4672018,0.133,0.1756124,0.1452781,0.0894,0.5762324,0.8003301,0.929,0.1399942,0.1730243,0.0938,0.4732913,0.3917617,0.172,0.5640222,0.4830599,0.812,0.1555485,0.15321,0.137,0.2693921,0.3793547,0.231,0.1735526,0.1881926,0.13,0.3831925,0.3586094,0.301,0.1525183,0.1797059,0.0569,1.292871,1.821821,1.29,0.3656759,0.3584009,0.45,0.3596314,0.4848055,0.447,0.4849468,0.4607213,0.209,0.3819875,0.3734158,0.405,0.2962559,0.3575122,0.153,0.3695716,0.4385978,0.742,1.177059,0.5833477,0.824,0.8803166,0.6922116,2.9,1.014621,1.104606,2.35,0.3303348,0.3123222,0.423,0.3403619,0.3686022,0.585,0.8443142,0.6026506,0.45,0.9117912,0.9915539,0.606,0.3620912,0.3923324,0.81,0.4109837,0.3785305,0.237,0.3132692,0.2592202,1.27,0.1588733,0.2199236,0.213,0.2258138,0.1964502,0.833,0.2248992,0.3008667,0.288,0.2649978,0.2431179,0.266
0.09,0.2116811,0.2251629,0.0509,1.747182,1.455102,4.6,1.240276,0.6952859,0.331,1.127397,1.211898,1.11,0.4203744,0.3761393,0.459,0.4040595,0.3626811,0.73,0.4940362,0.2540593,0.178,0.4292134,0.6646296,0.341,0.4799011,0.4368247,0.183,0.2398105,0.3184358,0.118,0.2297291,0.2420213,0.232,0.7690119,0.7509201,1.88,0.2486669,0.2650826,0.209,0.4900451,0.2996918,0.526,0.3746024,0.2266396,0.395,0.2935618,0.3427505,0.439,0.3219661,0.2597993,0.289,0.5332309,0.4013025,1.19,0.7583013,0.6093779,1.3,0.4688141,0.429242,0.188,0.3340856,0.3685729,0.301,0.3417296,0.3278295,0.669,0.6961097,0.6465015,0.23,0.6395205,0.7656535,,3.161923,1.773934,1.94,0.372654,0.3347556,0.29,0.3827266,0.482913,0.94,0.1925371,0.2342547,0.693,0.4416198,0.4431456,0.351,0.2706715,0.1959067,0.233,0.1174221,0.08989917,0.116,0.3156294,0.244818,0.215,0.2987556,0.2476073,0.0844,0.1734639,0.1758757,0.281,0.3663755,0.4637118,0.763,0.1657815,0.1208183,0.387,0.2102261,0.1770709,0.296,0.09010009,0.1118469,0.157,0.3440515,0.3009664,0.177,0.1124333,0.1241016,0.418,0.1976647,0.1573638,0.187,0.1544059,0.1102784,0.192,0.1250014,0.1218599,0.233,0.1520601,0.1104429,0.446,0.1610126,0.144808,0.183,0.09178949,0.1537497,0.218,0.5082313,0.6036101,0.686,0.106604,0.1890354,0.0778,0.6754116,0.6781108,0.299,1.191565,0.8560966,2.79,0.7020031,0.6821623,0.64,0.301949,0.4419689,0.137,0.1890194,0.1444721,0.0906,0.6355314,0.8018758,0.882,0.1502396,0.1685345,0.116,0.4739219,0.4649434,0.168,0.5639915,0.5025485,0.919,0.163466,0.1658478,0.147,0.2766889,0.3971259,0.202,0.2266983,0.1963353,0.111,0.4529583,0.3878086,0.409,0.147977,0.1801855,0.0493,1.415113,1.78062,1.32,0.3672391,0.4039265,0.33,0.3694209,0.4540678,0.444,0.5633718,0.5208288,0.202,0.4415372,0.4727653,0.521,0.2925549,0.3021368,0.165,0.3773677,0.4291094,0.886,1.338108,0.5989953,0.557,0.8776432,0.6821815,3.16,1.157457,0.982817,1.84,0.3129669,0.2933472,0.395,0.398369,0.4415857,0.593,0.9466149,0.647415,0.46,0.8411564,1.016912,0.699,0.3658085,0.4455101,0.81,0.4740665,0.3718682,0.195,0.3668785,0.279816,1.14,0.1497268,0.2045354,0.248,0.2151153,0.2017823,0.973,0.2917121,0.2902904,0.354,0.2446974,0.2388415,0.215
0.095,0.2261487,0.2336012,0.0514,1.520988,1.524218,4.42,1.299008,0.6423649,0.295,1.04233,1.328492,0.959,0.4772852,0.4108113,0.476,0.4104638,0.363367,0.657,0.5427317,0.2690955,0.147,0.4934507,0.7343752,0.368,0.6048429,0.4423665,0.179,0.2499812,0.3017212,0.107,0.240301,0.2588661,0.228,0.8862315,0.7087324,1.93,0.2802694,0.2854082,0.224,0.539739,0.2882881,0.471,0.3944126,0.2280591,0.44,0.2970434,0.3454025,0.4,0.3006256,0.3134961,0.267,0.6635272,0.4640943,1.16,0.7832421,0.5882764,1.58,0.4169207,0.4893309,0.22,0.3265304,0.3960591,0.297,0.3699366,0.3830582,0.549,0.8211889,0.6552706,0.211,0.7106825,0.8700712,,3.426823,1.892082,2.15,0.341796,0.321095,0.273,0.3130535,0.5093073,0.816,0.1885402,0.2247309,0.573,0.4502767,0.4396245,0.352,0.2750255,0.1987841,0.263,0.1156032,0.09657402,0.128,0.3021713,0.2716361,0.202,0.302717,0.2709918,0.0804,0.1641636,0.1755143,0.314,0.3814951,0.4627755,0.872,0.1560957,0.1252882,0.435,0.2253511,0.1930022,0.272,0.09489422,0.1130689,0.185,0.3775291,0.3415329,0.194,0.125432,0.1253576,0.343,0.2092471,0.1610072,0.189,0.1565312,0.1253657,0.188,0.1241809,0.1230762,0.223,0.1521005,0.1078394,0.495,0.1646855,0.1393509,0.171,0.09477894,0.1649825,0.276,0.5490367,0.5664219,0.727,0.09975631,0.184941,0.0831,0.699505,0.6179649,0.329,1.074097,0.9343887,2.73,0.6510216,0.7150543,0.645,0.2830715,0.4395331,0.162,0.183275,0.1511295,0.101,0.7009847,0.7879007,0.913,0.1585229,0.1947615,0.127,0.4692671,0.4816793,0.174,0.5811655,0.4932894,1.01,0.1747568,0.1831315,0.129,0.3172965,0.3356067,0.182,0.255405,0.2107276,0.133,0.5866337,0.4860579,0.511,0.1389774,0.1690213,0.0646,1.523995,1.728786,1.6,0.3148677,0.3956499,0.4,0.3129619,0.4462931,0.459,0.6316269,0.5184892,0.203,0.5096405,0.5315132,0.594,0.2947755,0.303358,0.191,0.3600179,0.4887384,0.962,1.173187,0.6416116,0.587,0.9172788,0.864013,3.17,1.163316,0.8461967,1.64,0.3004562,0.356899,0.433,0.4324574,0.5256424,0.745,0.9805042,0.6729941,0.457,0.8942235,0.9798805,0.85,0.3584268,0.5264289,0.919,0.5433173,0.3716121,0.195,0.4770651,0.3726142,0.971,0.1466894,0.1780574,0.277,0.2316236,0.2176787,1.06,0.3259427,0.2595994,0.315,0.259253,0.2247081,0.195
0.1,0.2343685,0.2313692,0.0575,1.615296,1.693833,3.92,1.197188,0.5992234,0.277,0.9610822,1.317916,0.942,0.5703149,0.5484135,0.574,0.393882,0.4088019,0.612,0.5841653,0.259555,0.137,0.555324,0.810081,0.355,0.5917527,0.3542621,0.169,0.2480613,0.2798068,0.123,0.25513,0.2780571,0.227,0.8885068,0.780054,1.63,0.2940066,0.2773044,0.272,0.5314276,0.3324537,0.402,0.4131372,0.2563922,0.47,0.2963744,0.3549938,0.358,0.3060643,0.3352491,0.277,0.6565933,0.4254701,1.32,0.8041627,0.6256646,1.7,0.4020915,0.4275225,0.216,0.3586569,0.3975977,0.263,0.379845,0.3844761,0.48,0.901152,0.7022344,0.18,0.8020145,0.8541417,,3.927833,1.866882,1.99,0.3007182,0.3392363,0.236,0.3356767,0.5418112,0.863,0.1909975,0.2307587,0.617,0.3764404,0.4558228,0.302,0.2715511,0.2407136,0.242,0.1096954,0.09003658,0.143,0.3054437,0.2907681,0.249,0.2724944,0.3181271,0.102,0.1693687,0.1732912,0.302,0.3873434,0.4528063,0.916,0.154769,0.1194768,0.387,0.2677024,0.2016422,0.302,0.08818733,0.105263,0.206,0.4062074,0.374319,0.189,0.1221787,0.1272132,0.3,0.2040643,0.1675415,0.173,0.1550824,0.1255609,0.161,0.1177611,0.1230735,0.232,0.1491413,0.1239398,0.449,0.160452,0.1423688,0.161,0.09802912,0.1741231,0.295,0.5782013,0.5786883,0.87,0.102882,0.1844926,0.0798,0.6883091,0.62835,0.3,1.063023,0.9034488,2.73,0.698943,0.7367256,0.806,0.2691487,0.4717921,0.158,0.1612487,0.1734919,0.0981,0.6909485,0.794431,0.824,0.1649419,0.1902283,0.142,0.4540048,0.4574213,0.177,0.5883461,0.4636424,0.988,0.1692677,0.2222197,0.134,0.3474835,0.307461,0.202,0.2605334,0.2335782,0.138,0.7390487,0.478488,0.517,0.1485088,0.1886633,0.0772,1.754352,1.829124,1.52,0.3163646,0.3939377,0.408,0.3759575,0.5180112,0.53,0.5942172,0.4612791,0.221,0.5875841,0.583526,0.583,0.3469677,0.3227781,0.181,0.4604408,0.6227056,0.901,1.033231,0.7004591,0.57,0.8887372,0.764956,3.16,1.229409,1.057521,1.19,0.3403926,0.3770541,0.439,0.3832134,0.5162615,0.931,1.125208,0.7194478,0.492,0.8212478,1.103409,0.862,0.3760395,0.5525959,0.978,0.4794495,0.3848635,0.184,0.5438762,0.4103029,0.887,0.1506607,0.1388938,0.256,0.2449155,0.2272676,0.963,0.3350233,0.2586083,0.296,0.2698591,0.2585898,0.22
0.11,0.2552729,0.2372761,0.0564,1.722138,1.601624,3.55,1.002472,0.7491231,0.245,1.29783,1.50251,0.906,0.5246446,0.5997269,0.758,0.4658445,0.3967468,0.545,0.4956797,0.2391235,0.167,0.6112552,0.8129959,0.324,0.4897058,0.2470274,0.119,0.2589427,0.3192543,0.102,0.2582277,0.3498305,0.227,1.228865,0.8770751,1.46,0.2955289,0.3122087,0.224,0.4909239,0.3176069,0.4,0.3767316,0.2579683,0.376,0.3472093,0.4336264,0.394,0.3836089,0.3083797,0.205,0.6125628,0.4039211,1.7,0.723605,0.7094166,1.68,0.4171253,0.4419902,0.219,0.3899696,0.4363279,0.238,0.3802598,0.3622324,0.503,0.7627009,0.7104545,0.198,0.6097156,0.8935383,,3.507392,2.517083,2.24,0.3197124,0.4964426,0.295,0.4611432,0.6020085,0.826,0.2085384,0.2431634,0.757,0.4457128,0.5793614,0.275,0.3052097,0.2630427,0.293,0.09531711,0.1002342,0.195,0.3379257,0.3326114,0.202,0.349107,0.3451583,0.0917,0.1753929,0.1982391,0.308,0.3902257,0.4700132,0.899,0.1760085,0.1133808,0.291,0.2708307,0.1933193,0.33,0.09217568,0.101682,0.246,0.3579539,0.3655216,0.241,0.1234561,0.1276193,0.308,0.2131691,0.161654,0.254,0.141819,0.1144973,0.179,0.1236589,0.1226409,0.244,0.1427717,0.1461304,0.405,0.1573313,0.1357102,0.209,0.1060141,0.1944625,0.34,0.4953348,0.7883717,0.922,0.1055323,0.1805276,0.0758,0.6710503,0.6493438,0.354,1.293884,0.890496,3.4,0.6890337,0.7530559,1.01,0.3350558,0.4593686,0.133,0.2045816,0.2637916,0.118,0.7305772,0.8394666,0.778,0.1955185,0.1843919,0.147,0.4665715,0.5849321,0.202,0.6176167,0.4802691,1.12,0.1921237,0.2777764,0.164,0.3658167,0.4001677,0.225,0.2443825,0.2502342,0.106,0.7235017,0.3744603,0.434,0.1651574,0.2093791,0.0857,1.942687,2.222562,1.26,0.3708864,0.3984863,0.644,0.4523656,0.5230786,0.447,0.4187031,0.4865886,0.321,0.857842,0.64337,0.541,0.3597527,0.2811471,0.147,0.3732551,0.5596897,0.579,0.8618433,0.6077893,0.524,0.985008,0.8090372,1.96,1.427941,0.9370612,0.872,0.438424,0.3258167,0.551,0.3930561,0.5617752,0.913,1.272391,0.8805885,0.542,0.7341954,1.158997,1.04,0.5320439,0.556412,1.17,0.4569367,0.3237,0.215,0.5800642,0.4174133,0.854,0.195764,0.1478606,0.267,0.2733862,0.2390105,0.825,0.4024571,0.386424,0.305,0.2735912,0.312124,0.274
0.12,0.2653385,0.2990366,0.0713,1.581258,1.409801,2.31,1.132774,0.921541,0.236,1.474886,1.892279,0.929,0.5379558,0.6661488,0.884,0.4257464,0.3761971,0.429,0.4726073,0.2258035,0.125,0.60861,1.161597,0.351,0.5582245,0.3236758,0.115,0.2791015,0.3995556,0.13,0.2821822,0.3104573,0.227,1.26538,1.090159,1.53,0.3039717,0.31407,0.227,0.6127334,0.3648766,0.326,0.386297,0.2541522,0.386,0.3492027,0.4579087,0.386,0.4813998,0.3340276,0.236,0.666968,0.4845378,1.77,0.6419072,0.9340001,1.96,0.4687846,0.5409925,0.215,0.5390791,0.4907078,0.238,0.3859511,0.4562911,0.48,0.8187455,0.8626691,0.201,0.5862275,0.9211514,,3.235815,1.802903,2.07,0.4856512,0.4805351,0.207,0.4223808,0.6471702,0.62,0.2383124,0.2361816,0.866,0.5960088,0.6654926,0.322,0.3152061,0.2474032,0.328,0.120923,0.1160539,0.215,0.2976183,0.2606393,0.264,0.3683069,0.4028773,0.119,0.164584,0.2149872,0.324,0.4456282,0.5740485,0.671,0.1686695,0.1217581,0.252,0.2588868,0.2157929,0.346,0.09299584,0.1114492,0.219,0.3639671,0.3249601,0.225,0.1313652,0.1447242,0.319,0.2156503,0.1760976,0.32,0.1490916,0.118946,0.156,0.1265159,0.1271444,0.151,0.1330862,0.1612741,0.388,0.1564216,0.1445961,0.189,0.1238518,0.1831401,0.35,0.502868,0.7234411,0.91,0.1285328,0.191358,0.0765,0.6522965,0.6382647,0.483,1.468216,1.013569,2.65,0.7494903,0.9104136,1.33,0.3218949,0.4091516,0.127,0.2264247,0.2371975,0.107,0.7768014,0.9499725,0.792,0.2166228,0.2391285,0.145,0.5029016,0.5622145,0.201,0.5399839,0.4195451,1.14,0.185913,0.2808805,0.19,0.4194417,0.3775594,0.204,0.2025118,0.2266969,0.121,0.7808658,0.4348114,0.368,0.144584,0.2035277,0.0777,2.09152,1.916217,1.17,0.5025557,0.4808132,0.738,0.4261115,0.6679205,0.464,0.4590054,0.6001486,0.384,0.948027,0.7549457,0.58,0.396915,0.2402948,0.126,0.3798647,0.5834855,0.462,0.6682951,0.5228833,0.601,0.9322646,0.8194565,1.54,1.428001,0.9438835,0.918,0.401364,0.3612266,0.421,0.5153512,0.6578597,1.02,1.539213,1.046673,0.473,0.8723759,1.255164,1.14,0.5486889,0.5695819,1.1,0.4471759,0.2978319,0.197,0.6377472,0.4586096,0.705,0.1889285,0.1516127,0.224,0.3231873,0.249569,0.889,0.3339795,0.444299,0.34,0.2488384,0.3006393,0.202
0.13,0.3103444,0.3615842,0.0683,1.180297,1.848546,2.37,1.048663,0.7453261,0.202,1.534655,1.663152,1.12,0.6534861,0.7350721,0.658,0.439003,0.4856279,0.404,0.449863,0.2329342,0.107,0.6368068,1.123885,0.362,0.5096452,0.3761265,0.104,0.3166393,0.4998638,0.133,0.3120593,0.2906107,0.192,1.037535,1.202674,1.86,0.4102092,0.3472768,0.225,0.5708264,0.4189429,0.341,0.4074951,0.2764372,0.568,0.3818005,0.4230909,0.362,0.484434,0.3435595,0.216,0.6560524,0.4890786,1.52,0.6313171,1.02347,1.51,0.5395625,0.6904276,0.221,0.6570318,0.436607,0.224,0.4727935,0.6111064,0.448,1.106156,1.244852,0.248,0.6912361,0.8323407,,3.434151,1.782979,2.54,0.4370064,0.6093355,0.203,0.3500463,0.6470523,0.789,0.2380189,0.2817702,0.675,0.8293235,0.9098433,0.363,0.2926143,0.2817904,0.403,0.139167,0.1159198,0.194,0.2941743,0.3076043,0.289,0.4928957,0.4227901,0.138,0.1742016,0.224343,0.335,0.427866,0.6482252,0.438,0.176326,0.115537,0.258,0.2452337,0.2052568,0.354,0.09527475,0.103163,0.211,0.3465778,0.3438538,0.246,0.144881,0.150346,0.336,0.1976106,0.1807388,0.342,0.1601179,0.1255535,0.157,0.1386422,0.1457688,0.157,0.1414876,0.1597935,0.361,0.1648504,0.1420099,0.216,0.1131616,0.174275,0.337,0.5931507,0.5657689,0.776,0.1310679,0.185533,0.0854,0.5186237,0.7301062,0.598,1.50092,1.075872,1.95,1.029574,0.9091393,1.13,0.2796548,0.3683396,0.121,0.2371488,0.2018992,0.128,0.8438872,0.8116193,0.801,0.228005,0.252245,0.181,0.502582,0.4596239,0.251,0.5577723,0.4448227,1.01,0.2202751,0.2998561,0.224,0.4650555,0.3178945,0.236,0.2396613,0.1965525,0.131,0.7151974,0.4690048,0.316,0.1450388,0.1750504,0.077,2.606804,1.900896,1.01,0.5104979,0.5446025,0.698,0.4343723,0.648423,0.365,0.495485,0.620416,0.418,0.6324454,0.7995442,0.437,0.4123203,0.2755179,0.172,0.3909222,0.5581362,0.528,0.6123884,0.5218143,0.514,1.001113,0.7887942,1.31,1.064297,1.129236,0.938,0.344783,0.3878455,0.555,0.7305492,0.7859814,0.982,1.894589,0.8250437,0.38,0.8166573,0.9570484,0.877,0.5392424,0.6434799,1.15,0.5185735,0.3487256,0.19,0.8833418,0.6264493,0.571,0.2119423,0.1706303,0.245,0.3396397,0.2848751,0.958,0.3413895,0.4016193,0.331,0.2946552,0.3120966,0.206
0.133,0.3046681,0.3768078,0.0717,1.166822,1.994675,2.36,0.9389744,0.7057772,0.186,1.400026,1.734695,1.16,0.6663789,0.7656467,0.662,0.4661573,0.4882527,0.388,0.4801702,0.2343447,0.107,0.6420348,1.031883,0.35,0.4396037,0.3698123,0.105,0.32192,0.481955,0.14,0.3249153,0.2858028,0.184,1.10349,1.306002,1.98,0.457074,0.3353952,0.229,0.5848519,0.441616,0.346,0.4255024,0.279083,0.62,0.3905464,0.4214109,0.37,0.425441,0.3278437,0.229,0.6557527,0.4759847,1.42,0.6481215,0.9974543,1.35,0.5144362,0.6790003,0.248,0.6825949,0.418157,0.234,0.4889097,0.6493155,0.443,1.150771,1.372703,0.256,0.6984875,0.8194946,,3.280705,1.855846,2.76,0.4348098,0.5942691,0.188,0.3504882,0.6453503,0.822,0.2319537,0.2849603,0.577,0.8502166,0.8843981,0.355,0.285169,0.2962668,0.366,0.1400996,0.1280335,0.168,0.3059947,0.3081613,0.256,0.5065559,0.4214413,0.129,0.1772732,0.2167523,0.323,0.4260192,0.6515827,0.441,0.1793807,0.119602,0.247,0.2576632,0.2039252,0.403,0.09775215,0.1077002,0.205,0.352591,0.3690972,0.239,0.136498,0.1575605,0.32,0.1937007,0.1939818,0.359,0.1627048,0.127812,0.153,0.1429968,0.148689,0.144,0.1357427,0.1512325,0.353,0.1677901,0.1462795,0.227,0.1200963,0.1658804,0.363,0.6196759,0.5485201,0.781,0.1345627,0.1830574,0.0862,0.4822023,0.7920021,0.647,1.489926,1.048946,1.67,1.135076,0.9100846,1.1,0.2747725,0.3762634,0.11,0.2373441,0.1991672,0.128,0.9019499,0.774561,0.829,0.2513151,0.2515469,0.201,0.4822779,0.4769807,0.256,0.5844191,0.4625459,0.975,0.2209589,0.3212873,0.235,0.4826716,0.3268116,0.223,0.2613492,0.1899817,0.13,0.8023362,0.4419831,0.296,0.1509735,0.166635,0.0747,2.763735,1.934289,1.16,0.4855871,0.6089686,0.661,0.4368432,0.5787902,0.362,0.478426,0.565934,0.431,0.6614061,0.8080608,0.387,0.431702,0.2894148,0.177,0.4238835,0.6062468,0.51,0.5608881,0.5099255,0.446,0.99442,0.8168836,1.28,0.9987478,1.12631,0.934,0.3409966,0.4003854,0.575,0.8118176,0.7770721,0.867,1.807775,0.7310858,0.359,0.7986161,0.8151863,0.912,0.5614203,0.6848338,1.17,0.5382231,0.3897675,0.178,0.8795616,0.6043225,0.507,0.2059301,0.1672829,0.262,0.3571723,0.2889124,0.935,0.3644252,0.3788809,0.303,0.3095574,0.3243031,0.216
0.14,0.2797929,0.4002066,0.0835,1.14335,1.910233,2.23,0.6392813,0.6418316,0.183,1.341894,1.686045,1.17,0.5727494,0.7167892,0.56,0.4924451,0.4513566,0.392,0.4020816,0.2282846,0.104,0.6269471,0.9079082,0.326,0.392396,0.3217903,0.102,0.3424596,0.3739042,0.128,0.3375418,0.2779599,0.177,1.229015,1.299441,1.77,0.5689349,0.4016582,0.208,0.6198775,0.4284973,0.321,0.4429292,0.3045977,0.622,0.3696826,0.496486,0.388,0.3617785,0.3898541,0.226,0.6257534,0.5697708,1.38,0.7900171,0.9045094,1.07,0.5148456,0.6242157,0.277,0.6873599,0.3801871,0.299,0.4492825,0.6523306,0.52,1.241235,1.404909,0.227,0.7231416,0.8682038,,3.162113,2.025627,2.96,0.390939,0.5550369,0.167,0.3494605,0.6300519,0.717,0.2001624,0.281452,0.462,0.7939992,0.8284745,0.34,0.324678,0.3185043,0.298,0.1387017,0.1388524,0.142,0.2889058,0.2969387,0.23,0.4889163,0.4388648,0.123,0.18442,0.2065379,0.322,0.4468123,0.6410781,0.557,0.1856069,0.1199673,0.263,0.2928629,0.2384256,0.512,0.1013829,0.1353632,0.19,0.3487983,0.396981,0.233,0.1205137,0.181252,0.339,0.2061976,0.2224091,0.374,0.1607982,0.1281138,0.141,0.1589148,0.1461783,0.15,0.1323074,0.1603055,0.296,0.1924591,0.149614,0.21,0.1245389,0.1815667,0.335,0.6599904,0.5711171,0.924,0.1424536,0.1932589,0.0836,0.4508319,0.9374936,0.678,1.466505,1.068925,1.89,1.246616,0.7906449,0.948,0.2815059,0.4136141,0.111,0.2279983,0.213492,0.127,0.8448191,0.8169028,0.846,0.2582746,0.2564511,0.192,0.4853622,0.5164229,0.283,0.5606394,0.4836898,0.914,0.2228044,0.3977416,0.246,0.4524943,0.3512298,0.205,0.3019599,0.2106095,0.127,0.859717,0.5273191,0.329,0.1763243,0.1708039,0.0731,3.215868,2.178497,1.31,0.5977678,0.8101248,0.728,0.4805094,0.4470325,0.323,0.4943105,0.6299211,0.476,0.7286593,0.7583218,0.346,0.550532,0.3016298,0.191,0.5729186,0.6367103,0.443,0.5005687,0.4768928,0.539,0.9393275,0.9230077,1.35,1.163297,1.103848,0.919,0.3084504,0.4101741,0.505,0.9264008,0.7604941,0.675,1.770751,0.7215316,0.306,0.7926472,0.8000595,1.01,0.596447,0.7249675,1.08,0.5838284,0.4282974,0.181,0.8384942,0.5121577,0.501,0.2040558,0.1796406,0.29,0.3696059,0.3009169,0.786,0.4068555,0.3915457,0.27,0.3670356,0.3556929,0.232
0.15,0.2809399,0.4116446,0.0709,1.241603,1.603929,2.08,0.5351848,0.6911876,0.256,1.052296,1.952322,0.929,0.424591,0.6198767,0.567,0.3908822,0.41286,0.42,0.4171848,0.2214348,0.109,0.6585486,0.9238268,0.309,0.3564555,0.333293,0.0956,0.2875013,0.3013246,0.0951,0.4095789,0.2855116,0.149,1.287225,0.975292,1.82,0.5009314,0.4680995,0.208,0.6516905,0.3829529,0.371,0.4756711,0.3712168,0.584,0.3668379,0.4882106,0.495,0.3562085,0.4692113,0.195,0.6055728,0.4659847,1.64,0.97257,0.8380005,1.01,0.4988129,0.7430782,0.296,0.5990387,0.426286,0.326,0.4045689,0.5596747,0.565,1.279706,1.299757,0.182,0.8760025,0.9599431,,3.140809,1.845295,2.72,0.3403505,0.3866798,0.192,0.4254063,0.6029215,0.555,0.1956371,0.2407168,0.459,0.7837334,0.9847533,0.327,0.3076863,0.2677568,0.277,0.159946,0.1421944,0.112,0.3046167,0.3714947,0.204,0.5475531,0.3946103,0.115,0.1906677,0.1940164,0.276,0.4784759,0.6212693,0.503,0.1637514,0.1220747,0.294,0.2646035,0.2976843,0.518,0.1134155,0.1382683,0.204,0.4140351,0.4232658,0.215,0.1451849,0.267296,0.298,0.2201139,0.2357211,0.386,0.1721857,0.1336811,0.16,0.1475736,0.1559578,0.147,0.1434857,0.1545982,0.222,0.1682633,0.1629837,0.19,0.1432454,0.2445692,0.291,0.7194045,0.6069214,0.822,0.1418737,0.2024804,0.0791,0.4612989,0.9488989,0.751,1.354153,1.120531,2.17,1.220495,1.038287,0.784,0.3207855,0.3966812,0.136,0.2248792,0.3272669,0.134,0.8118721,0.8761945,0.667,0.2337698,0.2950338,0.211,0.5076639,0.4690559,0.349,0.5320809,0.4282117,0.943,0.2551088,0.4147479,0.242,0.4309492,0.3295804,0.183,0.3039928,0.2241424,0.143,0.776397,0.5937458,0.257,0.1847062,0.1885543,0.0649,2.969616,2.686607,1.7,0.6650099,0.9490389,0.626,0.4404182,0.5425327,0.277,0.5114594,0.5995705,0.526,0.6675797,0.946519,0.334,0.5901656,0.3433297,0.17,0.5443182,0.6208955,0.435,0.4926278,0.4923088,0.514,1.110968,1.096537,1.13,1.395459,0.9589686,0.729,0.3246472,0.4158069,0.415,0.8934855,0.7748221,0.651,1.784554,0.6325004,0.35,0.7059861,0.9495105,0.801,0.5253286,0.7425403,0.999,0.5995745,0.5040299,0.207,0.697271,0.5018578,0.463,0.1969248,0.1539163,0.262,0.4190828,0.3319298,0.732,0.532231,0.3641078,0.261,0.4220512,0.4233353,0.229
0.16,0.2952438,0.4257948,0.0621,1.403059,1.775614,2.28,0.5237606,0.6500815,0.271,1.060234,2.247957,0.603,0.4431976,0.6580133,0.43,0.4108253,0.4067062,0.414,0.4290675,0.2571279,0.103,0.5641544,0.9131758,0.284,0.270671,0.2931671,0.0943,0.2753017,0.3445803,0.076,0.4428396,0.3045841,0.137,0.993732,0.7950358,1.93,0.410489,0.4588003,0.259,0.7132149,0.3710826,0.322,0.4369658,0.4179856,0.482,0.3550319,0.3783515,0.523,0.3510908,0.4741098,0.184,0.7286559,0.4656199,1.56,1.041268,0.9281756,0.786,0.4790236,0.8245492,0.266,0.6678262,0.3643321,0.298,0.488798,0.4732122,0.511,1.169997,1.488407,0.223,0.9637145,0.9534073,,2.912479,1.796391,2.49,0.3536108,0.4462987,0.166,0.4808958,0.5892099,0.57,0.2011693,0.2460248,0.411,0.9360163,1.167071,0.247,0.2684809,0.2089702,0.262,0.1579516,0.116497,0.128,0.3298481,0.3138517,0.206,0.5322344,0.3730408,0.138,0.1989366,0.1795202,0.28,0.5144058,0.5883608,0.368,0.186962,0.1475275,0.266,0.2616008,0.3272872,0.491,0.1230833,0.1619833,0.219,0.4095774,0.4823073,0.178,0.158902,0.2788826,0.284,0.2253871,0.2313613,0.357,0.1819237,0.1202385,0.153,0.1537154,0.1458874,0.121,0.1506595,0.1787719,0.219,0.1947439,0.1711514,0.174,0.1334314,0.261586,0.254,0.6050858,0.6919746,0.756,0.1419368,0.1891826,0.0765,0.6050218,1.021276,0.781,1.423196,1.255718,1.98,1.077668,1.41675,0.837,0.3354704,0.3427923,0.117,0.2870728,0.4280926,0.174,0.6918153,0.9080875,0.742,0.2533144,0.3404165,0.213,0.5690885,0.4908533,0.31,0.5121478,0.5060844,0.914,0.263985,0.3673922,0.289,0.4005907,0.341674,0.154,0.3528028,0.2711445,0.154,0.7270377,0.5243336,0.233,0.1630428,0.1969277,0.0732,1.997661,3.120218,1.33,0.6898974,0.7823849,0.459,0.527249,0.5671473,0.309,0.5403475,0.5597708,0.437,0.7430487,0.7631747,0.272,0.5166039,0.3043927,0.173,0.5538768,0.5076528,0.448,0.5207349,0.5261056,0.416,0.9846374,1.26625,1.03,1.251938,1.001308,0.644,0.4135113,0.4286221,0.474,0.7642831,0.7858019,0.613,1.314484,0.5752325,0.418,0.6709428,0.8609827,0.654,0.5769069,0.7820578,0.9,0.6567574,0.5073034,0.171,0.542219,0.529501,0.426,0.2161949,0.1516576,0.201,0.3980805,0.3192612,0.553,0.5507761,0.3885827,0.262,0.3681342,0.4024578,0.201
0.17,0.297552,0.4260752,0.066,1.401686,1.617383,2.58,0.5899021,0.6978463,0.265,1.152696,2.494429,0.596,0.5048246,0.7584403,0.415,0.4438794,0.3920238,0.409,0.426683,0.2937247,0.0975,0.50003,0.8228132,0.266,0.2059425,0.3324824,0.0972,0.2507234,0.2951108,0.0698,0.4883771,0.3458942,0.11,1.082081,0.7846218,1.53,0.4947561,0.5510611,0.253,0.8171403,0.3452116,0.306,0.416467,0.407754,0.501,0.3446482,0.3881287,0.545,0.4072733,0.6037756,0.131,0.6617615,0.5202004,1.32,1.090645,1.040602,0.657,0.5394375,0.6039548,0.263,0.716141,0.3550407,0.207,0.5843126,0.4468125,0.454,1.077254,1.680739,0.269,1.013306,0.9074431,,3.658861,2.169392,2.74,0.418646,0.3476151,0.19,0.4503205,0.5495478,0.564,0.2062165,0.2598871,0.408,0.9284202,1.124845,0.29,0.2565696,0.1983037,0.362,0.144662,0.1131551,0.138,0.3712139,0.3288883,0.206,0.5139862,0.3275087,0.132,0.2055744,0.1881739,0.229,0.4795024,0.6360732,0.453,0.2056567,0.174132,0.311,0.2838424,0.3135849,0.498,0.1435344,0.129452,0.19,0.4120874,0.4708812,0.18,0.1742751,0.2879905,0.239,0.2071162,0.2111986,0.333,0.1843864,0.1265869,0.157,0.1476528,0.1316055,0.125,0.1565157,0.1457925,0.179,0.1931606,0.1644976,0.164,0.1394623,0.2790477,0.228,0.5774027,0.7379681,0.711,0.1375099,0.2021184,0.08,0.747919,1.137881,0.691,1.809356,1.511301,2.05,1.171129,1.789451,0.784,0.3256811,0.3663995,0.136,0.2840073,0.3234163,0.208,0.9435643,0.9814032,0.754,0.2610862,0.3547827,0.221,0.6957331,0.4990021,0.265,0.5092005,0.5117665,0.911,0.2918216,0.3866177,0.309,0.4423174,0.3939036,0.152,0.3156354,0.3250903,0.135,0.718938,0.5738438,0.305,0.1730395,0.2238673,0.0831,2.237939,2.962254,1.11,0.55723,0.7773215,0.315,0.7006547,0.5875053,0.4,0.5878063,0.5859151,0.329,0.6345988,0.8802726,0.248,0.4557643,0.3379232,0.176,0.5864127,0.6123292,0.385,0.5691745,0.6129981,0.437,1.02396,1.164855,0.952,1.271405,1.223363,0.64,0.398085,0.4174469,0.559,0.6328208,0.6589266,0.54,1.627909,0.5957433,0.412,0.7738,0.7188242,0.548,0.5350935,0.7215014,0.72,0.5233878,0.4642318,0.2,0.5305818,0.4875791,0.461,0.2016092,0.1359575,0.2,0.3995512,0.3347426,0.668,0.6672336,0.3727398,0.262,0.4101825,0.41802,0.179
0.18,0.2885179,0.4222378,0.0625,1.359711,1.334985,2.86,0.5235806,0.7221071,0.237,1.172608,2.491823,0.755,0.5502224,0.7664357,0.392,0.4942918,0.4334609,0.374,0.3774356,0.3101548,0.0909,0.6625054,0.823745,0.252,0.2229108,0.3359734,0.102,0.2825521,0.242088,0.0842,0.4813581,0.357621,0.12,1.138364,0.962461,1.54,0.6448517,0.714092,0.245,0.6897048,0.3770526,0.323,0.5222296,0.4558219,0.553,0.4267882,0.4060682,0.512,0.4324472,0.738829,0.146,0.6161434,0.5800341,1.15,1.095557,0.9258153,0.695,0.5443897,0.5862666,0.258,0.7264408,0.4927057,0.198,0.6832029,0.4957812,0.437,1.016236,1.433611,0.311,0.991202,1.132535,,3.933664,2.631729,3.06,0.3405105,0.4160895,0.2,0.3768951,0.5233744,0.586,0.211325,0.2473776,0.413,0.8024492,0.8835518,0.305,0.2761004,0.1887987,0.335,0.1816937,0.1227157,0.145,0.4383848,0.4150119,0.197,0.497555,0.3242662,0.123,0.2036248,0.2005107,0.211,0.6133118,0.6150697,0.451,0.1823535,0.1438552,0.345,0.2868238,0.3290139,0.449,0.1575448,0.1250235,0.142,0.4546173,0.4572909,0.189,0.2036102,0.2513333,0.211,0.1987064,0.1863637,0.367,0.1800838,0.1302489,0.157,0.1477659,0.1349054,0.125,0.169744,0.1548972,0.149,0.2034198,0.2089489,0.178,0.1606029,0.275461,0.23,0.5502278,0.889155,0.698,0.1596428,0.2083927,0.0829,0.7770717,1.122116,0.565,2.123364,1.688638,2.13,1.460389,1.674308,0.618,0.3342544,0.4128582,0.146,0.3034823,0.279823,0.203,0.8473825,0.9738033,0.794,0.2453159,0.3140082,0.176,0.7317041,0.514213,0.271,0.5026325,0.4778802,0.943,0.3163975,0.3201091,0.29,0.4955659,0.3989605,0.175,0.3744782,0.290282,0.118,0.590668,0.6007453,0.377,0.2144764,0.2444888,0.0722,2.740721,2.874403,1.21,0.609485,0.8278728,0.332,0.7034661,0.6531602,0.451,0.7494884,0.6307439,0.227,0.7108525,1.057448,0.189,0.3695067,0.3178462,0.166,0.5343151,0.6475027,0.329,0.4992163,0.6084337,0.444,1.04789,1.127794,0.84,1.033758,1.226181,0.578,0.4430043,0.4712203,0.54,0.6701404,0.7703934,0.523,1.658963,0.5536953,0.316,0.9771809,0.7796099,0.574,0.6042255,0.7090424,0.587,0.5218784,0.4508053,0.198,0.5223625,0.4360859,0.364,0.2216358,0.1332821,0.258,0.4306352,0.3970677,0.763,0.597491,0.3700382,0.239,0.4703946,0.4732895,0.163
0.19,0.2748357,0.3870471,0.0559,1.352527,1.41961,2.78,0.528569,0.6131615,0.203,1.208299,2.290359,0.714,0.6658036,0.6348991,0.351,0.5782584,0.4421578,0.362,0.3649141,0.3167885,0.0968,0.6671316,0.8141421,0.28,0.2678835,0.2758513,0.107,0.3312488,0.301821,0.087,0.4910766,0.4570162,0.156,1.233135,0.8724703,1.58,0.71855,0.7204611,0.214,0.6638945,0.4195769,0.377,0.6027693,0.4176512,0.536,0.4779777,0.4067442,0.551,0.3347923,0.7667282,0.141,0.6106318,0.6231199,1.04,1.147531,0.7646517,0.632,0.4534625,0.5625081,0.256,0.7276971,0.5002617,0.159,0.7742888,0.5980881,0.405,0.8357685,1.437373,0.293,1.068895,1.178714,,3.445697,2.463201,3.44,0.3592234,0.3967922,0.195,0.3718868,0.5244299,0.695,0.2202266,0.2673882,0.431,0.6519495,0.8254375,0.314,0.292861,0.1870324,0.367,0.1861563,0.1160352,0.149,0.469883,0.4681343,0.185,0.3901553,0.2963769,0.135,0.1902397,0.2019016,0.222,0.6239979,0.6117451,0.451,0.1661976,0.1414924,0.308,0.2606789,0.3712619,0.328,0.1769342,0.123622,0.14,0.5395114,0.4440437,0.176,0.2333047,0.244949,0.264,0.2022991,0.2223925,0.37,0.17529,0.1192516,0.16,0.1744952,0.1437135,0.13,0.1854831,0.1923395,0.161,0.2218583,0.2183168,0.184,0.1618172,0.2765694,0.215,0.5664732,1.067078,0.607,0.1612052,0.2020578,0.0926,0.7825071,1.045718,0.464,1.930125,1.533378,1.88,1.713154,1.469348,0.639,0.3479636,0.4263768,0.145,0.3325487,0.2509862,0.192,0.7114457,0.9719534,0.764,0.2392979,0.2659199,0.147,0.8450498,0.5269911,0.258,0.5038056,0.5002304,1.01,0.3355501,0.3842474,0.29,0.5220026,0.4156699,0.165,0.4448987,0.3611327,0.128,0.5141635,0.4099563,0.403,0.209924,0.2497819,0.0805,2.860333,2.716403,0.975,0.7600935,0.9502138,0.434,0.5502943,0.730978,0.452,0.876081,0.8019166,0.2,0.7979,0.8433486,0.213,0.4727873,0.360441,0.156,0.5854952,0.7551886,0.316,0.5249149,0.6453372,0.418,1.034474,1.236174,0.645,1.090864,1.027795,0.525,0.4186278,0.5175124,0.385,0.6078815,0.6976248,0.457,1.43873,0.5275876,0.302,1.211298,0.7828637,0.617,0.6871612,0.8402033,0.37,0.5739904,0.4533585,0.265,0.5623853,0.4644361,0.295,0.2224457,0.1574163,0.249,0.4646523,0.4048142,0.66,0.4282577,0.3104285,0.239,0.6034986,0.5747659,0.16
0.2,0.2751872,0.3720147,0.0597,1.221473,1.408643,2.41,0.5714131,0.5496455,0.172,1.177373,2.346593,0.582,0.63132,0.4938253,0.264,0.5821019,0.3830577,0.339,0.3741916,0.3188431,0.107,0.5365453,0.6787655,0.24,0.2818135,0.2641397,0.129,0.3559744,0.4059127,0.108,0.4864092,0.4381661,0.183,1.327762,0.8520108,1.86,0.7894487,0.6409847,0.154,0.6368309,0.5611418,0.376,0.6216003,0.3431883,0.495,0.4397582,0.4740098,0.525,0.3960013,0.80844,0.12,0.6586398,0.8112714,0.832,1.124845,0.7616856,0.55,0.4445141,0.4286129,0.259,0.8920996,0.4792059,0.165,0.7675635,0.7522262,0.429,0.6606824,1.381639,0.267,1.040866,1.089539,,2.673582,2.303769,3.42,0.3752168,0.3646657,0.234,0.354753,0.4687841,0.741,0.2276912,0.2790735,0.373,0.6405261,0.9257682,0.308,0.3092761,0.1702662,0.354,0.1682684,0.1057788,0.173,0.4450431,0.472937,0.179,0.3773518,0.3704321,0.143,0.1895775,0.2048523,0.244,0.5264211,0.6376458,0.38,0.1909624,0.1678662,0.276,0.2869956,0.3351414,0.351,0.1707944,0.1285669,0.139,0.6226783,0.4920978,0.181,0.1932441,0.2632606,0.245,0.2250624,0.2575873,0.312,0.161764,0.1289598,0.159,0.1878494,0.1464745,0.136,0.1733351,0.1885129,0.156,0.2304936,0.2287015,0.182,0.1608808,0.2470692,0.19,0.5498925,1.259796,0.652,0.1643152,0.2258469,0.0957,0.6687316,0.9526253,0.466,1.620248,1.176486,1.88,1.633762,1.359329,0.554,0.3413676,0.4172129,0.15,0.3404998,0.2467536,0.176,0.6183452,0.9608662,0.752,0.2714304,0.2769415,0.16,1.055118,0.5927402,0.25,0.5080042,0.5489743,1.16,0.3699225,0.3579203,0.272,0.5642949,0.3900058,0.161,0.3560954,0.398514,0.13,0.5043395,0.3562762,0.347,0.2549251,0.286979,0.081,2.968338,3.262238,0.966,0.7101184,1.1253,0.4,0.52788,0.6204156,0.456,1.084227,0.9738567,0.208,0.7516722,0.6989226,0.214,0.5198889,0.3189885,0.164,0.5893443,0.6484933,0.257,0.4789585,0.7643129,0.453,1.075231,1.139099,0.545,1.268489,0.8770708,0.483,0.3684265,0.453479,0.36,0.5690808,0.5530853,0.408,1.141561,0.5808415,0.25,1.206939,0.7432743,0.518,0.6966742,0.9036989,0.365,0.6925169,0.4725662,0.268,0.5424773,0.4153065,0.326,0.2394613,0.1792773,0.24,0.4714999,0.3990188,0.646,0.3629164,0.3349087,0.3,0.5760361,0.57214,0.202
0.22,0.2555353,0.3122211,0.0824,1.16647,1.039058,2.19,0.5576642,0.6211671,0.116,1.08644,2.118439,0.364,0.5197552,0.4426474,0.268,0.5845658,0.4436853,0.304,0.3988862,0.334976,0.14,0.5035925,0.6020246,0.23,0.3077766,0.224536,0.122,0.5234904,0.4514922,0.125,0.4616694,0.4788497,0.162,1.32035,0.8407132,1.39,0.6289864,0.5542811,0.131,0.5843223,0.5079744,0.331,0.5866462,0.3677905,0.591,0.5624377,0.6841059,0.591,0.4948184,0.7685704,0.126,0.6629522,0.8238503,0.545,0.9087662,0.8498715,0.684,0.4329511,0.5081168,0.201,0.8164505,0.4806843,0.156,0.5093495,0.578299,0.375,0.5705456,1.064538,0.205,0.9289199,1.090739,,3.080767,2.09816,3.84,0.4319154,0.3105786,0.185,0.3533189,0.4400767,0.644,0.2583334,0.2887089,0.416,0.5388402,0.7827436,0.242,0.3892633,0.1859025,0.383,0.146668,0.1140576,0.252,0.4174576,0.4501717,0.152,0.4161613,0.4540978,0.136,0.2194865,0.2714231,0.232,0.5178277,0.7086286,0.366,0.2535121,0.1883097,0.229,0.2982457,0.4111296,0.259,0.1551545,0.1377569,0.139,0.8340307,0.4742524,0.151,0.1942207,0.2396039,0.174,0.2322608,0.2328059,0.241,0.1614742,0.1254715,0.151,0.1855829,0.1391123,0.134,0.1614043,0.1817645,0.181,0.2634864,0.2173003,0.172,0.148915,0.2416543,0.23,0.7307563,1.463326,0.719,0.1528059,0.2488013,0.0872,0.6714837,0.6472443,0.326,1.403,1.634384,2.81,2.005913,1.684464,0.3,0.3773557,0.4388888,0.198,0.3828599,0.3325186,0.157,0.5696021,0.8641328,0.585,0.3485181,0.2977197,0.179,1.12292,0.7950225,0.249,0.4965114,0.4956625,0.998,0.4157251,0.3070525,0.198,0.4910559,0.4918837,0.134,0.3054469,0.4334646,0.172,0.4533809,0.3560991,0.244,0.330219,0.3321861,0.084,3.400182,2.985325,0.806,0.4750886,1.113492,0.272,0.490349,0.5090796,0.326,1.189675,0.8992834,0.238,0.7824427,0.6982852,0.196,0.4248204,0.2764336,0.153,0.6128166,0.5379561,0.231,0.4700622,0.6915883,0.315,1.025592,0.7086614,0.417,1.015391,1.078674,0.572,0.40401,0.3452576,0.355,0.5983739,0.4743777,0.307,0.6493434,0.4376242,0.331,0.8392437,0.8266714,0.413,0.629428,0.8067989,0.321,0.7129195,0.4563093,0.231,0.5317802,0.6051351,0.309,0.2786503,0.1736509,0.224,0.49211,0.3634323,0.551,0.3561354,0.400526,0.272,0.6439621,0.5025955,0.158
0.24,0.2827834,0.2937903,0.0923,1.018207,1.015275,1.69,0.6671051,0.6583389,0.128,1.025269,2.183409,0.302,0.6789589,0.4218127,0.309,0.8033191,0.4246,0.225,0.4633191,0.3632206,0.146,0.4415974,0.5968106,0.207,0.2541138,0.2880097,0.0935,0.4229118,0.4317044,0.085,0.5372012,0.487828,0.174,1.478915,0.8568368,0.818,0.4822964,0.3107185,0.197,0.749328,0.4763492,0.272,0.5799919,0.5117186,0.585,0.6529688,0.6853189,0.457,0.4710826,0.6654701,0.109,0.9501373,0.9068339,0.519,0.6840279,0.9387662,0.628,0.4632175,0.4173236,0.241,0.899838,0.5874124,0.191,0.4835649,0.6314246,0.439,0.713582,0.7838371,0.212,1.003496,0.9531131,,2.677124,1.738943,3.89,0.4622751,0.3169414,0.173,0.3644376,0.4135884,0.52,0.3053909,0.3280157,0.425,0.6257365,0.7988473,0.332,0.3274204,0.1708878,0.451,0.1780059,0.160805,0.271,0.5502362,0.3534259,0.146,0.4097085,0.4369303,0.12,0.2434322,0.3170423,0.263,0.5079309,0.7599466,0.418,0.246437,0.1502613,0.179,0.3444766,0.4374451,0.211,0.1580256,0.1206241,0.154,0.6789291,0.5285526,0.138,0.1854191,0.2531299,0.207,0.2369629,0.2401363,0.222,0.1743657,0.1229095,0.128,0.1820946,0.1610093,0.21,0.1751921,0.1845948,0.187,0.2625821,0.2568348,0.148,0.145454,0.2689904,0.226,0.8784899,1.317033,0.41,0.1724792,0.2714151,0.087,0.8010855,0.528433,0.276,1.542913,1.944548,2.78,1.738912,1.576229,0.276,0.3891461,0.4205458,0.134,0.3952439,0.280877,0.125,0.5923419,0.9506008,0.439,0.4172096,0.3877244,0.264,1.125225,0.8854584,0.254,0.4858983,0.4748136,1,0.4148928,0.3891514,0.188,0.452087,0.5375726,0.138,0.3535214,0.4035986,0.187,0.3654454,0.3771223,0.199,0.4684619,0.3960661,0.0896,3.312203,3.315997,0.746,0.4562047,0.8161187,0.242,0.4764495,0.492305,0.42,0.9981719,1.002558,0.161,0.6257736,0.6474969,0.166,0.4868236,0.2492955,0.136,0.592338,0.5792751,0.253,0.5540895,0.63205,0.331,1.289852,0.9200789,0.414,0.9118258,0.9692471,0.41,0.4519389,0.3529705,0.376,0.4967807,0.4963455,0.32,0.7388133,0.5267059,0.404,0.9090651,0.7798464,0.393,0.5841252,0.6663594,0.333,0.6502771,0.3981989,0.231,0.4869398,0.6597223,0.271,0.2764538,0.1275738,0.267,0.4551924,0.3233864,0.473,0.2824421,0.3459498,0.207,0.6346983,0.4035227,0.186
0.25,0.3178752,0.2664791,0.0797,1.02365,1.074053,1.4,0.7103017,0.7081269,0.124,1.012364,2.080237,0.319,0.7464375,0.4721815,0.323,0.8378717,0.4295568,0.218,0.4375623,0.3696303,0.141,0.4184574,0.6750799,0.209,0.3052436,0.286077,0.0923,0.3381227,0.3569579,0.07,0.628041,0.4785444,0.157,1.513371,0.7665799,0.657,0.4777736,0.2827632,0.195,0.7502525,0.523428,0.307,0.5137512,0.5478477,0.558,0.607463,0.6756836,0.398,0.4291475,0.6098736,0.0942,0.9060124,0.8396411,0.518,0.8060557,0.9753384,0.511,0.5178422,0.447035,0.263,0.8679996,0.4734606,0.178,0.5367786,0.6844106,0.494,0.5917352,0.8065889,0.199,0.96377,0.9643665,,2.387312,2.056398,3.71,0.4234776,0.3511554,0.162,0.3899324,0.4354911,0.614,0.3357172,0.3583107,0.363,0.552516,0.7859123,0.337,0.3482622,0.1632168,0.536,0.1882998,0.192456,0.312,0.5158978,0.3453032,0.157,0.4103521,0.4099191,0.0942,0.2669307,0.3323385,0.234,0.5742294,0.9811668,0.447,0.2033502,0.1587127,0.191,0.3472868,0.4035972,0.182,0.1427432,0.1111957,0.144,0.5986152,0.5234535,0.131,0.1665725,0.2224392,0.19,0.2591675,0.2461203,0.255,0.1812379,0.127929,0.13,0.1894263,0.1704057,0.187,0.1785293,0.2019111,0.183,0.2770076,0.259694,0.138,0.1739438,0.2385722,0.236,0.8775867,1.161296,0.446,0.18415,0.2653283,0.0875,0.8985488,0.55261,0.264,1.719894,1.956379,2.54,1.424178,1.445244,0.293,0.3979394,0.4204728,0.135,0.4861282,0.3308404,0.126,0.5305979,1.052147,0.401,0.4528035,0.3975458,0.269,1.039217,0.8550349,0.214,0.4743075,0.5288033,0.843,0.364574,0.3620895,0.182,0.4398642,0.4991121,0.122,0.3523861,0.3373573,0.164,0.391815,0.3502696,0.169,0.5215476,0.3531888,0.0969,3.209404,3.998635,0.838,0.4000464,0.7584742,0.203,0.4686711,0.43457,0.474,0.9402503,1.075794,0.149,0.6261097,0.5446633,0.185,0.3789332,0.2789175,0.144,0.4761225,0.571899,0.25,0.5488927,0.6519309,0.33,1.308829,1.064122,0.412,1.19156,0.9955566,0.414,0.4900774,0.4623021,0.382,0.5158075,0.5735058,0.295,0.8068541,0.5422274,0.4,0.8584763,0.8054025,0.343,0.628254,0.5543493,0.312,0.6721042,0.3807363,0.228,0.5560693,0.5389402,0.262,0.269894,0.1280586,0.253,0.4531014,0.3938227,0.453,0.3389446,0.380216,0.188,0.5995482,0.3826993,0.176
0.26,0.3283854,0.2627971,0.0663,1.16372,1.096407,1.24,0.7046951,0.71118,0.0996,0.9448167,1.864261,0.335,0.7673788,0.4803851,0.288,0.8277735,0.4868893,0.211,0.3955692,0.368526,0.135,0.5274673,0.7260092,0.206,0.3520723,0.2901797,0.0986,0.296373,0.3245412,0.0632,0.7255982,0.4226473,0.147,1.737178,0.6819535,0.594,0.432744,0.3030044,0.163,0.7287936,0.4997692,0.296,0.5494239,0.5787738,0.583,0.5554838,0.6751527,0.339,0.431128,0.638106,0.107,0.8431118,0.7245154,0.442,0.9446602,1.031672,0.389,0.6124722,0.4496641,0.254,0.8166826,0.3637565,0.162,0.5730356,0.6756043,0.466,0.639865,0.9139008,0.188,0.8888462,0.9658148,,2.610411,2.110793,3.16,0.4821469,0.3675167,0.153,0.4693401,0.415983,0.696,0.3650604,0.4140396,0.363,0.4334574,0.8575485,0.322,0.3429777,0.1611215,0.584,0.1918036,0.2085422,0.291,0.4186719,0.3016986,0.149,0.4354984,0.3950045,0.101,0.2897656,0.3375972,0.204,0.6627756,1.1451,0.413,0.1664494,0.1579496,0.242,0.34507,0.3523378,0.179,0.1686298,0.113376,0.139,0.5096667,0.5357431,0.15,0.1656885,0.1982456,0.181,0.249084,0.2439855,0.27,0.1670698,0.1283569,0.152,0.1748371,0.1753892,0.167,0.1733571,0.1957846,0.164,0.2513866,0.2826196,0.133,0.1630253,0.2538317,0.233,0.8627798,0.9898135,0.4,0.1911961,0.2832989,0.103,0.97447,0.5801343,0.255,1.819722,1.854754,2.54,1.166299,1.291887,0.271,0.3934564,0.4354934,0.134,0.5654682,0.2994106,0.107,0.5453744,1.165312,0.442,0.4688284,0.4109527,0.235,0.9022692,0.7993762,0.221,0.4717599,0.5012951,0.764,0.3463878,0.3458306,0.177,0.4121582,0.432738,0.125,0.3194049,0.308599,0.145,0.4030991,0.3565779,0.155,0.5443131,0.3632083,0.0915,2.867315,4.86766,0.841,0.4078963,0.8200464,0.188,0.446171,0.458388,0.505,0.7497305,0.9569428,0.17,0.7236292,0.5342928,0.21,0.3394232,0.3080397,0.131,0.4723747,0.511521,0.236,0.5441172,0.6853655,0.346,1.236907,1.209778,0.403,1.310182,1.062974,0.398,0.4780022,0.471936,0.414,0.5189956,0.5879588,0.278,0.9638504,0.5407615,0.356,1.008715,0.7631063,0.263,0.6173172,0.5716445,0.373,0.7931396,0.4102619,0.189,0.6155199,0.4896464,0.219,0.2924529,0.1337913,0.274,0.4555215,0.4373556,0.428,0.3805093,0.4159061,0.169,0.5038644,0.3556747,0.153
0.28,0.3690825,0.2168009,0.0594,1.477469,1.016269,1.53,0.805688,0.8031452,0.112,0.954073,1.812528,0.295,0.6609285,0.4639869,0.223,0.7297084,0.5413961,0.19,0.3904444,0.3664201,0.113,0.5645053,0.6392941,0.209,0.3400477,0.25898,0.107,0.2769553,0.392114,0.0659,0.6449235,0.4552241,0.142,2.124604,0.7737821,0.625,0.294289,0.2940651,0.168,0.8244379,0.4437535,0.26,0.6804432,0.4989262,0.406,0.4742162,0.6590456,0.24,0.5039418,0.6285432,0.113,0.8597231,0.6787175,0.56,1.318735,0.7926527,0.313,0.7824696,0.5973398,0.249,0.6950064,0.4143751,0.147,0.482399,0.6121827,0.355,0.7077243,1.023715,0.277,0.8782154,1.011001,,2.71221,2.33836,2.12,0.441972,0.3100268,0.133,0.507427,0.5086215,0.639,0.3659633,0.4641042,0.378,0.6604994,0.8900516,0.247,0.3484034,0.1855529,0.47,0.1818066,0.2479512,0.208,0.4932647,0.298284,0.132,0.4038331,0.3903602,0.124,0.3028739,0.2579562,0.147,0.6831746,1.32866,0.324,0.1908988,0.1861171,0.265,0.2974018,0.3729845,0.156,0.2008234,0.1283253,0.135,0.5656019,0.5854994,0.152,0.1629102,0.2498185,0.185,0.2839199,0.2658375,0.246,0.1825085,0.1674915,0.195,0.1777663,0.1991026,0.179,0.1825074,0.2168715,0.145,0.2755674,0.3224614,0.151,0.1740268,0.2811414,0.195,1.075699,1.044671,0.354,0.1994198,0.324181,0.101,1.072112,0.5788302,0.233,1.941564,1.956877,2.32,0.9619339,1.036103,0.284,0.3718558,0.4276143,0.134,0.7225029,0.2960185,0.102,0.564264,1.209836,0.506,0.4677724,0.4416284,0.144,0.6532117,0.80315,0.198,0.5685197,0.4418798,0.926,0.2748041,0.3406427,0.164,0.3534926,0.3433979,0.123,0.3071764,0.3034792,0.135,0.4094036,0.3722394,0.175,0.4804138,0.3831426,0.0835,1.931294,4.93731,0.734,0.3961703,0.8794734,0.202,0.4649878,0.4136224,0.455,0.6690413,0.6236735,0.247,0.9175028,0.5427572,0.223,0.3627948,0.359906,0.12,0.5199578,0.6159028,0.215,0.5299462,0.6879389,0.327,1.124607,1.070253,0.348,1.210734,1.027764,0.382,0.4740846,0.4533269,0.392,0.486837,0.8055517,0.212,1.111584,0.6932476,0.325,1.234965,0.9437955,0.307,0.6128389,0.5486549,0.339,0.5781943,0.3430637,0.147,0.6614161,0.6496114,0.191,0.348,0.133605,0.273,0.5107723,0.461621,0.398,0.3636542,0.4619703,0.186,0.439653,0.3669839,0.124
0.29,0.3669381,0.2163525,0.0638,1.428045,0.9756062,1.65,0.7781705,0.8677939,0.114,1.052335,2.043232,0.293,0.6145648,0.4882661,0.212,0.6404578,0.5066097,0.185,0.3874579,0.3616367,0.099,0.5260823,0.7161164,0.235,0.3236842,0.2704572,0.0934,0.3001347,0.4314453,0.0735,0.5809693,0.4254831,0.137,1.817201,0.7180409,0.59,0.3255014,0.3376536,0.169,0.8857335,0.443077,0.254,0.7617763,0.444711,0.325,0.4667971,0.6801274,0.218,0.5030273,0.6048386,0.106,0.8227584,0.6124257,0.555,1.259607,0.7136148,0.348,0.7466899,0.5416505,0.239,0.6557053,0.4542093,0.141,0.4511836,0.5832388,0.295,0.7565063,1.07299,0.279,0.9515715,1.165738,,2.897604,2.211322,1.96,0.3637996,0.3169928,0.121,0.5496007,0.5078651,0.641,0.3639657,0.4448551,0.37,0.683419,0.8511112,0.252,0.3382661,0.192602,0.37,0.1760696,0.2409028,0.207,0.5463419,0.3203414,0.141,0.4056007,0.4291669,0.127,0.3046695,0.2506669,0.141,0.6708254,1.335301,0.277,0.2006063,0.203894,0.259,0.2671003,0.3769205,0.179,0.2178985,0.1329006,0.124,0.6192597,0.5883218,0.138,0.1701199,0.2430362,0.185,0.3162501,0.2869457,0.261,0.1973033,0.1763141,0.186,0.1726106,0.2117252,0.181,0.1756795,0.2420947,0.144,0.2719421,0.3031484,0.146,0.1648699,0.2690115,0.164,1.158196,1.057442,0.396,0.2229116,0.3190764,0.0946,1.126388,0.569719,0.221,1.814271,1.935705,2.02,0.9569485,1.082635,0.296,0.372778,0.4034952,0.118,0.7154402,0.2636869,0.101,0.6039397,1.290333,0.534,0.4220726,0.4694446,0.134,0.5907682,0.7808502,0.205,0.562349,0.4958259,0.996,0.2480575,0.3092625,0.155,0.3519853,0.3364753,0.127,0.2894559,0.2962996,0.123,0.3707234,0.3683052,0.181,0.4566559,0.4335251,0.0749,1.711592,3.97804,0.708,0.3947959,0.8265408,0.201,0.4668284,0.438906,0.427,0.7294065,0.6144083,0.243,0.9605153,0.5588815,0.248,0.3225625,0.3448206,0.123,0.5008774,0.6762808,0.186,0.4868855,0.669679,0.27,1.064534,0.973326,0.341,1.184963,1.011374,0.356,0.4496239,0.4490582,0.366,0.462965,0.9064179,0.195,1.027062,0.7154133,0.316,1.184698,0.9647952,0.304,0.6641484,0.6216174,0.276,0.5072203,0.3997363,0.156,0.5873268,0.6393692,0.18,0.3341198,0.1341968,0.258,0.6084272,0.464045,0.351,0.3032759,0.4233025,0.209,0.3721685,0.3812331,0.11
0.3,0.3630654,0.2388691,0.0699,1.473226,0.9047332,1.76,0.6948028,0.8255394,0.129,1.168185,2.182795,0.325,0.5926439,0.5235591,0.222,0.554715,0.4465452,0.167,0.3869703,0.3540532,0.0928,0.5824594,0.7448713,0.236,0.2962323,0.2754871,0.0909,0.2995729,0.4391508,0.0757,0.5531454,0.3780079,0.124,1.71321,0.7885308,0.591,0.3302054,0.3424797,0.174,0.9387047,0.4409325,0.246,0.8398072,0.4458127,0.325,0.5095776,0.7204243,0.2,0.4473567,0.6046932,0.0981,0.803867,0.6433745,0.546,1.059744,0.7715579,0.382,0.6678445,0.4288239,0.211,0.591624,0.416866,0.126,0.4937415,0.5300369,0.246,0.7920695,1.159186,0.251,0.9893269,1.290802,,3.554434,2.429314,1.82,0.3613617,0.3255264,0.109,0.6135586,0.5365219,0.58,0.3735279,0.4235708,0.355,0.6114587,0.8209511,0.236,0.3076204,0.2082884,0.329,0.1822586,0.2213896,0.206,0.5642421,0.3686123,0.128,0.4179361,0.4891113,0.124,0.3039553,0.2372698,0.132,0.6652616,1.264908,0.293,0.2271427,0.2135763,0.264,0.2638557,0.3538401,0.185,0.2370913,0.1439631,0.126,0.5891025,0.5707247,0.128,0.1591909,0.2292651,0.19,0.3035341,0.3051189,0.302,0.2112977,0.1775433,0.178,0.1778668,0.204503,0.161,0.1771145,0.2608145,0.142,0.2766106,0.2614932,0.131,0.1757727,0.2434264,0.175,1.249156,1.077165,0.396,0.2217835,0.3048587,0.0925,1.140164,0.5415379,0.216,1.739244,1.883107,2.04,1.007463,1.347894,0.323,0.363621,0.4126661,0.103,0.6449318,0.265183,0.0972,0.5890087,1.28918,0.589,0.3518017,0.4724626,0.136,0.6202365,0.7772252,0.198,0.5268683,0.549316,1.05,0.218966,0.2881819,0.145,0.3482156,0.3571257,0.119,0.2529316,0.2919102,0.106,0.3609526,0.3648917,0.173,0.4410372,0.4665508,0.0779,1.702602,3.117059,0.821,0.4280528,0.8047712,0.182,0.4118021,0.4863707,0.35,0.8300714,0.5922334,0.243,0.977074,0.5871767,0.228,0.3439799,0.3395552,0.132,0.4864002,0.6521158,0.176,0.5307597,0.6774289,0.236,1.075957,0.9435329,0.323,1.271813,1.14098,0.288,0.4567336,0.4305996,0.318,0.4753409,0.9170448,0.194,0.8693148,0.6771076,0.267,1.128507,0.8699717,0.277,0.6509445,0.7373653,0.217,0.5236523,0.3963488,0.146,0.5718469,0.5752539,0.175,0.3079268,0.1221959,0.234,0.6325238,0.5172134,0.314,0.291357,0.3856881,0.227,0.35357,0.3413097,0.101
0.32,0.3465005,0.2799761,0.0653,1.406377,1.105362,1.52,0.6326787,0.5655391,0.0952,1.238052,2.19986,0.345,0.6743479,0.6654462,0.211,0.4650906,0.4602195,0.159,0.3780282,0.3381573,0.0819,0.6167948,0.7685812,0.265,0.2624335,0.1991622,0.104,0.2275096,0.3524923,0.0667,0.5207908,0.3545903,0.117,1.781335,0.9072605,0.515,0.3797196,0.4188518,0.17,1.042974,0.5103812,0.238,0.8911219,0.4191417,0.383,0.5502359,0.7679521,0.169,0.2873869,0.575319,0.0998,0.8110323,0.8676608,0.52,0.7355379,0.9667577,0.385,0.5354323,0.3850087,0.218,0.6035051,0.450714,0.168,0.4477951,0.5018815,0.216,0.8047764,1.287153,0.229,1.187887,1.516489,,4.88547,2.708031,1.55,0.4328221,0.3634789,0.109,0.6829627,0.5356616,0.599,0.4183454,0.3641884,0.246,0.4584107,0.9112105,0.23,0.3115692,0.2498799,0.249,0.2047663,0.1902593,0.149,0.4527171,0.4061991,0.138,0.4989274,0.4441616,0.0941,0.304363,0.2388252,0.132,0.7874257,1.038093,0.341,0.2421416,0.1813178,0.189,0.2967308,0.3229492,0.156,0.189911,0.1500723,0.142,0.4997802,0.4371684,0.117,0.134723,0.1912535,0.177,0.3014542,0.3525394,0.267,0.2481912,0.1926603,0.155,0.2076351,0.1907405,0.15,0.2086056,0.2895769,0.154,0.2855903,0.2281068,0.127,0.1726168,0.1879378,0.167,1.256045,1.209508,0.371,0.2553577,0.2664115,0.0823,1.029546,0.5039078,0.202,1.984679,1.852065,2.14,1.307656,1.567139,0.255,0.3556062,0.4592415,0.111,0.4598201,0.2448595,0.0972,0.6065632,1.129727,0.619,0.2733277,0.3790473,0.127,0.5838729,0.8226428,0.195,0.5172086,0.5577695,1.15,0.2523741,0.2573497,0.127,0.3033618,0.3680314,0.0902,0.2816791,0.3290583,0.076,0.3202032,0.4387219,0.139,0.3767961,0.4397767,0.0834,1.606157,2.809139,0.938,0.5036584,0.7411503,0.149,0.3428265,0.4524666,0.322,1.017041,0.524655,0.208,0.8775705,0.5232241,0.21,0.4197806,0.3539363,0.145,0.4448179,0.4687511,0.182,0.6396147,0.7821023,0.218,1.125806,1.035427,0.316,1.372944,1.38498,0.289,0.4326229,0.3592298,0.263,0.530192,0.7756482,0.206,0.811781,0.6743897,0.236,1.090415,0.7508361,0.248,0.5896914,0.8352783,0.254,0.5089217,0.3837492,0.168,0.5726102,0.5105636,0.16,0.2708872,0.1258745,0.181,0.54084,0.5735928,0.25,0.3116522,0.2982001,0.17,0.4621629,0.5044277,0.0993
0.34,0.3597489,0.3112031,0.068,1.322165,1.121291,1.12,0.7548146,0.4742225,0.0735,1.227498,2.272254,0.371,0.7838066,0.5680344,0.195,0.4025137,0.4129446,0.183,0.3644432,0.3211713,0.0754,0.6075331,0.6101882,0.247,0.233171,0.1911314,0.0822,0.204649,0.2909854,0.0733,0.4927188,0.3307945,0.114,1.945945,1.051291,0.596,0.428075,0.5093142,0.149,1.128615,0.550893,0.229,0.7927577,0.4255636,0.322,0.6639621,0.8524785,0.161,0.2716044,0.5080889,0.107,0.8580246,0.8505693,0.412,0.6421095,0.9693488,0.358,0.5069146,0.278424,0.221,0.6632578,0.5417793,0.183,0.4601509,0.4877552,0.236,0.8396565,1.23778,0.259,1.266701,1.399219,,4.856284,2.467335,1.59,0.423715,0.4211996,0.113,0.7563273,0.5447055,0.587,0.4665955,0.3095239,0.189,0.5582145,0.9491957,0.19,0.3290612,0.3179709,0.197,0.2354865,0.1727708,0.154,0.4059558,0.4089209,0.154,0.5796092,0.4736222,0.0938,0.3335356,0.2553163,0.137,0.9207405,1.157407,0.343,0.30231,0.2244073,0.129,0.3279974,0.3453084,0.133,0.1559624,0.1476597,0.121,0.4545142,0.3850783,0.104,0.1532618,0.1803168,0.173,0.3745199,0.4198944,0.244,0.2191603,0.2123788,0.14,0.2433796,0.2316926,0.165,0.1965597,0.2568029,0.123,0.3051235,0.2383486,0.127,0.1641637,0.1759066,0.187,1.359266,1.375709,0.415,0.2705904,0.3174105,0.0728,0.8346282,0.5019192,0.176,1.99867,2.046151,2.45,1.033408,1.201761,0.233,0.3585731,0.5100392,0.0956,0.3520184,0.2721409,0.0865,0.65964,1.104416,0.508,0.287733,0.3165565,0.141,0.5201858,0.8729737,0.166,0.5910868,0.647781,1.04,0.3288004,0.2552638,0.118,0.2775245,0.354289,0.098,0.3199686,0.3158749,0.0705,0.3494208,0.5120622,0.142,0.3094855,0.4196274,0.0847,1.626103,3.001024,0.976,0.6947697,0.7393997,0.144,0.3837294,0.4245505,0.327,0.9633179,0.5197129,0.171,0.8182888,0.4125894,0.221,0.441884,0.3366311,0.131,0.4416695,0.4850257,0.196,0.6080908,0.6674504,0.219,1.200529,1.095537,0.333,1.152195,1.459905,0.28,0.4571463,0.3197675,0.284,0.5638149,0.5867907,0.211,0.6919793,0.524356,0.219,1.050459,0.72548,0.248,0.4573327,0.6926926,0.233,0.4981558,0.4077515,0.141,0.5571734,0.3565192,0.188,0.2301829,0.1181344,0.189,0.4805825,0.531166,0.212,0.3076519,0.3469099,0.119,0.471481,0.4806802,0.0977
0.35,0.3949098,0.3075376,0.0723,1.354649,1.145513,1.15,0.7783684,0.4181111,0.0624,1.123522,2.425153,0.359,0.8359772,0.5200434,0.169,0.4619328,0.4308593,0.193,0.3555861,0.3126642,0.0903,0.5636469,0.5527003,0.236,0.230061,0.1730236,0.0636,0.2178663,0.2896328,0.0717,0.5822017,0.3214599,0.111,1.903104,1.132357,0.587,0.4594327,0.5100702,0.129,1.152746,0.55546,0.227,0.7248515,0.3890721,0.315,0.6790808,0.906543,0.158,0.2611482,0.5252506,0.116,0.8376779,0.7783447,0.407,0.6724561,0.9080054,0.323,0.4532939,0.265692,0.209,0.5638077,0.5816233,0.168,0.5434053,0.4239505,0.246,0.8993545,1.174795,0.271,1.144601,1.364608,,4.448292,2.396581,1.6,0.4319377,0.4171951,0.105,0.7235263,0.5958267,0.564,0.480578,0.3024705,0.162,0.5569992,0.9068979,0.197,0.341808,0.3394572,0.159,0.2395307,0.1566282,0.168,0.3698027,0.3846486,0.147,0.5554358,0.5055096,0.092,0.3497324,0.2772586,0.149,0.9656305,1.25987,0.354,0.3012313,0.23734,0.129,0.3310151,0.353736,0.133,0.1818661,0.1478728,0.115,0.4163944,0.377603,0.109,0.1585869,0.1804581,0.164,0.3878131,0.4705737,0.25,0.2175872,0.2221914,0.154,0.2357661,0.2589133,0.163,0.2048095,0.2732561,0.131,0.3203452,0.2497777,0.131,0.170262,0.1702684,0.178,1.439636,1.387897,0.413,0.2550472,0.312848,0.0744,0.7350348,0.481556,0.154,2.03913,2.030293,2.49,1.090537,1.091522,0.222,0.3219723,0.5175661,0.0889,0.290537,0.2824678,0.0741,0.6389763,1.185503,0.415,0.3046112,0.314734,0.138,0.504836,0.8656556,0.172,0.6046546,0.6939178,0.921,0.3423303,0.2301311,0.103,0.2810258,0.3535669,0.104,0.3208876,0.3380968,0.0642,0.3645993,0.4833569,0.152,0.26994,0.4443459,0.0856,1.449361,2.692112,0.938,0.7501224,0.7506753,0.152,0.3800155,0.463779,0.316,0.9450605,0.5585405,0.178,0.7481554,0.3947015,0.198,0.4600544,0.3326916,0.133,0.4231158,0.5028448,0.215,0.5246434,0.6095057,0.224,1.076447,1.069909,0.319,1.05504,1.540132,0.278,0.4618333,0.3238324,0.287,0.5306311,0.4856461,0.165,0.6592303,0.4560862,0.208,0.9591379,0.7507451,0.235,0.4400995,0.6948729,0.232,0.4963999,0.4891208,0.125,0.5787029,0.3622327,0.164,0.2232678,0.1262943,0.184,0.4728165,0.5086177,0.213,0.298637,0.3861961,0.117,0.4108437,0.5229195,0.106
0.36,0.4287867,0.2960717,0.0763,1.32553,1.295966,1.23,0.7642344,0.3777426,0.0607,1.147016,2.502807,0.322,0.8624309,0.4669029,0.153,0.5138528,0.4696094,0.199,0.3465161,0.303082,0.0945,0.5121779,0.4913605,0.226,0.2133249,0.1633815,0.0534,0.2278209,0.2868585,0.0626,0.6477699,0.3184061,0.115,1.946725,1.152761,0.583,0.5027806,0.5485055,0.143,1.162111,0.548234,0.221,0.6879412,0.4061787,0.346,0.6698633,0.9237797,0.172,0.2716017,0.5567786,0.114,0.7535062,0.6857057,0.411,0.6960586,0.8523652,0.284,0.4834407,0.2875962,0.183,0.5329693,0.5376014,0.149,0.5726331,0.4267903,0.264,0.9414816,1.117797,0.258,0.9754718,1.463653,,4.15334,2.913594,1.62,0.4747827,0.3844964,0.105,0.7056683,0.6192781,0.525,0.4834906,0.3341875,0.147,0.5665669,0.9257395,0.223,0.3495544,0.3351502,0.149,0.2378551,0.1596413,0.174,0.3573959,0.3512485,0.154,0.5266361,0.5162787,0.101,0.3512991,0.2901235,0.15,0.9977385,1.318528,0.362,0.2779649,0.2424432,0.145,0.3384177,0.3551652,0.159,0.1905229,0.1473077,0.123,0.439974,0.4057508,0.11,0.155523,0.1900684,0.174,0.3596543,0.5289478,0.273,0.2109903,0.224407,0.153,0.2323652,0.2547497,0.17,0.2096369,0.2859604,0.133,0.3589862,0.2544216,0.127,0.1752598,0.1566106,0.161,1.486686,1.323252,0.412,0.2618245,0.2977632,0.0732,0.6297719,0.4477752,0.142,2.099589,2.04392,2.51,1.198714,1.029159,0.215,0.3106992,0.5063785,0.0878,0.2469502,0.2439335,0.0783,0.6104265,1.273361,0.403,0.3037171,0.3177895,0.154,0.5151528,0.8418743,0.17,0.6068761,0.7294152,0.823,0.3390116,0.1984419,0.0989,0.2913334,0.3593581,0.114,0.3295099,0.3316095,0.0526,0.3936501,0.4187754,0.158,0.2707176,0.4591751,0.0863,1.213882,2.814914,0.877,0.774765,0.7146555,0.152,0.3822894,0.4990615,0.275,0.8924832,0.5238742,0.182,0.6493465,0.3678673,0.194,0.4615144,0.3382887,0.145,0.4370606,0.519121,0.203,0.4915081,0.580611,0.238,1.018332,0.9662254,0.31,1.103038,1.694035,0.268,0.4839326,0.3429314,0.276,0.5201899,0.4603393,0.155,0.5906789,0.4230814,0.194,0.8944006,0.7607152,0.207,0.4434393,0.6984557,0.236,0.4698471,0.5584964,0.116,0.5333487,0.3409609,0.157,0.2172768,0.1400811,0.182,0.4938872,0.5070627,0.229,0.3090406,0.4030015,0.12,0.412962,0.4755234,0.103
0.38,0.4885506,0.2967925,0.0736,1.205921,1.342704,1.22,0.6605996,0.4321006,0.0522,1.379803,2.507796,0.276,0.817932,0.4043071,0.151,0.5462867,0.4722839,0.186,0.3281336,0.2844926,0.0979,0.5934771,0.4783627,0.196,0.1897944,0.1488107,0.0469,0.2749525,0.2505855,0.0607,0.5689053,0.3070163,0.129,2.011462,1.139847,0.508,0.5136366,0.61217,0.171,1.145094,0.530441,0.222,0.6612638,0.4401917,0.417,0.6304853,0.8441125,0.204,0.3162535,0.5221463,0.119,0.5895371,0.524655,0.342,0.6149474,1.025371,0.29,0.5267044,0.33086,0.18,0.5037135,0.4253746,0.145,0.5331457,0.5606087,0.214,1.011412,1.022632,0.187,0.7731094,1.573871,,3.485863,3.240394,1.54,0.5582392,0.348711,0.108,0.6250266,0.645483,0.425,0.447912,0.4066512,0.16,0.4877389,0.8560337,0.261,0.383165,0.2983885,0.153,0.2184036,0.1497486,0.131,0.3721268,0.259601,0.155,0.4660707,0.5458865,0.124,0.4112659,0.2664545,0.153,1.0722,1.320403,0.333,0.2688451,0.2624668,0.165,0.3111074,0.3009502,0.159,0.1679744,0.1359264,0.131,0.5092049,0.4527427,0.115,0.1370169,0.1870317,0.184,0.3202123,0.5881609,0.312,0.207722,0.2273956,0.14,0.2242774,0.2047853,0.185,0.2070796,0.2386455,0.132,0.3981695,0.2562388,0.109,0.1576575,0.147713,0.159,1.511646,1.231217,0.352,0.2638499,0.3135855,0.0741,0.4402307,0.3621207,0.117,2.133378,1.995453,2.49,1.2404,0.8417313,0.202,0.3567493,0.5527645,0.081,0.241801,0.2247508,0.0806,0.6466907,1.223311,0.45,0.2813694,0.3210922,0.144,0.6954041,0.7447816,0.125,0.6277435,0.7948378,0.697,0.3249523,0.1802625,0.102,0.3213018,0.407968,0.111,0.321109,0.3579987,0.0444,0.4324844,0.3867949,0.154,0.2887137,0.4759794,0.0812,1.108115,2.401015,0.658,0.7030005,0.7626689,0.14,0.4221016,0.5397558,0.261,0.5991057,0.3991229,0.154,0.5279268,0.3377659,0.207,0.5780888,0.4357675,0.168,0.4492,0.4764677,0.165,0.5764895,0.708357,0.227,0.9880382,0.8326951,0.335,1.042953,1.560341,0.228,0.5015513,0.3208593,0.249,0.4978969,0.4110568,0.132,0.7176509,0.5051007,0.174,0.8397347,0.770802,0.184,0.4613774,0.6400091,0.191,0.4319936,0.5791629,0.121,0.3821345,0.3740642,0.169,0.2278707,0.1333306,0.197,0.4587078,0.5346935,0.229,0.3068635,0.3784015,0.101,0.3648163,0.4712334,0.0999
0.4,0.4797175,0.2998389,0.0693,1.125284,1.489456,0.921,0.6213343,0.5328879,0.0455,1.596713,2.358849,0.24,0.7102351,0.3201003,0.157,0.5744798,0.5304271,0.148,0.3427674,0.2669551,0.0905,0.6337049,0.5290793,0.173,0.1818477,0.1662201,0.0567,0.2764426,0.2780842,0.0531,0.4239254,0.2861903,0.128,1.82637,1.126336,0.383,0.4464239,0.5820422,0.175,1.098824,0.6469744,0.214,0.6354932,0.4257945,0.413,0.5997342,0.8093145,0.244,0.3183718,0.4492527,0.099,0.5976456,0.4733732,0.336,0.677761,1.151578,0.227,0.4976336,0.4192162,0.201,0.5208727,0.4008132,0.141,0.4754187,0.5970703,0.177,1.074955,0.9770593,0.197,0.8143525,1.633096,,3.829187,2.965548,1.42,0.5391631,0.2936685,0.0862,0.6199127,0.7517471,0.428,0.4236571,0.4325043,0.202,0.4614519,0.7330528,0.269,0.4438025,0.2939766,0.119,0.1898582,0.1745713,0.102,0.3854082,0.2875803,0.127,0.5028805,0.5503883,0.121,0.4425472,0.2651865,0.143,1.057407,1.210992,0.244,0.2811534,0.2936282,0.154,0.318486,0.2795204,0.171,0.127857,0.1478739,0.121,0.5663489,0.5279234,0.122,0.1407116,0.2013317,0.145,0.3423977,0.550873,0.296,0.216374,0.2617226,0.163,0.2313589,0.2132191,0.162,0.260628,0.2567185,0.156,0.3563741,0.2965811,0.112,0.1639769,0.1509795,0.134,1.869459,1.059736,0.284,0.2664551,0.3475896,0.0753,0.3853549,0.3233119,0.106,2.128202,2.207701,2.37,1.179449,0.7422302,0.213,0.4722137,0.5555101,0.0955,0.2447825,0.2258814,0.075,0.704887,1.06247,0.441,0.2425941,0.2795609,0.135,0.8443631,0.5661743,0.12,0.6710294,0.8518303,0.726,0.3353269,0.1788511,0.122,0.3290544,0.471203,0.0857,0.2657724,0.3858086,0.0439,0.4425642,0.3813936,0.135,0.3384677,0.5422562,0.0753,1.206155,1.90117,0.547,0.5827817,0.6644362,0.129,0.3790064,0.5538669,0.24,0.4257376,0.3402969,0.115,0.5126069,0.3919214,0.196,0.5960947,0.406089,0.153,0.4688969,0.4379796,0.155,0.6987761,0.7517931,0.242,0.9415793,0.7715695,0.296,0.8337501,1.100553,0.23,0.3815497,0.3416838,0.219,0.4608129,0.3616417,0.135,0.7119045,0.5555145,0.195,0.8046219,0.7463254,0.154,0.4650828,0.6407905,0.184,0.3890262,0.5528035,0.115,0.3216083,0.3291762,0.175,0.274459,0.1193436,0.172,0.411537,0.5832787,0.208,0.2503,0.3395983,0.122,0.3543146,0.389739,0.103
0.42,0.439897,0.2849069,0.0774,0.9666437,1.380952,0.931,0.5743679,0.5047011,0.0512,1.806661,2.115934,0.204,0.590952,0.3028418,0.149,0.5577584,0.6176428,0.126,0.3412175,0.2507022,0.0923,0.63185,0.5342442,0.152,0.2042967,0.1401582,0.0706,0.2294705,0.291186,0.0498,0.3545625,0.2654172,0.123,1.632814,1.023816,0.362,0.3682894,0.6102847,0.207,1.20778,0.7426216,0.213,0.6974581,0.4215475,0.316,0.5815368,0.8037499,0.239,0.3521315,0.4376136,0.0893,0.5730515,0.4855637,0.325,0.7165055,1.178149,0.216,0.4030381,0.4067068,0.2,0.4204146,0.4506449,0.127,0.3693669,0.5077874,0.168,1.099231,1.109325,0.19,0.8542965,1.732009,,3.071599,2.825467,1.4,0.4674936,0.2761955,0.0881,0.6361276,0.8319347,0.496,0.4246739,0.4171913,0.227,0.4175517,0.7185281,0.218,0.4403292,0.289901,0.116,0.1645179,0.1691873,0.115,0.4366764,0.2784085,0.102,0.4911305,0.5654215,0.102,0.4566455,0.3310198,0.15,0.9158703,0.9702148,0.194,0.226021,0.3241152,0.128,0.3493215,0.3133082,0.151,0.1529012,0.1657109,0.127,0.5405979,0.4953645,0.172,0.1618108,0.2088112,0.173,0.3093988,0.4891096,0.332,0.2483974,0.3058347,0.158,0.2504003,0.2160067,0.145,0.2481522,0.2301243,0.188,0.3402731,0.3179789,0.116,0.1643672,0.1668452,0.161,1.868546,0.8818612,0.249,0.3141029,0.3276232,0.076,0.3445074,0.2851845,0.0979,2.136944,2.349317,2.15,0.9901127,0.6827222,0.198,0.5528807,0.5629587,0.0996,0.232859,0.2208902,0.0623,0.7140192,0.9963304,0.437,0.2324995,0.3201514,0.145,0.8741398,0.4859802,0.134,0.6632984,0.8476376,0.771,0.3519661,0.2096528,0.147,0.2976069,0.483832,0.0876,0.2537034,0.3902814,0.0587,0.3961137,0.3476686,0.117,0.3794324,0.5816811,0.0858,1.169745,2.459501,0.476,0.448409,0.5654556,0.116,0.3256324,0.4135817,0.194,0.3170434,0.3518621,0.13,0.5751601,0.4707975,0.188,0.5715621,0.3794645,0.122,0.5657507,0.4211396,0.176,0.6670372,0.8865292,0.246,0.925033,0.6748412,0.226,0.7811309,0.9720188,0.232,0.3565684,0.3306524,0.22,0.4328794,0.2614476,0.145,0.6778886,0.6065482,0.193,0.9517453,0.6557016,0.162,0.5067966,0.5876518,0.167,0.3859546,0.5976688,0.139,0.3402142,0.3463736,0.184,0.2688239,0.1144789,0.145,0.4787974,0.5739329,0.17,0.2520065,0.2767556,0.119,0.3542744,0.2784556,0.0984
0.44,0.4038991,0.2739137,0.104,0.8670855,1.165453,0.955,0.5115822,0.5245835,0.0636,1.794651,1.69484,0.188,0.5912614,0.2969702,0.132,0.5107366,0.6650994,0.107,0.335712,0.2344821,0.0929,0.6493196,0.5959151,0.131,0.2489633,0.1302094,0.0763,0.2150714,0.2617171,0.0511,0.2892726,0.2476756,0.124,1.354378,0.9896191,0.351,0.3278725,0.5984728,0.202,1.24069,0.7282624,0.168,0.6955369,0.5085286,0.261,0.5385127,0.7932658,0.2,0.3458744,0.444233,0.0985,0.5355722,0.5404798,0.302,0.7946532,1.087787,0.207,0.3935424,0.3396958,0.211,0.3906539,0.4910071,0.134,0.345223,0.4477075,0.161,1.139099,1.232086,0.2,0.7702463,1.612991,,2.956322,2.74406,1.18,0.3781604,0.2686604,0.0904,0.8125542,1.082713,0.532,0.3641676,0.4019351,0.201,0.426499,0.7192364,0.169,0.3991865,0.3093699,0.119,0.1513453,0.1728771,0.109,0.4181639,0.2526928,0.103,0.5028327,0.5439085,0.102,0.4710978,0.3394487,0.12,0.7533877,0.7958028,0.164,0.2344309,0.3284482,0.136,0.4055281,0.3977576,0.157,0.1882436,0.1587007,0.117,0.5714653,0.4297657,0.172,0.1767011,0.1933446,0.176,0.2999888,0.5065217,0.304,0.2661618,0.2917199,0.148,0.2930727,0.2124733,0.149,0.2574745,0.2621172,0.216,0.3692493,0.2988573,0.135,0.163352,0.2153681,0.186,1.61205,0.7999641,0.244,0.3226377,0.3074569,0.0682,0.3116343,0.2703047,0.0838,2.20939,2.197982,1.9,0.7730324,0.5662463,0.183,0.5866427,0.6116794,0.0843,0.2328504,0.2109329,0.0586,0.7134998,0.876546,0.404,0.2317838,0.3375478,0.138,0.8863688,0.5083243,0.14,0.6252492,0.8250008,0.766,0.361825,0.2342381,0.148,0.3223197,0.4724967,0.0902,0.2310131,0.3120393,0.0696,0.3375903,0.3224844,0.102,0.3867839,0.532602,0.0775,1.10155,2.35342,0.418,0.3419185,0.548704,0.105,0.289086,0.3467942,0.134,0.2660593,0.4044355,0.122,0.5164999,0.4008999,0.204,0.5351118,0.4007289,0.114,0.579928,0.4344321,0.161,0.5498502,1.052733,0.192,0.9675608,0.6731266,0.224,0.8185131,1.002014,0.233,0.4106703,0.3049724,0.234,0.3772132,0.2816853,0.151,0.6673436,0.6506556,0.171,1.120774,0.8518663,0.14,0.5621607,0.6189396,0.163,0.4752175,0.6102093,0.154,0.277748,0.3314115,0.196,0.2072455,0.1234692,0.16,0.4923584,0.4888723,0.149,0.2603738,0.2400655,0.154,0.3505538,0.2505362,0.102
0.45,0.3776989,0.2822635,0.115,0.859717,1.138375,1.01,0.5276417,0.5456619,0.0704,1.686433,1.579829,0.177,0.6796947,0.3131289,0.14,0.496214,0.6863893,0.104,0.3273748,0.2258503,0.091,0.6654458,0.6063757,0.13,0.2678271,0.124171,0.0748,0.2085827,0.2589605,0.0591,0.2866234,0.2415117,0.132,1.178338,0.9308983,0.349,0.2965564,0.5674919,0.188,1.227924,0.6911783,0.163,0.7294338,0.5432032,0.252,0.4965623,0.7802805,0.191,0.3203676,0.4425351,0.114,0.5134001,0.5539934,0.328,0.8750848,0.9823785,0.209,0.3699133,0.3693851,0.212,0.3812383,0.4869465,0.131,0.3431285,0.41371,0.156,1.131071,1.248971,0.202,0.7774317,1.589503,,3.05963,2.501597,1.05,0.3555655,0.2783095,0.0862,0.9247233,1.199804,0.527,0.3538516,0.4351828,0.191,0.4555318,0.7306696,0.167,0.3979585,0.3218153,0.114,0.1620291,0.1749097,0.0932,0.3776916,0.2470783,0.112,0.5301204,0.5794864,0.0993,0.4701715,0.3337876,0.116,0.7653036,0.7977113,0.169,0.2618981,0.337913,0.136,0.4103197,0.4266098,0.155,0.1970627,0.1480787,0.116,0.6357656,0.4733416,0.159,0.1796892,0.1788002,0.168,0.2892177,0.490363,0.292,0.2679316,0.2823873,0.152,0.309908,0.2283797,0.157,0.2448964,0.2723451,0.222,0.3683405,0.3217936,0.136,0.170787,0.2221371,0.185,1.451896,0.7867274,0.239,0.3103299,0.2859119,0.0667,0.2898962,0.2646161,0.0785,2.236162,1.993057,1.82,0.7085459,0.4941279,0.164,0.5874816,0.636218,0.0854,0.2368566,0.2382099,0.0585,0.6774786,0.8210927,0.439,0.2207299,0.3274408,0.123,0.8642814,0.4986022,0.149,0.622826,0.8169677,0.746,0.3545934,0.244969,0.139,0.3032562,0.4734251,0.0858,0.2176569,0.2784751,0.0673,0.3249857,0.3261883,0.0956,0.3840748,0.4899929,0.0779,1.1348,2.460143,0.379,0.3155299,0.5269154,0.0999,0.2694844,0.3433184,0.111,0.2715999,0.432243,0.12,0.4719254,0.3830715,0.204,0.5936761,0.4282612,0.128,0.6099461,0.4246874,0.162,0.55532,0.9921771,0.181,0.9680334,0.6387822,0.229,0.8615522,0.9838327,0.226,0.3976256,0.3156298,0.247,0.3596849,0.2729598,0.15,0.65388,0.6444217,0.175,1.16014,0.8871809,0.143,0.5577652,0.6075138,0.157,0.5304059,0.5471618,0.161,0.2530329,0.3134926,0.21,0.1803657,0.1439326,0.175,0.5060646,0.4279018,0.154,0.246331,0.2371726,0.156,0.3231868,0.2606687,0.106
0.46,0.347851,0.2917312,0.123,0.8564615,1.109575,1.03,0.5566335,0.5362135,0.075,1.558945,1.510295,0.161,0.7260858,0.3099534,0.136,0.4805698,0.683467,0.106,0.316596,0.2182954,0.0853,0.6750436,0.605427,0.137,0.2658205,0.1298135,0.0707,0.2055885,0.2472267,0.0632,0.2880054,0.2379894,0.144,1.059015,0.8481318,0.32,0.2758733,0.534627,0.177,1.197976,0.6568692,0.155,0.8021353,0.5772247,0.235,0.4497808,0.7575165,0.184,0.3076094,0.4454565,0.125,0.5338108,0.5848451,0.359,0.9493781,0.8477427,0.233,0.380361,0.3834949,0.215,0.3685179,0.4572354,0.121,0.3428268,0.382461,0.147,1.081314,1.206714,0.197,0.7909585,1.558367,,3.098348,2.207242,0.948,0.3429472,0.2868088,0.0766,0.9983902,1.270126,0.508,0.3608465,0.473779,0.197,0.4876806,0.7241862,0.168,0.4178019,0.3425595,0.116,0.1690164,0.1898931,0.0982,0.346652,0.2328881,0.119,0.5462736,0.5905891,0.0966,0.4793879,0.3484135,0.114,0.7595408,0.7925966,0.164,0.2807829,0.3382528,0.153,0.4037133,0.4326971,0.15,0.1928757,0.1387387,0.111,0.7010607,0.5483985,0.14,0.180956,0.1756987,0.158,0.3012542,0.4550485,0.279,0.2668218,0.2684169,0.153,0.3185615,0.2476522,0.154,0.230505,0.2694603,0.214,0.3647181,0.3351646,0.137,0.1762861,0.2228789,0.174,1.305019,0.7797612,0.228,0.3049155,0.2684236,0.0683,0.267186,0.2611067,0.0777,2.278961,1.756963,1.82,0.6729292,0.5059098,0.148,0.5809243,0.6527173,0.0864,0.2420701,0.275912,0.0586,0.645995,0.7973716,0.472,0.2076227,0.3087794,0.106,0.8145119,0.4893093,0.148,0.6205071,0.8074223,0.733,0.34728,0.2548541,0.13,0.2866969,0.47777,0.0813,0.2037989,0.2641812,0.068,0.3203963,0.347546,0.0899,0.3701425,0.4488934,0.0726,1.18113,2.453669,0.393,0.2941449,0.4880003,0.0952,0.2503706,0.3269997,0.107,0.286764,0.4553142,0.12,0.45234,0.3869045,0.213,0.6243179,0.4306451,0.134,0.6399521,0.4054903,0.169,0.57091,0.9082263,0.198,0.9423915,0.5782856,0.229,0.8854941,0.9926312,0.222,0.3525171,0.3361769,0.253,0.3528287,0.2560557,0.148,0.617453,0.6134496,0.188,1.182248,0.8902118,0.142,0.5638207,0.5846009,0.155,0.5729228,0.4374855,0.159,0.2391555,0.2787304,0.225,0.1682028,0.1607622,0.175,0.5305908,0.4016135,0.155,0.2290432,0.2414206,0.154,0.3196331,0.2739131,0.106
0.48,0.3095753,0.3154731,0.121,0.8374806,1.04746,1.12,0.571133,0.4597487,0.0772,1.524822,1.325103,0.176,0.7194041,0.3207225,0.117,0.4675636,0.6319808,0.106,0.2919402,0.2027493,0.0831,0.6972305,0.6198755,0.142,0.226031,0.1412375,0.063,0.216807,0.2081534,0.0648,0.2820268,0.2438453,0.158,0.8283119,0.8008909,0.253,0.2598312,0.4851406,0.172,1.096544,0.682542,0.13,0.967973,0.6486555,0.181,0.4015536,0.7828537,0.158,0.3611297,0.4626727,0.122,0.5624451,0.5481359,0.351,1.007465,0.7373241,0.293,0.4152222,0.3635762,0.224,0.4182022,0.4677992,0.108,0.335411,0.3823164,0.13,0.9664385,1.166862,0.179,0.7459252,1.481823,,3.074278,2.146707,0.799,0.3330747,0.3093996,0.0654,1.006009,1.240256,0.455,0.3955556,0.5247043,0.2,0.5162972,0.7000466,0.175,0.4632015,0.3448775,0.127,0.172869,0.2077048,0.12,0.3608477,0.2181775,0.111,0.5679796,0.5908629,0.103,0.5210275,0.3517573,0.117,0.6891972,0.7325612,0.132,0.2821928,0.3010874,0.155,0.4242148,0.3871971,0.167,0.1619481,0.1374296,0.113,0.8406008,0.6587166,0.129,0.1911094,0.1792986,0.146,0.3365091,0.4183168,0.287,0.279788,0.2596995,0.138,0.3077135,0.2380116,0.135,0.224863,0.2500529,0.178,0.3717139,0.3530457,0.134,0.1761281,0.2303968,0.161,1.149352,0.7538739,0.196,0.2856857,0.2732443,0.0753,0.2723561,0.2539608,0.08,2.450001,1.72326,1.69,0.6915109,0.492193,0.133,0.5544095,0.6574794,0.0881,0.2906598,0.2915896,0.0481,0.727114,0.8142805,0.508,0.1860032,0.3177415,0.0925,0.6828203,0.471958,0.133,0.5911564,0.7714973,0.666,0.3458357,0.2820596,0.109,0.2707081,0.4806449,0.0709,0.20151,0.2366482,0.0636,0.3239085,0.3565618,0.0841,0.353256,0.3903514,0.06,1.094252,2.268409,0.359,0.2842159,0.4087293,0.086,0.2481369,0.2578102,0.114,0.2983526,0.4795131,0.107,0.3760286,0.3686165,0.202,0.5903249,0.4083699,0.107,0.6619675,0.4885958,0.172,0.5893643,0.7557434,0.184,0.8164235,0.6080964,0.209,0.9486759,1.108941,0.219,0.3314037,0.3651271,0.298,0.3246792,0.2408956,0.161,0.5874714,0.5931944,0.173,1.391995,0.9239573,0.137,0.5866351,0.5638915,0.184,0.5574716,0.3505108,0.136,0.2518138,0.2615344,0.243,0.1610318,0.1667592,0.164,0.4722578,0.4195195,0.146,0.1977529,0.2669025,0.148,0.2881814,0.2626632,0.0852
0.5,0.317844,0.3361145,0.114,0.8443089,1.434561,1.17,0.5483857,0.444187,0.0834,1.410229,1.255268,0.176,0.6301067,0.4108614,0.0915,0.4984045,0.5814552,0.0998,0.2862123,0.1884003,0.0769,0.6787671,0.6200112,0.136,0.2093842,0.1492856,0.0565,0.234706,0.1682682,0.0621,0.2856825,0.2603688,0.169,0.7844995,0.8436332,0.217,0.2394435,0.4878797,0.163,0.9532169,0.8337434,0.107,1.159863,0.6988563,0.162,0.4543191,0.9193013,0.127,0.4089696,0.4376988,0.111,0.606275,0.5120349,0.314,0.9287531,0.7367896,0.305,0.3977185,0.3472908,0.231,0.4089015,0.4935351,0.131,0.3971769,0.406768,0.153,0.8736504,1.180357,0.192,0.6907013,1.384376,,3.015208,1.799193,0.79,0.3479391,0.3547922,0.0829,0.929364,1.088543,0.405,0.4356407,0.5066673,0.218,0.4803149,0.653083,0.175,0.5340132,0.3317749,0.127,0.1729763,0.1947826,0.125,0.3744221,0.2046894,0.106,0.6424198,0.5872496,0.117,0.5672984,0.3381521,0.111,0.6592549,0.696454,0.121,0.2266141,0.2483931,0.157,0.4795774,0.3185682,0.161,0.1440867,0.1361316,0.124,0.9054188,0.6639602,0.123,0.1796052,0.1785398,0.135,0.3419418,0.4282098,0.304,0.3177331,0.2790287,0.117,0.2806589,0.2191799,0.124,0.2312694,0.244959,0.168,0.3237933,0.3788342,0.121,0.1669111,0.2501393,0.156,1.068863,0.7976576,0.169,0.2646082,0.300275,0.0829,0.2938833,0.2442219,0.0811,2.688703,1.850404,1.47,0.7043222,0.4322987,0.125,0.5248314,0.6372541,0.0871,0.2798521,0.2772247,0.049,0.7115696,0.7708827,0.491,0.1856552,0.308999,0.0886,0.5530072,0.450615,0.113,0.5550675,0.7156828,0.623,0.3752926,0.3123647,0.0919,0.2702022,0.4651576,0.0644,0.2117082,0.2179167,0.0595,0.3120508,0.3059574,0.0759,0.3204712,0.3634685,0.0547,0.8981832,2.05276,0.318,0.2884715,0.3791477,0.0773,0.2820591,0.2115291,0.114,0.2918375,0.4991683,0.0845,0.3866908,0.3478004,0.156,0.5930049,0.4484305,0.093,0.629436,0.5611822,0.165,0.5521667,0.7157301,0.172,0.7651059,0.6190479,0.218,0.9976428,1.060491,0.234,0.319927,0.3502558,0.343,0.3188226,0.2774388,0.152,0.5483413,0.6333113,0.19,1.436131,0.9108568,0.138,0.5882629,0.5968103,0.159,0.4953012,0.3578587,0.118,0.235616,0.2733003,0.237,0.1635523,0.1508124,0.145,0.4590912,0.3986745,0.163,0.2028847,0.2698198,0.152,0.3145842,0.2721321,0.0903
0.55,0.3111995,0.4158692,0.116,0.9014713,1.659064,1.21,0.5122405,0.3635714,0.0935,1.475463,1.740116,0.156,0.6357159,0.4077404,0.0955,0.5928576,0.5507466,0.0945,0.2710343,0.1635265,0.0747,0.5044216,0.6007851,0.112,0.1738348,0.1440936,0.0534,0.2872745,0.1200534,0.0529,0.2430483,0.2373563,0.164,0.8851942,0.7969674,0.292,0.2706141,0.344403,0.11,0.6110377,1.046835,0.0922,1.307472,0.6119694,0.115,0.5841281,0.9517473,0.118,0.4392436,0.3536175,0.1,0.5906959,0.5691671,0.323,0.6622933,0.9214585,0.283,0.3616939,0.2542229,0.226,0.4577465,0.4928315,0.122,0.5496221,0.6171805,0.166,0.7649789,1.026397,0.192,0.6744352,1.305157,,2.481845,1.908756,0.787,0.2516516,0.2651668,0.0691,0.789085,0.8920431,0.358,0.4842994,0.4309655,0.144,0.4274817,0.4508897,0.152,0.8607104,0.3931467,0.13,0.1733591,0.1793828,0.105,0.3903664,0.2094006,0.0919,0.5377128,0.6840773,0.161,0.6671993,0.4349218,0.0999,0.7971975,0.7473411,0.173,0.2950774,0.1766644,0.176,0.4066478,0.3807544,0.133,0.169732,0.110659,0.169,0.9405504,0.8653494,0.118,0.138851,0.2100333,0.139,0.3445582,0.4069034,0.176,0.2703116,0.2775756,0.137,0.2073007,0.2097806,0.15,0.166549,0.250011,0.135,0.3923312,0.3464034,0.123,0.1771533,0.2024716,0.124,1.027245,0.9974492,0.144,0.192135,0.315586,0.0824,0.3107677,0.2429476,0.0832,2.969938,1.848191,1.29,0.5699164,0.3955295,0.172,0.4900924,0.6489627,0.105,0.2373691,0.2633356,0.066,0.64064,0.7065485,0.394,0.2049519,0.3116774,0.0833,0.5555303,0.4425602,0.0898,0.6743423,0.611816,0.585,0.4433182,0.3244728,0.0745,0.3397494,0.4055001,0.0609,0.2713612,0.1522685,0.0454,0.3193644,0.2509789,0.0748,0.3349848,0.28923,0.0509,1.109642,1.710829,0.292,0.2400385,0.36017,0.0654,0.286602,0.2411067,0.122,0.3002834,0.3735567,0.0615,0.3247296,0.3056277,0.155,0.6629868,0.4399742,0.0693,0.5343243,0.5479318,0.179,0.5253664,0.7760012,0.153,0.9474386,0.8736157,0.211,0.7393885,0.7226638,0.238,0.2436945,0.4189597,0.215,0.4064916,0.2959893,0.12,0.5825152,0.6305254,0.225,1.20424,0.8523453,0.161,0.5476416,0.7353954,0.141,0.2816792,0.3323826,0.0957,0.1545088,0.2357858,0.184,0.2488212,0.1589662,0.106,0.4846183,0.4426183,0.107,0.1922411,0.2153683,0.0993,0.2708371,0.3156889,0.114
0.6,0.3461466,0.3927816,0.11,1.024039,1.087667,1.27,0.4314632,0.3747306,0.0635,1.286165,1.863129,0.123,0.4665373,0.2511453,0.0854,0.7558542,0.6875437,0.116,0.2416319,0.1343318,0.0638,0.4942212,0.7796854,0.108,0.1295564,0.1284692,0.0599,0.2370238,0.1672439,0.0481,0.2544115,0.202821,0.173,1.06657,1.088945,0.352,0.2745295,0.3157577,0.108,0.4658444,0.7431523,0.074,0.9996338,0.4075724,0.119,0.5770622,0.8388633,0.0846,0.3732338,0.3748735,0.0881,0.6060341,0.6682177,0.387,0.9902114,1.478118,0.311,0.2850594,0.2911268,0.184,0.4897382,0.3345028,0.142,0.7601092,0.7530933,0.12,0.738978,0.8274013,0.166,0.5534735,1.197422,,2.653423,2.213989,0.51,0.2126353,0.2200004,0.0628,0.5529338,0.7483224,0.212,0.4387764,0.4544351,0.116,0.4526212,0.4339908,0.115,0.8852321,0.4669629,0.132,0.2006714,0.1578752,0.0685,0.3468701,0.221524,0.0958,0.5735236,0.7415459,0.16,0.5623386,0.3796746,0.0888,0.7806894,0.6599296,0.164,0.2765957,0.1745836,0.16,0.349001,0.3674939,0.139,0.1841321,0.1325516,0.124,0.8498768,0.8676031,0.14,0.15423,0.1762816,0.142,0.4305314,0.4803566,0.193,0.3291399,0.2749065,0.165,0.2094868,0.2344714,0.137,0.1934656,0.2873425,0.138,0.349341,0.3443996,0.115,0.1737594,0.1873372,0.16,0.7714133,1.034489,0.209,0.20521,0.3295216,0.0938,0.3268227,0.2823296,0.0742,3.11863,2.005706,1.18,0.616363,0.3400636,0.148,0.5050222,0.7434939,0.0836,0.2429591,0.2864573,0.0593,0.5445662,0.7374207,0.363,0.1968171,0.289197,0.0714,0.7569572,0.3936428,0.102,0.8109688,0.5055219,0.509,0.4487117,0.3232952,0.0658,0.4018128,0.376874,0.0585,0.2452465,0.1678319,0.0348,0.2478196,0.2623621,0.0531,0.2920597,0.2112411,0.0451,1.080184,1.879723,0.34,0.1835225,0.3460011,0.0706,0.1991989,0.1917953,0.0919,0.2647113,0.2510785,0.055,0.3584589,0.2825502,0.138,0.4542924,0.3996736,0.0705,0.4384025,0.3921784,0.174,0.4700182,0.6607979,0.161,0.8361277,0.9509346,0.162,0.6581682,0.7472311,0.141,0.2507538,0.3695527,0.166,0.3738282,0.347018,0.113,0.4489606,0.5511022,0.266,0.8960188,0.7060884,0.138,0.5031471,0.7505107,0.151,0.2335051,0.2879843,0.0921,0.1856855,0.268692,0.157,0.2868045,0.1496408,0.0959,0.5155039,0.5666781,0.12,0.190107,0.2382106,0.094,0.226582,0.281392,0.0841
0.65,0.3800023,0.3660414,0.108,1.17898,0.7125219,1.24,0.3579463,0.3435901,0.0572,1.215216,1.440264,0.151,0.3668298,0.2643229,0.0558,0.7852029,0.7707377,0.114,0.2168597,0.1156157,0.0513,0.5453547,0.7671648,0.103,0.1553337,0.1167226,0.0489,0.1796759,0.1275284,0.0431,0.2497203,0.2158972,0.148,1.062666,1.344623,0.329,0.2361103,0.260597,0.124,0.3801243,0.5012925,0.0812,0.9513023,0.3945446,0.127,0.7003815,0.7967973,0.0951,0.3809225,0.260968,0.0766,0.6721066,0.6477159,0.296,0.8152006,1.081975,0.283,0.2248343,0.2989095,0.19,0.3811868,0.3234595,0.15,0.7720989,0.5943648,0.106,0.5766528,0.7981669,0.137,0.617773,1.214507,,2.060685,1.752891,0.363,0.2147419,0.1892946,0.0554,0.5720943,0.8497478,0.246,0.3870187,0.4317157,0.0884,0.3696942,0.3239191,0.125,0.5899388,0.4415205,0.119,0.1455856,0.1105196,0.0464,0.2275483,0.1930815,0.105,0.8792056,0.7034823,0.144,0.4566449,0.2759105,0.1,0.6889862,0.6889886,0.133,0.1998604,0.1542009,0.187,0.4076418,0.4588859,0.128,0.1800727,0.11324,0.102,0.7093927,0.8146985,0.129,0.1611177,0.2197182,0.103,0.5541404,0.6015023,0.211,0.3296299,0.3036135,0.165,0.2036019,0.2207914,0.0983,0.2079832,0.2608013,0.137,0.3252006,0.3176612,0.163,0.1435516,0.1697602,0.135,0.7667969,1.058742,0.179,0.2120892,0.3510868,0.116,0.2712806,0.2823521,0.0635,3.218297,2.141021,1.36,0.5867654,0.2812868,0.107,0.5503328,0.7878308,0.106,0.2849574,0.322143,0.0452,0.5847774,0.8995258,0.359,0.1863443,0.2979259,0.0808,0.8376205,0.3520857,0.112,0.7402402,0.5398268,0.637,0.4704615,0.2558274,0.0542,0.4484668,0.3674804,0.051,0.2161838,0.2092745,0.0326,0.1988119,0.222466,0.0524,0.2516089,0.2209617,0.0449,1.621902,2.114246,0.39,0.1635104,0.2719357,0.0519,0.1860475,0.1657829,0.0996,0.32497,0.2396472,0.0615,0.2827982,0.2927638,0.143,0.3838708,0.442053,0.0862,0.4281144,0.4213398,0.113,0.3591722,0.5982488,0.153,0.6556903,0.7435308,0.175,0.5609453,0.8425555,0.134,0.2244595,0.2696796,0.139,0.3696298,0.3602053,0.0971,0.3227563,0.4445113,0.227,0.6929061,0.5574422,0.154,0.4473901,0.7004183,0.16,0.3094248,0.2474606,0.11,0.2385662,0.2572069,0.128,0.2065953,0.1343671,0.0912,0.4995151,0.5393477,0.141,0.2388347,0.2141817,0.0998,0.1778442,0.3306574,0.0949
0.667,0.4088083,0.3707219,0.113,1.19923,0.694751,1.21,0.3851826,0.3351168,0.0506,1.09697,1.108182,0.165,0.3619256,0.2577296,0.0555,0.7746971,0.81534,0.117,0.2090365,0.1115001,0.0566,0.5506967,0.7222121,0.0978,0.1652219,0.1086571,0.0452,0.1613338,0.1095247,0.0431,0.2636455,0.2106103,0.126,1.049631,1.3386,0.306,0.2307413,0.2345272,0.118,0.3641264,0.4746185,0.0808,0.9588341,0.3915718,0.127,0.7599581,0.7587849,0.1,0.382113,0.2493198,0.0692,0.683997,0.6276228,0.269,0.74967,0.9519875,0.235,0.2154313,0.2776156,0.198,0.3573065,0.3981689,0.144,0.7335974,0.6114096,0.103,0.5944665,0.8053924,0.145,0.5757223,1.033251,,1.966749,1.770594,0.378,0.2414763,0.176404,0.0557,0.5918584,0.8801917,0.267,0.4367609,0.4031324,0.0795,0.3723681,0.3014676,0.141,0.5305733,0.3908825,0.112,0.1402027,0.1040782,0.0425,0.2093097,0.1930226,0.0971,0.8978135,0.6962027,0.124,0.4537045,0.2832951,0.0884,0.6489736,0.6975547,0.128,0.2125401,0.1654368,0.201,0.400412,0.5477763,0.123,0.1689951,0.1091467,0.105,0.7172367,0.7667555,0.107,0.1750504,0.2502017,0.0997,0.6243581,0.6323266,0.208,0.3358132,0.3123026,0.154,0.1843531,0.1990792,0.101,0.1971994,0.2518582,0.126,0.3324683,0.3518573,0.183,0.1442455,0.1673621,0.128,0.8604574,1.142347,0.17,0.1953311,0.3517481,0.127,0.2665032,0.2768311,0.062,3.197431,2.15563,1.41,0.5457028,0.2946099,0.0975,0.5730773,0.7919976,0.115,0.2964822,0.2985452,0.0468,0.6171577,0.89066,0.35,0.183831,0.3082439,0.0801,0.8590413,0.3513242,0.11,0.7410989,0.5227171,0.603,0.4717588,0.2507733,0.0461,0.4604653,0.3787713,0.0566,0.2241565,0.2172637,0.0362,0.1852128,0.2379258,0.055,0.2641088,0.2197892,0.0499,1.643548,2.009059,0.392,0.1625251,0.299983,0.0499,0.1641322,0.171011,0.101,0.3697938,0.239516,0.0652,0.2656099,0.2875056,0.128,0.3978207,0.4167993,0.0831,0.446481,0.4470463,0.107,0.3169844,0.5850483,0.162,0.6324602,0.7051981,0.175,0.5723809,0.8426257,0.162,0.2308404,0.2690296,0.146,0.367358,0.3226251,0.098,0.3354479,0.4541642,0.207,0.7047645,0.5531208,0.147,0.4381339,0.6019585,0.145,0.2868007,0.2536401,0.111,0.2264088,0.2391324,0.128,0.1879299,0.1324592,0.0885,0.4554079,0.5088142,0.147,0.2319087,0.2129033,0.099,0.1584958,0.3425095,0.0959
0.7,0.4317866,0.3921118,0.126,1.108785,0.6680081,1.12,0.375341,0.3303247,0.0512,1.121857,1.009558,0.177,0.380648,0.2305058,0.0549,0.6921692,0.8259025,0.123,0.2107579,0.1038753,0.0573,0.5435933,0.6149489,0.113,0.1772624,0.09769749,0.0351,0.1292693,0.08839176,0.0397,0.2762334,0.1958688,0.0946,0.9800484,1.204772,0.233,0.2020131,0.2480401,0.106,0.3423988,0.4277297,0.0756,0.9787593,0.4050088,0.118,0.831857,0.6459043,0.0967,0.3777635,0.2506634,0.0655,0.7012177,0.5832232,0.234,0.6420319,0.7996889,0.182,0.2328764,0.2249649,0.186,0.3142871,0.45743,0.155,0.6301484,0.6052724,0.0875,0.5787069,0.8025026,0.154,0.4880572,1.008574,,1.852183,1.967942,0.423,0.2873146,0.1555702,0.0592,0.6227503,0.9668373,0.28,0.5070511,0.3742745,0.0832,0.3338004,0.3057652,0.155,0.5462968,0.3143586,0.092,0.1462503,0.1058626,0.0476,0.220779,0.1851628,0.0712,0.7704809,0.686655,0.0919,0.4651144,0.2905718,0.0755,0.5663251,0.6775267,0.131,0.2702689,0.1845106,0.19,0.3728273,0.5701767,0.136,0.1404276,0.1084066,0.129,0.8197492,0.7998644,0.0819,0.1585534,0.2844715,0.107,0.6769918,0.6736656,0.22,0.299155,0.2806542,0.116,0.1616657,0.1493318,0.129,0.1646996,0.2567829,0.112,0.2991204,0.3762968,0.186,0.1390455,0.1774138,0.126,0.9700698,1.24471,0.187,0.195923,0.3274316,0.143,0.2517302,0.2541512,0.0599,3.08973,2.133667,1.47,0.4259946,0.3274906,0.103,0.6141049,0.7920067,0.135,0.313011,0.2395614,0.0542,0.6132671,0.9221206,0.337,0.2048115,0.3937282,0.0684,0.7818656,0.2747824,0.0868,0.7294359,0.4497232,0.601,0.4584062,0.2423776,0.0495,0.4737007,0.404399,0.0608,0.2410354,0.2087249,0.0431,0.1560703,0.2956027,0.0523,0.282849,0.2112402,0.0465,1.376089,1.762294,0.365,0.1480629,0.3385598,0.0501,0.1737709,0.1869868,0.0838,0.4431845,0.3069046,0.0675,0.258948,0.2868881,0.101,0.4720511,0.4028585,0.0703,0.5392241,0.4431628,0.116,0.350521,0.5901023,0.144,0.6685153,0.6102447,0.168,0.5553156,0.8780821,0.177,0.2197456,0.2678295,0.125,0.3411252,0.3356847,0.1,0.3262381,0.4073798,0.21,0.820743,0.5833488,0.123,0.4174783,0.5208787,0.147,0.2775544,0.2849304,0.0892,0.2186428,0.2536482,0.125,0.1763848,0.1172969,0.0785,0.4432113,0.6222612,0.156,0.2201935,0.2245512,0.09,0.1665771,0.3266002,0.09
0.75,0.4346609,0.4237568,0.135,0.9842401,0.7009369,0.854,0.3940792,0.3145009,0.0605,1.016659,0.9347942,0.177,0.3473973,0.1839586,0.0523,0.4737606,0.814768,0.119,0.1948595,0.09311257,0.0567,0.5377644,0.5759374,0.116,0.1502013,0.09133994,0.037,0.1343849,0.1274993,0.035,0.2616402,0.2061398,0.106,0.7751045,0.8799297,0.173,0.1821742,0.2433448,0.114,0.3448797,0.3950472,0.0931,1.009311,0.3794026,0.105,0.7958539,0.6038206,0.0906,0.3910862,0.2585077,0.065,0.7132664,0.5082686,0.182,0.5548707,0.5540821,0.194,0.2921276,0.2502561,0.119,0.3245033,0.3740605,0.154,0.4720227,0.4681293,0.104,0.5136552,0.6458721,0.0906,0.4817365,1.172771,,1.90629,1.882982,0.367,0.2760017,0.1470539,0.0558,0.6571356,1.130612,0.28,0.6206836,0.4731111,0.119,0.2281141,0.3125288,0.145,0.6632903,0.3432578,0.0887,0.1644729,0.1262276,0.0527,0.2542188,0.1985876,0.0629,0.5397357,0.6280905,0.0886,0.4936217,0.3305472,0.0655,0.4922247,0.6002319,0.173,0.2981483,0.1978769,0.129,0.2966852,0.4644834,0.146,0.1477748,0.1174475,0.111,0.841256,0.7776273,0.0688,0.1983635,0.3070091,0.143,0.5929415,0.6922029,0.22,0.3046905,0.1908453,0.114,0.1709804,0.1425099,0.143,0.1850191,0.2335995,0.108,0.3402448,0.3463756,0.127,0.1425755,0.2304047,0.133,0.9928212,1.286291,0.145,0.2043817,0.3015713,0.138,0.2108313,0.2252117,0.0514,2.855719,2.114116,1.38,0.4063516,0.3122748,0.0978,0.7055956,0.7914141,0.17,0.3513942,0.2972842,0.0625,0.57349,1.062452,0.301,0.2620086,0.4254217,0.0774,0.7221843,0.2985048,0.0639,0.6808596,0.4584448,0.544,0.4062298,0.2374705,0.0475,0.5217176,0.4531032,0.0498,0.2271471,0.2189994,0.0404,0.1480104,0.2568893,0.0545,0.2717971,0.190659,0.04,1.032854,1.187523,0.355,0.1535134,0.2971233,0.0534,0.1882885,0.1840151,0.123,0.4220139,0.3519318,0.0558,0.1848465,0.2536243,0.0734,0.4577219,0.434759,0.0619,0.4544567,0.4253376,0.0973,0.3867128,0.5283822,0.145,0.6999351,0.5466053,0.153,0.5243964,0.6242054,0.168,0.2082697,0.2752571,0.114,0.4742067,0.3103797,0.0904,0.2446104,0.2705762,0.186,0.8813305,0.8515118,0.119,0.4571733,0.5119429,0.131,0.2333125,0.2860736,0.0777,0.2916867,0.2946466,0.139,0.2038936,0.1227382,0.0782,0.5681046,0.7974876,0.148,0.2274478,0.187258,0.088,0.1709037,0.2207848,0.0862
0.8,0.3980094,0.447296,0.123,0.9340665,0.715311,0.649,0.376422,0.3579842,0.0506,1.014971,0.8750854,0.174,0.2554668,0.1792199,0.0366,0.508365,0.6304003,0.0884,0.1565956,0.0821541,0.0534,0.4904305,0.4046309,0.0996,0.1205411,0.07773294,0.0305,0.1313867,0.1154252,0.0344,0.2111606,0.2348821,0.112,0.6414261,0.6452292,0.152,0.1916741,0.2863524,0.156,0.4034861,0.3979297,0.104,1.026934,0.3349975,0.109,0.6674428,0.6732394,0.096,0.3610936,0.2476335,0.0598,0.7044898,0.4400484,0.138,0.4620284,0.5908399,0.215,0.2453249,0.269851,0.116,0.3423063,0.3800634,0.118,0.3576927,0.3833406,0.102,0.4988541,0.5761421,0.068,0.3934124,0.9151708,,1.698724,1.369171,0.41,0.289695,0.1477805,0.0433,0.6692809,1.245132,0.317,0.776834,0.5763369,0.127,0.2117751,0.2803793,0.145,0.8742258,0.2962864,0.095,0.2363421,0.1230253,0.0744,0.2534311,0.1815175,0.0553,0.4704682,0.5405396,0.0807,0.6925299,0.3630107,0.0887,0.4502239,0.5786892,0.185,0.2473122,0.1894282,0.117,0.3433951,0.3609433,0.119,0.1616798,0.1315418,0.105,0.7737527,0.5885208,0.0715,0.2453955,0.3423979,0.112,0.625211,0.5663041,0.16,0.3068632,0.2009549,0.12,0.2277688,0.1349721,0.126,0.1581026,0.2353136,0.0987,0.4018435,0.3224918,0.104,0.1422619,0.2362607,0.156,0.92397,1.250954,0.152,0.2206115,0.3086226,0.123,0.1578312,0.1969951,0.0493,2.558215,2.398662,1.22,0.4131659,0.2806326,0.087,0.7354251,0.7925806,0.149,0.3798843,0.2397064,0.0443,0.6100428,0.9239638,0.287,0.362097,0.3199861,0.0798,0.5840313,0.3108469,0.0789,0.742229,0.5247923,0.431,0.3408947,0.2393923,0.0532,0.5352004,0.5210495,0.0573,0.2101473,0.233328,0.0389,0.1047467,0.2032461,0.0515,0.2592048,0.2410824,0.0481,1.041647,0.9488869,0.353,0.1241035,0.2339466,0.043,0.2097702,0.1815099,0.0992,0.3437198,0.2370624,0.0503,0.1492595,0.2282119,0.059,0.2719609,0.3391505,0.0595,0.4416905,0.4283243,0.107,0.3213812,0.4634728,0.129,0.6810677,0.6367505,0.143,0.5419625,0.6578485,0.138,0.1748468,0.2796386,0.136,0.5427103,0.4063257,0.0945,0.2340765,0.2870337,0.145,0.7626537,0.9984791,0.122,0.3817435,0.6062496,0.114,0.2264027,0.2831072,0.0831,0.2689749,0.2793641,0.137,0.2103667,0.1154919,0.075,0.6987336,0.7219946,0.103,0.2102386,0.1550356,0.0769,0.1583128,0.1803502,0.0713
0.85,0.3240952,0.4350566,0.128,0.9001265,0.5029803,0.566,0.3736556,0.3025025,0.0375,1.079149,0.7863253,0.169,0.2164939,0.2025791,0.0359,0.4185572,0.6166027,0.0755,0.1506759,0.07146504,0.0506,0.4447865,0.4897596,0.0717,0.0942882,0.07150982,0.034,0.109263,0.08821963,0.0386,0.1984789,0.2227734,0.135,0.5892601,0.5247534,0.149,0.209737,0.3187741,0.144,0.4271946,0.3961974,0.089,0.9910308,0.2880085,0.0942,0.5538531,0.7005781,0.105,0.2889322,0.2387512,0.057,0.6701571,0.4089913,0.153,0.4866608,0.7081098,0.186,0.1810873,0.2471611,0.106,0.3309421,0.3870083,0.108,0.2903409,0.3634025,0.0849,0.4894476,0.5733688,0.0515,0.4101462,0.7927107,,1.411083,0.9644559,0.312,0.2774193,0.1568336,0.0489,0.7064776,1.147239,0.308,0.8342466,0.6056485,0.0953,0.2010729,0.2367201,0.152,0.9208842,0.2736344,0.103,0.2602717,0.1414946,0.0797,0.2373935,0.1797716,0.0541,0.5620238,0.412826,0.106,0.7122461,0.429118,0.105,0.4488015,0.5743524,0.17,0.2249044,0.1959265,0.0997,0.3511313,0.3431856,0.112,0.1766815,0.1300576,0.0933,0.7041935,0.4601658,0.076,0.2900689,0.3334959,0.116,0.6044899,0.3694042,0.155,0.3295431,0.2156428,0.117,0.2091951,0.1611949,0.11,0.1323718,0.2085986,0.089,0.4141566,0.286728,0.1,0.1734159,0.2693645,0.119,0.82634,1.163677,0.154,0.250111,0.3732041,0.123,0.1506748,0.1886128,0.0465,2.222026,2.319653,1.02,0.4360729,0.2809335,0.0924,0.5607246,0.7773891,0.107,0.3562242,0.2203322,0.0374,0.6412246,0.8781404,0.272,0.4018686,0.2601201,0.0793,0.4109132,0.3341326,0.0712,0.8096302,0.6100329,0.308,0.2845991,0.2743276,0.0674,0.5194749,0.5762198,0.064,0.1973183,0.2412947,0.0343,0.09576695,0.188281,0.0584,0.2801153,0.2386788,0.0516,1.043938,0.9198736,0.312,0.08989982,0.1826495,0.0548,0.2121284,0.1899517,0.0968,0.2490569,0.2044085,0.0387,0.1308283,0.1943008,0.0525,0.2534352,0.2397124,0.066,0.5230388,0.3881089,0.116,0.3723018,0.3799323,0.108,0.8635362,0.8243902,0.157,0.6100198,0.7513825,0.125,0.1949457,0.3051234,0.156,0.4630543,0.3879826,0.107,0.2382821,0.3210134,0.115,0.8800421,0.8689131,0.159,0.3303787,0.5342812,0.103,0.2621341,0.3484962,0.0711,0.231808,0.2612986,0.123,0.1902646,0.09100719,0.062,0.5598482,0.6052779,0.0951,0.2657205,0.1410026,0.0777,0.1597821,0.1434454,0.057
0.9,0.2898677,0.4093001,0.0928,0.8420618,0.4719994,0.472,0.3987293,0.2666191,0.0409,0.8484153,0.6543931,0.18,0.1831478,0.1745258,0.0344,0.338528,0.4717716,0.0644,0.1295512,0.06172764,0.0426,0.4481224,0.497501,0.0713,0.08727176,0.07231245,0.0367,0.1331968,0.08898568,0.0369,0.2108019,0.2087807,0.138,0.526074,0.3953632,0.158,0.1991047,0.2403573,0.13,0.3826613,0.3791343,0.0897,0.9358659,0.2925012,0.0978,0.4450997,0.6693157,0.101,0.2365517,0.2846816,0.0667,0.6192209,0.3773051,0.174,0.5597215,0.6312448,0.199,0.1526017,0.1970033,0.0981,0.3828306,0.4256394,0.116,0.2220917,0.3356085,0.0804,0.4070275,0.5233258,0.0497,0.3460425,0.8368539,,1.29656,0.7282833,0.23,0.2944535,0.1554131,0.0513,0.6772379,0.9487265,0.242,0.9265159,0.5923614,0.0913,0.1998999,0.2568155,0.16,0.7974778,0.3060503,0.0981,0.2257589,0.1524554,0.0669,0.2318658,0.1333443,0.0611,0.519843,0.3330922,0.0999,0.5627595,0.3428678,0.1,0.4564526,0.5836082,0.149,0.1921865,0.2257115,0.0974,0.3556779,0.3779507,0.152,0.1861766,0.1422789,0.0845,0.5988047,0.3703311,0.088,0.2570652,0.2986906,0.114,0.5692986,0.3062548,0.178,0.3793853,0.2262306,0.0982,0.1858138,0.1579733,0.115,0.1277942,0.1452456,0.0917,0.330002,0.282009,0.115,0.1493515,0.2203569,0.0859,0.7209442,1.038173,0.134,0.2418198,0.3750846,0.131,0.1305136,0.1798507,0.0439,1.894395,2.03394,0.825,0.3803222,0.2620639,0.0946,0.367084,0.7246449,0.119,0.3555338,0.231824,0.0333,0.6630864,1.082801,0.203,0.344214,0.2585303,0.0742,0.5172017,0.3074296,0.0479,0.8630269,0.5875306,0.287,0.2347397,0.3125205,0.074,0.4886429,0.5904237,0.0754,0.1783434,0.2443349,0.0316,0.1089194,0.1954965,0.0525,0.2310441,0.2001008,0.051,0.9717287,1.062371,0.259,0.08914725,0.1944356,0.0549,0.186673,0.1947854,0.0955,0.1795809,0.2026445,0.0397,0.1143663,0.1453212,0.0528,0.2381842,0.2202167,0.0643,0.4703366,0.3367036,0.113,0.4175772,0.3690134,0.104,0.9485428,0.7433248,0.182,0.6028771,0.7676686,0.102,0.2487671,0.244862,0.115,0.3795974,0.3692097,0.0876,0.2656905,0.367704,0.112,0.8465139,0.908478,0.144,0.3305092,0.4724622,0.112,0.2879236,0.3759032,0.0539,0.2502233,0.2150414,0.0962,0.172817,0.1152275,0.0659,0.4360577,0.5269082,0.078,0.2489423,0.1344838,0.0672,0.1605134,0.1219942,0.0452
0.95,0.2669156,0.3962804,0.0775,0.8024393,0.4859352,0.423,0.4024192,0.2112616,0.0427,0.5223556,0.6060766,0.182,0.1687148,0.1554609,0.0312,0.3054644,0.4387303,0.0633,0.1325719,0.05987218,0.0397,0.3862101,0.4870313,0.0684,0.0925676,0.06431384,0.0376,0.1364826,0.07835354,0.0398,0.1617936,0.1939622,0.12,0.4239293,0.3140053,0.158,0.1773371,0.189405,0.152,0.3008791,0.3569004,0.0946,0.9999877,0.3024832,0.104,0.3724693,0.6424726,0.0924,0.248978,0.3026603,0.0699,0.5684836,0.3413517,0.189,0.479085,0.5244015,0.234,0.1566671,0.1646215,0.101,0.3006366,0.448785,0.123,0.2000251,0.3389434,0.0705,0.3515481,0.4901821,0.064,0.2760346,0.885832,,1.052798,0.5585204,0.254,0.3362351,0.1729337,0.0399,0.8178152,0.7632275,0.187,0.9289532,0.5774628,0.0823,0.2262719,0.2863535,0.166,0.6756341,0.3248634,0.0914,0.2195163,0.1440758,0.0659,0.2186862,0.1294944,0.0652,0.4085368,0.2742762,0.094,0.4545183,0.3593877,0.0761,0.4526058,0.5936133,0.127,0.1994251,0.2260036,0.0974,0.3358187,0.3790118,0.184,0.1883603,0.1568259,0.0976,0.6329937,0.2849873,0.097,0.2066065,0.2534451,0.113,0.4588857,0.3091803,0.174,0.360045,0.2296661,0.104,0.1692818,0.1241486,0.102,0.1515416,0.1206244,0.0786,0.3142127,0.3219461,0.113,0.1522999,0.2252022,0.101,0.6242197,0.8825289,0.131,0.2294966,0.3227799,0.125,0.1159609,0.1610684,0.0418,1.584812,1.747877,0.693,0.3892369,0.2378543,0.116,0.2830379,0.6458285,0.115,0.3009984,0.2233019,0.0387,0.732766,1.130296,0.188,0.2907571,0.3196905,0.0735,0.5646962,0.2736282,0.0485,0.9176958,0.6071568,0.337,0.1936796,0.3218983,0.0702,0.4567884,0.5748486,0.0863,0.1444573,0.2425399,0.0359,0.1058583,0.2219797,0.0589,0.1675038,0.1610923,0.0414,0.7577034,1.372458,0.22,0.09725216,0.2379969,0.0517,0.2015169,0.1798346,0.066,0.1467764,0.1835488,0.0405,0.08406269,0.1068728,0.055,0.2330143,0.2006375,0.0692,0.4718248,0.2749427,0.0938,0.3384102,0.4025819,0.119,0.7894672,0.5306589,0.217,0.6901053,0.7311826,0.106,0.2160006,0.2418521,0.1,0.3001053,0.3399327,0.0716,0.2329127,0.4043815,0.104,0.6182376,0.7122299,0.112,0.255744,0.3673773,0.106,0.2794913,0.325504,0.0448,0.212268,0.1717692,0.0842,0.1616162,0.1291463,0.0799,0.3825249,0.423434,0.0552,0.2106129,0.1164905,0.0608,0.1501729,0.1051966,0.0475
1,0.2649489,0.3853819,0.0648,0.7832692,0.4502555,0.463,0.4166458,0.2215717,0.0421,0.4282408,0.4490001,0.177,0.1854959,0.1551563,0.0322,0.2806187,0.4374699,0.0518,0.09685311,0.06139216,0.0323,0.2633263,0.4825687,0.0703,0.1035974,0.07006435,0.0313,0.1481797,0.07270022,0.0427,0.1482058,0.1860446,0.099,0.4809398,0.2920507,0.156,0.1547868,0.1688808,0.132,0.2912804,0.3407939,0.106,1.003374,0.3632146,0.101,0.3464778,0.5497821,0.0914,0.2598718,0.2886498,0.0764,0.5243129,0.293356,0.157,0.3019269,0.4933137,0.226,0.1605401,0.1643753,0.0985,0.2679426,0.4242323,0.107,0.1613575,0.3537899,0.079,0.3463123,0.4875475,0.0796,0.3076996,0.8175402,,0.7883838,0.5030135,0.246,0.3552874,0.1744647,0.0416,0.9255704,0.5916005,0.166,0.8841676,0.524779,0.083,0.2358189,0.3625539,0.176,0.6418973,0.3202656,0.0768,0.2441419,0.1395379,0.0654,0.1895031,0.1273403,0.063,0.3296896,0.2319084,0.0729,0.456641,0.3603095,0.0631,0.434575,0.5938327,0.114,0.2375748,0.2429386,0.103,0.3210113,0.3220541,0.172,0.1949118,0.1276707,0.0912,0.622059,0.2778375,0.0793,0.2013787,0.2479542,0.0939,0.3452008,0.3034921,0.17,0.3319635,0.1847715,0.0803,0.1629618,0.1261953,0.0843,0.1710202,0.1255429,0.0751,0.3177218,0.3760969,0.128,0.1298437,0.2103973,0.106,0.529048,0.7563305,0.138,0.2623627,0.3009733,0.13,0.1061203,0.1411396,0.0422,1.314049,1.480391,0.612,0.3771527,0.2140266,0.14,0.3281851,0.5538872,0.115,0.3102826,0.2707272,0.0384,0.7011856,0.9419216,0.183,0.3484989,0.3974339,0.0754,0.4918551,0.2922524,0.0493,0.955161,0.5810156,0.357,0.1652007,0.3108222,0.0534,0.4384316,0.5545949,0.0763,0.1641808,0.2356954,0.0335,0.1036982,0.2461088,0.0587,0.1432929,0.1530024,0.032,0.7151944,1.396537,0.233,0.1074154,0.2581926,0.0452,0.2076003,0.2241615,0.0592,0.1309663,0.1342771,0.0359,0.07982382,0.08433235,0.0569,0.2201922,0.1830751,0.07,0.4567448,0.2260934,0.0901,0.3199726,0.4020072,0.0935,0.706898,0.4208208,0.235,0.6546573,0.5816028,0.123,0.2194836,0.2327442,0.1,0.3767031,0.2946752,0.0707,0.2064384,0.4036051,0.118,0.4358789,0.6194066,0.112,0.2267207,0.400719,0.1,0.2343435,0.2820353,0.0394,0.1482394,0.1567801,0.0664,0.1633817,0.1111784,0.0731,0.3139239,0.3656941,0.0662,0.1454987,0.1041271,0.0558,0.1284529,0.1302812,0.05
1.1,0.2834937,0.3507765,0.0916,0.8709444,0.3653865,0.457,0.4874573,0.2767266,0.0436,0.3646103,0.5809126,0.158,0.1933345,0.1320216,0.0405,0.2677061,0.3332126,0.0354,0.0873588,0.0476207,0.0319,0.187547,0.3427225,0.0773,0.1109745,0.05702973,0.0304,0.1259439,0.09368368,0.0393,0.1261233,0.1372782,0.0571,0.4987078,0.2989476,0.129,0.1443273,0.147029,0.1,0.2733823,0.4190314,0.118,0.8768392,0.4326518,0.0944,0.3319866,0.3707878,0.0772,0.3026508,0.2550292,0.0823,0.4494274,0.2289835,0.12,0.2582129,0.3742388,0.157,0.1733735,0.1441024,0.0856,0.2152557,0.381532,0.0751,0.1195035,0.3166488,0.0714,0.2567994,0.3672322,0.0701,0.4123693,0.6256451,,0.7606622,0.3901846,0.268,0.2265489,0.2203187,0.0548,0.736315,0.4269222,0.131,0.7568514,0.4164119,0.0586,0.3009939,0.4047908,0.16,0.5614778,0.2826887,0.0592,0.2947282,0.1600314,0.0686,0.1406575,0.1526358,0.0526,0.3619182,0.2795515,0.0733,0.4402504,0.4125524,0.046,0.3582433,0.6116262,0.103,0.2447895,0.2726606,0.0998,0.3994082,0.2456917,0.121,0.2746452,0.109608,0.0844,0.4552738,0.3029263,0.0672,0.1823531,0.2847113,0.0738,0.2455749,0.3212431,0.161,0.3226653,0.2302516,0.0918,0.1784485,0.1971291,0.0785,0.16742,0.1241337,0.0652,0.3770345,0.4392656,0.163,0.1382395,0.1670954,0.116,0.3571925,0.5673143,0.123,0.3184702,0.2671533,0.15,0.07965019,0.1364573,0.0318,0.9008229,0.9915778,0.496,0.5113866,0.1901558,0.16,0.3702947,0.4235687,0.124,0.2265935,0.1932933,0.0537,0.7555036,0.834745,0.148,0.3293933,0.6100983,0.0604,0.3788412,0.2680667,0.043,1.002836,0.5815845,0.34,0.130352,0.2744199,0.0385,0.4181649,0.5237823,0.0493,0.1528525,0.2286232,0.0369,0.07096028,0.2215094,0.0652,0.1216548,0.1333739,0.0314,0.7118228,0.8106065,0.193,0.06931402,0.2291509,0.0553,0.2584344,0.1795241,0.0671,0.08491232,0.0972085,0.0213,0.07346909,0.0740262,0.06,0.2097609,0.1712488,0.0676,0.3193711,0.2382191,0.0875,0.2831317,0.3521115,0.0887,0.6304745,0.3452037,0.17,0.3440373,0.4291854,0.149,0.206646,0.1763218,0.101,0.4569139,0.2359712,0.0698,0.2398684,0.3228274,0.0772,0.3763148,0.6964748,0.0967,0.2373932,0.3699189,0.0703,0.212293,0.3797637,0.0482,0.1144517,0.1094289,0.0729,0.2115078,0.1269731,0.0678,0.2831684,0.3282557,0.06,0.1226358,0.09816356,0.0485,0.1066861,0.08389763,0.0533
1.2,0.3344871,0.3473648,0.104,0.5799767,0.3397197,0.371,0.4331335,0.2442802,0.0373,0.263253,0.5196248,0.134,0.1475499,0.1383521,0.0369,0.2194212,0.2730735,0.034,0.1034675,0.04518737,0.025,0.1861181,0.3386287,0.0833,0.08809816,0.06746308,0.0235,0.1075769,0.07956275,0.0336,0.1492647,0.1399344,0.0499,0.6171477,0.3254965,0.101,0.1277251,0.1412433,0.0779,0.2970913,0.4521772,0.134,0.6890942,0.4058118,0.0933,0.3671407,0.269134,0.0803,0.3331336,0.2746777,0.0725,0.3860405,0.2009681,0.129,0.2262694,0.3863488,0.111,0.1314061,0.145391,0.0652,0.2582918,0.2915999,0.059,0.09447185,0.2520751,0.0512,0.1545756,0.2314751,0.0876,0.4225592,0.7634006,,0.634918,0.4254511,0.289,0.156267,0.2357719,0.0527,0.4309395,0.4245221,0.122,0.5339893,0.3567764,0.0572,0.181313,0.290319,0.173,0.3907053,0.2530647,0.0548,0.244743,0.09926081,0.053,0.1532768,0.1433081,0.0562,0.3899053,0.3714035,0.0922,0.3308724,0.2625688,0.0479,0.2744029,0.645748,0.105,0.1934534,0.2574161,0.0803,0.2550679,0.2617539,0.13,0.1958737,0.1081556,0.0909,0.3240351,0.218075,0.0695,0.2041731,0.2479658,0.0812,0.2236389,0.3413303,0.18,0.275581,0.2109944,0.0965,0.171917,0.1692189,0.078,0.1270023,0.115965,0.0715,0.3915391,0.4344733,0.183,0.1278074,0.1600179,0.0907,0.3211853,0.6428168,0.109,0.2977066,0.3128672,0.176,0.07250534,0.1250563,0.0228,0.6377502,0.7237888,0.418,0.3891738,0.1706487,0.135,0.314459,0.4400947,0.108,0.2355236,0.1570019,0.0376,0.7867528,0.9900362,0.167,0.3130089,0.3605728,0.0564,0.367467,0.3068738,0.0327,0.9396306,0.6056892,0.32,0.1265831,0.1957675,0.0305,0.4534237,0.4801892,0.0401,0.1208875,0.2432832,0.0414,0.08284064,0.163252,0.0671,0.1106122,0.1096579,0.0296,0.6515658,0.6361273,0.195,0.09228548,0.1703783,0.0581,0.2157162,0.1798075,0.0701,0.0732242,0.06028087,0.0243,0.07483266,0.09568758,0.0647,0.1708126,0.2266822,0.0733,0.3152737,0.2985537,0.07,0.360806,0.4352662,0.0907,0.5371729,0.3953387,0.188,0.2866758,0.250603,0.115,0.1689023,0.1745864,0.0808,0.3622622,0.2156874,0.0734,0.1559462,0.3025004,0.0762,0.3023342,0.6616142,0.074,0.2627374,0.3439625,0.0543,0.1337865,0.354426,0.0438,0.1070084,0.1113343,0.0665,0.1523697,0.1613664,0.0454,0.323039,0.2983062,0.0663,0.1321717,0.08857398,0.0454,0.0871358,0.07896584,0.0444
1.3,0.3704003,0.3263579,0.0787,0.404545,0.3227105,0.301,0.3873442,0.1449596,0.0392,0.2045075,0.389742,0.0994,0.1230417,0.16601,0.0323,0.231503,0.2664165,0.0408,0.1071209,0.05211717,0.0261,0.1763813,0.3079711,0.0747,0.07014404,0.04982355,0.017,0.1001868,0.09536697,0.031,0.1428274,0.1347021,0.0612,0.6573422,0.2460472,0.0922,0.1142189,0.1773917,0.0751,0.3658059,0.4346052,0.157,0.5661359,0.2959236,0.0818,0.3512374,0.2182563,0.0901,0.3011152,0.307889,0.0546,0.3220527,0.1828183,0.138,0.2813161,0.4715086,0.0886,0.171448,0.167723,0.0531,0.2067093,0.2640492,0.0669,0.08258005,0.1615,0.053,0.1569899,0.1829119,0.0774,0.4570357,0.7660454,,0.5883867,0.3734027,0.23,0.1494564,0.219353,0.0436,0.2879713,0.4384443,0.125,0.41126,0.2818682,0.0555,0.1730525,0.2274786,0.14,0.247475,0.2146894,0.0536,0.1572577,0.1184149,0.0557,0.148661,0.1207335,0.042,0.3412552,0.3115295,0.0821,0.2974772,0.2743867,0.0503,0.2471485,0.6613004,0.11,0.1668676,0.2544608,0.0585,0.2498849,0.3416997,0.134,0.1527295,0.09503763,0.072,0.3455946,0.1702327,0.0833,0.1726339,0.2443904,0.0769,0.2081403,0.3285336,0.158,0.2087532,0.2587605,0.0838,0.1529241,0.1879271,0.0619,0.13407,0.1742011,0.073,0.3838794,0.4727398,0.172,0.1990825,0.1875489,0.0944,0.297906,0.7195283,0.112,0.2543748,0.4328483,0.152,0.07074944,0.105665,0.0183,0.5121726,0.5046192,0.354,0.2534879,0.1802295,0.0864,0.2629281,0.418811,0.0959,0.1548914,0.1586494,0.0301,0.7647826,0.9461939,0.167,0.3122989,0.2527061,0.0564,0.5001773,0.2259959,0.0339,0.9668319,0.5453348,0.259,0.09383778,0.1581003,0.0349,0.4476901,0.4155691,0.0329,0.1082567,0.2271341,0.0317,0.05590836,0.1069629,0.0598,0.1434072,0.1419663,0.0297,0.6343542,0.6696281,0.179,0.07866342,0.1149492,0.0731,0.1956746,0.1530697,0.0834,0.05805068,0.0579187,0.0207,0.05841441,0.111288,0.0822,0.1704632,0.2051282,0.0739,0.3814552,0.2712979,0.0548,0.4287103,0.3911235,0.089,0.4785098,0.3616361,0.166,0.2938219,0.2382772,0.106,0.1813993,0.1937159,0.0816,0.2641533,0.1850771,0.0639,0.1131274,0.228871,0.0704,0.2706981,0.5429574,0.0555,0.2199629,0.3296947,0.0461,0.126265,0.2906034,0.0336,0.1435656,0.1331104,0.0676,0.1091955,0.1823399,0.0475,0.3870655,0.3012259,0.0627,0.09470818,0.0899788,0.0469,0.07114425,0.0774606,0.0374
1.4,0.3854702,0.3195038,0.0968,0.4860229,0.3108488,0.268,0.3859433,0.09850601,0.0371,0.1886047,0.2778207,0.0711,0.1186694,0.1831291,0.0247,0.202156,0.2646254,0.0345,0.07910206,0.0570451,0.0311,0.1658842,0.3341623,0.079,0.06920768,0.05593717,0.019,0.09820036,0.1173104,0.0282,0.130835,0.1378917,0.0661,0.6941881,0.310034,0.0897,0.1245502,0.203748,0.074,0.3593058,0.3809659,0.185,0.5269001,0.2064326,0.0858,0.3284943,0.183231,0.0845,0.2586309,0.2644033,0.0627,0.2639045,0.1817399,0.113,0.2977262,0.5680506,0.0814,0.142995,0.2026221,0.0647,0.1852288,0.2543103,0.0599,0.08778256,0.1430942,0.0478,0.1816404,0.2062031,0.0754,0.4453711,0.6405126,,0.5726321,0.3389235,0.169,0.1206062,0.2052829,0.0444,0.3085981,0.3648256,0.143,0.3245754,0.3287281,0.0575,0.1655118,0.2510006,0.0839,0.213894,0.1881019,0.054,0.141673,0.134309,0.0664,0.1418607,0.1237299,0.0499,0.2976422,0.22042,0.0913,0.2184583,0.2382918,0.0438,0.2326088,0.6243071,0.11,0.1433634,0.2884867,0.0729,0.218281,0.3205707,0.131,0.1604943,0.1025574,0.0717,0.387853,0.1880171,0.0764,0.165928,0.2318706,0.0864,0.2413533,0.2663669,0.102,0.1729255,0.2585647,0.0686,0.1584502,0.2359885,0.0569,0.1704938,0.2141138,0.0926,0.4653737,0.4116257,0.191,0.2209947,0.2244129,0.0821,0.251004,0.5279118,0.0943,0.2230683,0.4909595,0.178,0.07314401,0.08971784,0.0156,0.4764393,0.3554247,0.296,0.2049486,0.1644478,0.112,0.2564417,0.4348353,0.102,0.1540036,0.1676407,0.0311,0.7177176,0.8326306,0.177,0.2943291,0.2172019,0.0578,0.4019328,0.1884071,0.0296,0.9629036,0.4958698,0.314,0.07419924,0.1027573,0.0338,0.3178444,0.3520153,0.0394,0.09679589,0.1971058,0.0282,0.04888256,0.1172217,0.0568,0.1363379,0.1141898,0.0264,0.596127,0.7919859,0.154,0.05770501,0.1073216,0.0754,0.196026,0.1570575,0.0849,0.04566969,0.04932218,0.0138,0.06797605,0.1290434,0.0759,0.1519454,0.1943904,0.0815,0.3497472,0.2448521,0.0575,0.4707937,0.4190148,0.0829,0.3901613,0.2816066,0.11,0.3067139,0.2394771,0.107,0.2305831,0.1949301,0.0845,0.2537283,0.1714407,0.0448,0.1236051,0.1626219,0.0647,0.2884218,0.3743713,0.0412,0.1684481,0.2764723,0.0618,0.1304537,0.2125059,0.0266,0.1516063,0.1481265,0.0537,0.08836416,0.1409257,0.043,0.3960907,0.3768635,0.0454,0.07849344,0.09502774,0.057,0.06937785,0.08138584,0.0487
1.5,0.3980223,0.2888255,0.105,0.5416681,0.3792503,0.225,0.4600089,0.09337198,0.0305,0.2059912,0.2503933,0.0491,0.102714,0.1792563,0.0261,0.1977267,0.1897961,0.0366,0.05984369,0.04718845,0.0212,0.2119179,0.3822977,0.081,0.07245356,0.06309248,0.0237,0.08819423,0.1093211,0.0317,0.1125944,0.1324318,0.057,0.595812,0.2856188,0.11,0.1132432,0.1897097,0.0647,0.3174033,0.3794659,0.198,0.4965248,0.1757672,0.0882,0.3071823,0.1770549,0.0784,0.2209871,0.1999911,0.074,0.2697815,0.2001958,0.1,0.226672,0.4703853,0.107,0.1439359,0.1900529,0.0634,0.2161965,0.2210626,0.0605,0.08826884,0.1650555,0.0553,0.1893532,0.229526,0.0644,0.3510685,0.4409761,,0.5311185,0.3985416,0.147,0.1036808,0.1640407,0.0364,0.3493373,0.3728405,0.141,0.2817861,0.3743413,0.0655,0.1560952,0.3018957,0.0647,0.2059862,0.1438807,0.0665,0.1202334,0.1206841,0.0572,0.1341749,0.1043486,0.0536,0.2280568,0.2378354,0.0937,0.2004599,0.1973973,0.0434,0.2463026,0.5423126,0.0928,0.1884563,0.2532783,0.0733,0.2140082,0.3144879,0.142,0.1610941,0.1382862,0.0682,0.3764617,0.2464845,0.0682,0.173422,0.2385171,0.0713,0.2377933,0.2708541,0.121,0.1666172,0.2339004,0.0765,0.139065,0.1918245,0.0581,0.181083,0.1690928,0.104,0.6017687,0.300818,0.163,0.1769617,0.2414989,0.104,0.2865149,0.5534287,0.0891,0.2000244,0.3960429,0.176,0.08270816,0.07915933,0.0137,0.4812307,0.2754955,0.241,0.2519507,0.1263916,0.116,0.241827,0.3821911,0.103,0.1451879,0.1539496,0.0262,0.7217909,0.8187068,0.171,0.2415678,0.1998945,0.0524,0.3150803,0.2182822,0.0382,0.9383481,0.5783604,0.26,0.08047206,0.07657719,0.0261,0.2338544,0.2968192,0.0413,0.1004915,0.1660512,0.0278,0.06182015,0.1431013,0.0589,0.119136,0.1018074,0.0283,0.5490273,0.8651857,0.126,0.04717798,0.1374426,0.081,0.1773602,0.1256949,0.112,0.03880986,0.04169682,0.0162,0.08659334,0.1041599,0.0428,0.1623837,0.1633803,0.0847,0.2311098,0.2211673,0.0649,0.3875939,0.4117359,0.0777,0.3448581,0.2420107,0.117,0.2652339,0.2091432,0.111,0.174525,0.1986597,0.0605,0.180714,0.1618938,0.0469,0.1289893,0.1250614,0.0493,0.3061924,0.2387827,0.0379,0.1693341,0.3952457,0.051,0.09894331,0.154691,0.0299,0.1616754,0.1391633,0.0616,0.07284025,0.1290179,0.0441,0.3640175,0.3860286,0.0406,0.06912941,0.1061405,0.0577,0.06228935,0.07639255,0.0524
1.6,0.3893443,0.2491808,0.101,0.5359706,0.4394934,0.194,0.4885702,0.09994371,0.0222,0.231644,0.2500266,0.0432,0.09103282,0.1674976,0.0323,0.1479684,0.1867305,0.0337,0.05032479,0.04044954,0.0196,0.2337083,0.4803168,0.0813,0.08834107,0.06450702,0.0252,0.09569432,0.09947568,0.0274,0.09711092,0.1389229,0.0438,0.435382,0.1693215,0.103,0.09638347,0.172194,0.059,0.2662129,0.2806442,0.194,0.46731,0.1843551,0.0986,0.3052415,0.2084514,0.0989,0.1752902,0.1757832,0.0797,0.1902364,0.1767968,0.109,0.1750314,0.3718274,0.118,0.1231195,0.1977677,0.0704,0.2248954,0.1669303,0.0573,0.08108864,0.1652564,0.0538,0.1619983,0.2315375,0.0637,0.2865221,0.3921507,,0.4801044,0.3970686,0.146,0.08106137,0.129268,0.043,0.4018365,0.4426489,0.121,0.310786,0.3655652,0.0636,0.1914412,0.3781032,0.0718,0.1995416,0.1290247,0.0608,0.1125363,0.1363982,0.0671,0.1223685,0.08757389,0.0542,0.162605,0.2298576,0.074,0.1623103,0.1774818,0.0391,0.2173902,0.5028137,0.111,0.1635627,0.2145083,0.0546,0.2610711,0.3162722,0.126,0.1631228,0.1436431,0.0591,0.3708975,0.2312043,0.0761,0.171622,0.2579842,0.0855,0.2520531,0.2732648,0.119,0.1842968,0.2822159,0.088,0.1669114,0.1826361,0.0539,0.1796554,0.1364083,0.101,0.5878471,0.2190918,0.173,0.2017792,0.2160161,0.106,0.2938401,0.5352939,0.0693,0.1736561,0.3499087,0.165,0.07840939,0.07088426,0.0117,0.4859343,0.2411183,0.21,0.2807625,0.0999737,0.0888,0.2017061,0.4216569,0.0865,0.1203726,0.1223671,0.026,0.7649922,0.8568456,0.159,0.2035307,0.2021747,0.0485,0.2975833,0.211036,0.0398,0.9027964,0.591141,0.209,0.08203642,0.06454493,0.0211,0.2059149,0.2536994,0.0367,0.1071251,0.1442032,0.0274,0.07263391,0.1598886,0.0521,0.09532972,0.09278585,0.0284,0.5368972,0.6506845,0.107,0.05050143,0.1566305,0.0667,0.1545557,0.1107536,0.11,0.03514703,0.04467981,0.0139,0.09074719,0.127332,0.0357,0.1474122,0.121376,0.0736,0.1537716,0.1501361,0.0644,0.2569484,0.3076244,0.0878,0.3147622,0.1847709,0.134,0.1935565,0.1613871,0.0991,0.1662652,0.2080361,0.0516,0.1734648,0.1611468,0.0445,0.1381826,0.1167441,0.0384,0.265706,0.2057619,0.0312,0.2282348,0.4789252,0.0513,0.09632192,0.1649999,0.0323,0.1681919,0.1189359,0.058,0.07161527,0.121345,0.0425,0.3615248,0.3573162,0.0429,0.06010551,0.112149,0.0388,0.06110772,0.07384527,0.0407
1.7,0.3796636,0.208774,0.104,0.4597961,0.4788382,0.178,0.4233832,0.09591502,0.0194,0.2194098,0.2123564,0.0452,0.089269,0.1449669,0.0337,0.1307224,0.1788784,0.0286,0.06070086,0.04679635,0.0251,0.2111928,0.4040377,0.0946,0.09264067,0.06534056,0.0215,0.1119203,0.07939515,0.019,0.09284505,0.1233631,0.0506,0.3009435,0.1409289,0.094,0.08079997,0.1522652,0.0436,0.2222251,0.2157183,0.181,0.5042293,0.163614,0.0931,0.3012592,0.1768623,0.0967,0.1504585,0.1912425,0.0791,0.1585281,0.2021337,0.107,0.1982626,0.3515894,0.1,0.1057109,0.16792,0.0534,0.216151,0.1140416,0.0549,0.05913531,0.1341645,0.0468,0.12877,0.2061184,0.0517,0.2450342,0.3566114,,0.4196655,0.3200692,0.146,0.08830062,0.1146642,0.045,0.4787623,0.4631744,0.104,0.2969025,0.2886778,0.0576,0.2471287,0.3970869,0.0788,0.1849046,0.1181567,0.0558,0.1303797,0.1445999,0.073,0.1349995,0.06961564,0.0518,0.1281952,0.2108154,0.063,0.173527,0.1654685,0.0413,0.2136906,0.4546873,0.104,0.1454532,0.2042158,0.0398,0.2546431,0.2873594,0.102,0.1779514,0.1402173,0.0595,0.3388295,0.2169437,0.0701,0.1536726,0.2802241,0.0752,0.2172731,0.2517079,0.118,0.2112687,0.2509363,0.0861,0.177293,0.1750121,0.0571,0.1902691,0.1186115,0.0782,0.4696866,0.264098,0.205,0.245888,0.1991185,0.0974,0.2764247,0.4804585,0.0575,0.1438953,0.4337161,0.209,0.06635865,0.0677266,0.0104,0.501296,0.2291131,0.196,0.2856187,0.1110193,0.0975,0.1850801,0.3950723,0.083,0.152741,0.1107989,0.0324,0.7820945,0.9206131,0.156,0.1840783,0.24115,0.0488,0.2769256,0.1471037,0.0367,0.9405402,0.60574,0.228,0.09339199,0.06244067,0.0274,0.1867842,0.2178824,0.0303,0.09553251,0.1234846,0.0277,0.06715836,0.1524539,0.0598,0.1036964,0.08519968,0.0265,0.4658235,0.4881708,0.0921,0.05122514,0.1533917,0.0696,0.1456517,0.131945,0.0825,0.02946536,0.04257631,0.0112,0.1034013,0.1582839,0.041,0.1382982,0.1013215,0.0775,0.1437472,0.1601078,0.0637,0.2407876,0.3576731,0.11,0.3301937,0.213872,0.0966,0.1856309,0.1889524,0.0881,0.1725737,0.1984044,0.0444,0.2066391,0.2001315,0.0457,0.1374121,0.1442772,0.039,0.2501704,0.2044893,0.0363,0.2595401,0.401513,0.0624,0.120341,0.2036707,0.0321,0.1546645,0.1023066,0.0535,0.07644662,0.09823932,0.0441,0.3232028,0.3174149,0.0364,0.04850398,0.1167339,0.0351,0.05445413,0.07505194,0.0323
1.8,0.3528555,0.1746356,0.123,0.3578998,0.4684717,0.16,0.3486816,0.0950732,0.0207,0.2406458,0.1484234,0.045,0.07962986,0.1206448,0.029,0.1398596,0.1365086,0.0253,0.06609769,0.05432714,0.022,0.1871061,0.2774161,0.0858,0.08741581,0.06778812,0.0186,0.1063212,0.0612505,0.0186,0.1215713,0.09922295,0.051,0.2115879,0.0986021,0.0669,0.06777131,0.1362647,0.0409,0.1732547,0.1991921,0.175,0.4993912,0.1704742,0.0965,0.2839893,0.1475364,0.0695,0.1629319,0.2114639,0.0776,0.1385419,0.1999108,0.1,0.2387122,0.3621304,0.0933,0.1261452,0.1327635,0.0552,0.1989698,0.1188284,0.056,0.05414029,0.1052037,0.0362,0.09052959,0.1579764,0.045,0.2098172,0.3579313,,0.3992029,0.2966424,0.122,0.08769951,0.1015885,0.0415,0.4430825,0.3887914,0.111,0.2472383,0.2352057,0.065,0.2457518,0.3806083,0.0734,0.1808493,0.1190994,0.0576,0.1303876,0.1241067,0.0529,0.1332231,0.06942446,0.0552,0.1222106,0.1753295,0.0564,0.172282,0.1288348,0.0496,0.2196094,0.4103908,0.098,0.181755,0.2048849,0.0473,0.2214521,0.3017453,0.111,0.1895946,0.1234949,0.0607,0.3378195,0.229019,0.0868,0.1512761,0.2345702,0.0814,0.2087727,0.276586,0.136,0.2000329,0.1912037,0.0767,0.1765143,0.2025356,0.0546,0.1369668,0.1161702,0.0541,0.3781561,0.2930222,0.182,0.2668497,0.2120979,0.0978,0.2532767,0.4108471,0.0723,0.140575,0.4970344,0.239,0.06010753,0.06463116,0.00978,0.4986542,0.2255452,0.18,0.2667847,0.1083913,0.117,0.1752989,0.2995855,0.0605,0.1595962,0.1110458,0.0331,0.7847866,1.147746,0.163,0.1801856,0.2216498,0.0457,0.2309185,0.1471204,0.0362,1.055194,0.7159383,0.29,0.1038739,0.06509404,0.0305,0.1716224,0.1962313,0.0276,0.1349947,0.1040584,0.0266,0.05985743,0.1367131,0.0487,0.1268092,0.079129,0.0301,0.4135464,0.473009,0.0797,0.05634102,0.137239,0.0745,0.1986033,0.155769,0.0542,0.02629543,0.03889137,0.0131,0.08661255,0.1197425,0.0408,0.1552724,0.08908072,0.0711,0.1270227,0.1759828,0.0653,0.2419648,0.3747755,0.113,0.3171706,0.1953386,0.091,0.1911791,0.1980241,0.0788,0.1898105,0.1566282,0.0468,0.2135257,0.2203882,0.05,0.142361,0.1535329,0.0448,0.2041287,0.1787531,0.0315,0.1883529,0.3040839,0.0594,0.1158056,0.2158474,0.0299,0.1377456,0.1083725,0.0505,0.08057082,0.08495885,0.0425,0.2752868,0.3104895,0.0354,0.05237568,0.09655751,0.0314,0.0493008,0.07613982,0.0255
1.9,0.3163216,0.1513208,0.115,0.2511196,0.4254636,0.144,0.2693712,0.09807947,0.0189,0.252913,0.1512847,0.047,0.07100925,0.1009533,0.0282,0.1575601,0.1356731,0.03,0.05061143,0.03664194,0.0212,0.1601434,0.2354958,0.0907,0.08606897,0.06629674,0.0178,0.08805147,0.06022305,0.0195,0.1285502,0.1203916,0.0402,0.185147,0.0947642,0.0521,0.05929983,0.1230167,0.0419,0.1484228,0.1818509,0.169,0.4494019,0.1569489,0.101,0.2824197,0.1467521,0.0615,0.1554849,0.2116487,0.066,0.1466933,0.1696439,0.117,0.2536685,0.3544377,0.101,0.1263274,0.1064618,0.051,0.1763518,0.1046756,0.0599,0.0496346,0.09152733,0.0293,0.08035699,0.1119839,0.0413,0.1974462,0.4516549,,0.3666597,0.2505271,0.126,0.07590094,0.09103783,0.0372,0.3734991,0.390219,0.137,0.2342645,0.2320885,0.0789,0.2292951,0.3357902,0.0605,0.1605383,0.1114855,0.0507,0.119004,0.1319938,0.0488,0.1266793,0.07497334,0.0531,0.1214612,0.1475103,0.05,0.1551859,0.1454986,0.0382,0.2668396,0.3898513,0.107,0.1961272,0.1988409,0.0503,0.2255147,0.2691853,0.12,0.1960317,0.1234808,0.068,0.3280883,0.2034327,0.091,0.1382345,0.2237091,0.0981,0.224429,0.2949318,0.135,0.215285,0.1574245,0.0711,0.17975,0.2419387,0.0529,0.1483526,0.1301134,0.0459,0.3228287,0.2540563,0.145,0.2364273,0.2099802,0.107,0.2300475,0.373835,0.0735,0.1296463,0.4755655,0.253,0.05328126,0.06204435,0.0115,0.437047,0.2235037,0.163,0.2333482,0.09005655,0.109,0.1883496,0.2491404,0.0555,0.1334093,0.08837005,0.0319,0.8534948,1.270804,0.191,0.1999869,0.1734094,0.0392,0.2439146,0.1508939,0.036,1.142098,0.8824741,0.308,0.09460342,0.06931489,0.0253,0.1910573,0.1775923,0.0276,0.1473848,0.08584793,0.0268,0.05120835,0.1146039,0.0549,0.1377448,0.06943562,0.0392,0.4034922,0.5236479,0.0693,0.04933754,0.11575,0.0745,0.2173198,0.1550221,0.0474,0.02414239,0.03269511,0.0131,0.07788438,0.1094952,0.035,0.1541727,0.09122081,0.0576,0.1172404,0.1287285,0.0682,0.2826536,0.3655755,0.1,0.3019942,0.2057063,0.109,0.1657894,0.2149213,0.0795,0.2468209,0.1637763,0.0548,0.1966037,0.2183905,0.0485,0.1289814,0.1458822,0.0428,0.1728656,0.1970629,0.0345,0.13224,0.253844,0.0483,0.1002552,0.207599,0.0315,0.1227183,0.1189082,0.0527,0.07606309,0.0727248,0.0323,0.2738957,0.3249975,0.0405,0.06063598,0.08804423,0.0345,0.05322298,0.07814003,0.0234
2,0.2777683,0.129031,0.102,0.2015606,0.3636795,0.122,0.2404916,0.08521415,0.0173,0.2450087,0.1740371,0.0504,0.06252187,0.08487003,0.0322,0.119199,0.1176924,0.0284,0.0460486,0.03415851,0.0248,0.157376,0.2230355,0.0704,0.08445791,0.06379997,0.0185,0.0852206,0.05145012,0.0209,0.1158345,0.1537623,0.0372,0.1612927,0.109045,0.0358,0.05170808,0.110584,0.0425,0.1363231,0.1640337,0.158,0.3800545,0.1414161,0.0965,0.2712644,0.1423528,0.0715,0.1345877,0.1931946,0.0583,0.1643932,0.1289946,0.142,0.2553407,0.3802482,0.0912,0.1318935,0.09102074,0.0466,0.148505,0.1034668,0.0656,0.05000301,0.08480341,0.0271,0.07411751,0.09163636,0.0376,0.1814914,0.4945834,,0.374805,0.3016543,0.13,0.08962739,0.09000541,0.0429,0.3249547,0.3725808,0.154,0.1778042,0.244238,0.103,0.2011253,0.2680346,0.0473,0.1576484,0.1003472,0.0568,0.09703226,0.1036017,0.0547,0.1129892,0.0861842,0.043,0.1414311,0.1195043,0.0447,0.1652526,0.1728819,0.0391,0.3071218,0.3673236,0.127,0.1818899,0.1922622,0.0504,0.2479759,0.1962798,0.143,0.1766354,0.1348373,0.0749,0.2828485,0.1596754,0.0717,0.1687118,0.1937623,0.0975,0.2798949,0.3084462,0.135,0.2233426,0.1364141,0.0817,0.1655319,0.2531397,0.0554,0.1389091,0.1471946,0.0456,0.2826548,0.2452307,0.127,0.2207986,0.1859806,0.132,0.2177896,0.3885497,0.069,0.1461329,0.4955199,0.251,0.04899029,0.05671365,0.0118,0.4174197,0.219868,0.146,0.1954379,0.07844196,0.0952,0.1584333,0.2294663,0.0462,0.1147936,0.1017767,0.0295,0.9524989,1.278681,0.211,0.2131135,0.1640199,0.0338,0.2267057,0.1359925,0.0376,1.203116,1.034395,0.304,0.09353217,0.07518601,0.024,0.2053639,0.1588066,0.0328,0.1332827,0.08684229,0.0314,0.05141251,0.1032075,0.0489,0.1306226,0.07151774,0.0387,0.3726847,0.4867858,0.062,0.04534338,0.1012275,0.0677,0.1659441,0.1253326,0.0521,0.02270496,0.02491964,0.0122,0.09923872,0.09793084,0.0307,0.1778118,0.08160743,0.0663,0.1319656,0.1306668,0.0807,0.2741891,0.3203464,0.0907,0.2898049,0.2162257,0.115,0.170659,0.1756386,0.073,0.2514404,0.1456607,0.0634,0.1932305,0.2425891,0.0411,0.0978713,0.1442855,0.0356,0.147598,0.1785184,0.0332,0.1223977,0.2083262,0.0538,0.08925628,0.1930891,0.0413,0.1028167,0.1220883,0.0544,0.06748108,0.06119183,0.0279,0.275961,0.3230127,0.0466,0.0603901,0.07802562,0.0344,0.05896473,0.08424035,0.028
2.2,0.2141811,0.09276142,0.0892,0.1680473,0.2453326,0.101,0.2131143,0.06437985,0.0168,0.1888093,0.1772344,0.0444,0.05331423,0.06700242,0.04,0.08952095,0.1056172,0.0209,0.03217728,0.03047178,0.0181,0.1494372,0.1898693,0.0575,0.07355934,0.05770053,0.0202,0.08489508,0.04950136,0.0144,0.08525967,0.1796652,0.0359,0.1250746,0.07107186,0.0243,0.05189848,0.1074057,0.0539,0.1113679,0.1296082,0.121,0.3046511,0.1554626,0.134,0.2322761,0.1282311,0.0833,0.1829409,0.1594948,0.0538,0.132164,0.1259058,0.167,0.2188106,0.3970304,0.0922,0.1151557,0.08719815,0.0629,0.1275439,0.1053436,0.0694,0.04516651,0.07527056,0.0279,0.09151559,0.08408023,0.0453,0.1527261,0.4289192,,0.3432486,0.3383216,0.109,0.07535347,0.09888088,0.0379,0.2738986,0.3019145,0.185,0.1511743,0.2559433,0.114,0.1271195,0.1713528,0.0363,0.2313955,0.1019182,0.0473,0.06203037,0.1180054,0.0742,0.1266088,0.08658818,0.0316,0.1588765,0.1001146,0.0374,0.1402831,0.1736066,0.0449,0.3106463,0.3145792,0.13,0.1882044,0.1776586,0.0414,0.2756657,0.1768342,0.129,0.1373016,0.1253478,0.106,0.1668372,0.1229307,0.0556,0.1621212,0.2026433,0.114,0.2583609,0.3688421,0.137,0.2286458,0.1558046,0.0919,0.1399785,0.2726042,0.0658,0.1359123,0.1745277,0.0471,0.2360686,0.2549635,0.165,0.1809581,0.1848638,0.148,0.2377805,0.3773684,0.0785,0.1294756,0.4410628,0.231,0.04014412,0.04638216,0.00825,0.3961408,0.2034183,0.113,0.1428936,0.08407471,0.0731,0.1125436,0.1661515,0.0407,0.1203713,0.07783102,0.0248,1.020367,1.128138,0.196,0.1794535,0.1245458,0.0288,0.153921,0.0976008,0.0409,1.252298,1.169469,0.249,0.08110077,0.0531015,0.0263,0.1756701,0.122129,0.0372,0.1285394,0.06082318,0.0252,0.05494206,0.05726475,0.0387,0.1329924,0.09185959,0.0308,0.2852601,0.2967688,0.0624,0.06074053,0.06261696,0.0495,0.1258965,0.09466849,0.0606,0.01625237,0.01697094,0.0111,0.1052319,0.1072168,0.0244,0.2102759,0.09953684,0.0751,0.1367109,0.147645,0.0748,0.2074811,0.3326499,0.104,0.3128189,0.257413,0.0859,0.1942627,0.1370454,0.0518,0.2406436,0.1494197,0.0593,0.2540725,0.2401653,0.0413,0.09363311,0.1048357,0.0315,0.128244,0.1580453,0.0419,0.1105129,0.1585264,0.0422,0.09177282,0.1454386,0.034,0.1412345,0.1295862,0.0569,0.05896914,0.0527642,0.0288,0.2524969,0.317677,0.0508,0.04711945,0.07723805,0.0324,0.06534068,0.08413707,0.0334
2.4,0.1732793,0.08886935,0.0606,0.1535363,0.2264028,0.0961,0.1868095,0.05167976,0.0198,0.1716747,0.1131488,0.0351,0.04977887,0.05777435,0.0347,0.06829909,0.108738,0.018,0.03604741,0.03207355,0.0141,0.1363353,0.1620564,0.0532,0.0656805,0.04708865,0.0186,0.09065677,0.06209058,0.0142,0.08628473,0.2177798,0.0507,0.1170045,0.05314358,0.0288,0.04426102,0.09801421,0.0531,0.08804825,0.09929758,0.0915,0.2517201,0.1279566,0.102,0.1889019,0.1145221,0.084,0.220152,0.2238412,0.0509,0.1152851,0.1198173,0.194,0.1510085,0.2662922,0.0964,0.08225132,0.08075956,0.0754,0.1554812,0.1066523,0.0637,0.03859469,0.06861594,0.0241,0.08035295,0.07639694,0.0523,0.1660403,0.3357548,,0.2549402,0.2649274,0.0677,0.05265667,0.1293539,0.0474,0.183113,0.2938723,0.193,0.1334272,0.1696481,0.105,0.09525643,0.1123563,0.0287,0.1868473,0.09062331,0.0489,0.059803,0.1018105,0.047,0.1489299,0.09771459,0.0378,0.1457613,0.0806969,0.0312,0.175562,0.1161745,0.0552,0.2462,0.2479871,0.0922,0.2307071,0.1714296,0.0406,0.2899239,0.1754149,0.135,0.1590986,0.1186917,0.0768,0.1149036,0.1447964,0.0474,0.1411963,0.1986645,0.112,0.2075258,0.2655368,0.128,0.2228137,0.1268619,0.0807,0.158618,0.2265146,0.072,0.1894281,0.1322924,0.0578,0.2818226,0.2602675,0.151,0.1426814,0.1595884,0.128,0.2280177,0.3292674,0.0885,0.1112275,0.3609172,0.183,0.03550093,0.0415073,0.00803,0.3537889,0.1759241,0.0844,0.112756,0.06911405,0.0567,0.1013341,0.1094745,0.0406,0.1056665,0.04948074,0.0257,0.9721596,0.9192036,0.157,0.1255255,0.0977896,0.0271,0.1198345,0.1166379,0.0323,1.284093,1.138402,0.213,0.06717175,0.04877881,0.0187,0.1324384,0.09035446,0.0298,0.1145801,0.04811809,0.0199,0.03456278,0.04269835,0.0473,0.0870388,0.06785677,0.0256,0.2469223,0.3015062,0.0584,0.03998164,0.03900463,0.0431,0.1227065,0.09812927,0.0419,0.01392948,0.01425638,0.0122,0.07976312,0.09992262,0.0167,0.2522786,0.1094149,0.0817,0.1500447,0.1051538,0.0813,0.2084822,0.2785515,0.147,0.4137598,0.3452546,0.107,0.1879323,0.1553736,0.0506,0.2278096,0.1515827,0.0614,0.1887484,0.1834215,0.056,0.07769633,0.1128696,0.033,0.1024488,0.162434,0.0534,0.1329123,0.1633735,0.0439,0.09692317,0.09904209,0.0271,0.1356409,0.1648983,0.0667,0.06315015,0.05290743,0.0263,0.2991221,0.3460387,0.0488,0.03662032,0.07187048,0.0332,0.05212646,0.09117802,0.0331
2.5,0.1573347,0.1045849,0.0519,0.1479186,0.2286794,0.0898,0.1680167,0.0482406,0.0211,0.1631176,0.0986838,0.0328,0.04598727,0.05602397,0.0361,0.06848045,0.1054253,0.0142,0.03407385,0.03129311,0.015,0.1358916,0.1727633,0.0491,0.062644,0.04566854,0.0186,0.07863361,0.07123308,0.0161,0.09094191,0.2325009,0.061,0.1093809,0.05356993,0.0275,0.0372779,0.08981872,0.0503,0.07752143,0.09882411,0.0799,0.233219,0.125536,0.0897,0.1730395,0.121559,0.0884,0.2343542,0.2539095,0.059,0.1052901,0.1147295,0.197,0.1298832,0.227676,0.0798,0.07343948,0.08649886,0.0753,0.1468031,0.09795511,0.066,0.03988783,0.06241601,0.0216,0.07438131,0.07336807,0.0533,0.1801112,0.2927961,,0.2126469,0.2165119,0.0591,0.05228383,0.1224123,0.041,0.1778168,0.2748436,0.185,0.1162892,0.1478297,0.105,0.08003693,0.09468567,0.0248,0.1630906,0.07753163,0.0491,0.05821728,0.08931163,0.0372,0.1344506,0.1122473,0.0428,0.1335651,0.06785467,0.0301,0.1528651,0.09373148,0.0499,0.2026113,0.2196193,0.0973,0.2061795,0.1710742,0.034,0.2811275,0.1383444,0.147,0.1450272,0.1308161,0.0759,0.1071524,0.1504778,0.0475,0.1576334,0.185229,0.129,0.2219119,0.2450788,0.157,0.2323804,0.1180967,0.0828,0.1701737,0.2635028,0.0681,0.156552,0.11405,0.0596,0.2530623,0.2424903,0.147,0.1723423,0.1581332,0.137,0.2123496,0.3076126,0.0904,0.09773825,0.3034204,0.159,0.03555461,0.03820683,0.00878,0.3216037,0.1598483,0.0724,0.09995048,0.06099065,0.0442,0.09772531,0.1062561,0.0435,0.1034622,0.04940907,0.0225,0.9090684,0.8089074,0.137,0.1072707,0.07669115,0.0243,0.1026742,0.1265081,0.0295,1.284999,1.084177,0.196,0.05553044,0.05050854,0.0174,0.1176937,0.08185768,0.031,0.08976419,0.04413572,0.0148,0.03657623,0.03913766,0.0493,0.09370082,0.06122702,0.0207,0.2296571,0.2991723,0.0555,0.03647886,0.03074698,0.0412,0.1256708,0.1192892,0.0473,0.01284733,0.01426375,0.0137,0.07570514,0.09690482,0.0151,0.2694781,0.1049228,0.083,0.1605591,0.1134705,0.0879,0.2597046,0.2446424,0.146,0.429643,0.3025084,0.104,0.1527133,0.1382911,0.0474,0.1969285,0.1600024,0.0719,0.1458566,0.1831789,0.0561,0.0656546,0.1175021,0.0344,0.09537666,0.1633664,0.0482,0.1328797,0.1370363,0.0493,0.09114509,0.09118015,0.0261,0.1161472,0.1751545,0.0722,0.05432177,0.05820207,0.0261,0.3304822,0.3812926,0.0491,0.03888319,0.06414007,0.0332,0.05758262,0.09524888,0.0402
2.6,0.1447424,0.09844373,0.0472,0.1500824,0.2287739,0.0811,0.1555074,0.04707164,0.0223,0.1531415,0.08645077,0.0322,0.047208,0.06214584,0.0409,0.07437696,0.09157535,0.0114,0.02813782,0.02835866,0.0137,0.1429271,0.1752909,0.0498,0.06063778,0.03769434,0.0178,0.06669681,0.07303821,0.0151,0.09606666,0.2271781,0.0608,0.09660169,0.05069204,0.0247,0.03459833,0.0803651,0.0446,0.06790134,0.09897806,0.0705,0.2220254,0.1325628,0.0933,0.1675927,0.1448674,0.0898,0.2589988,0.2739535,0.0681,0.08411438,0.1278975,0.187,0.1212665,0.1970342,0.0632,0.07992356,0.08024587,0.0722,0.1318132,0.08663645,0.063,0.0385553,0.05465577,0.0205,0.06499233,0.06955209,0.051,0.1555005,0.2425747,,0.1784283,0.1661614,0.0568,0.05485665,0.1046934,0.0352,0.1646207,0.2398639,0.171,0.1084133,0.1328961,0.089,0.06640105,0.08438805,0.0255,0.1254445,0.06940107,0.0461,0.05635389,0.07556716,0.0297,0.1061677,0.1238227,0.047,0.1225455,0.05590229,0.0278,0.1107777,0.0774495,0.0432,0.1638853,0.1947801,0.116,0.1675328,0.16924,0.0403,0.2438832,0.1188278,0.167,0.1510425,0.1306439,0.0917,0.0955013,0.1651851,0.0522,0.1712648,0.1889835,0.149,0.2472695,0.2211081,0.179,0.2242711,0.1186006,0.0917,0.1784692,0.2509441,0.0698,0.1409119,0.1049488,0.0582,0.2429298,0.2160636,0.191,0.1836161,0.1526471,0.154,0.2033496,0.2887703,0.0831,0.09358601,0.2916126,0.144,0.03454634,0.03432027,0.00998,0.3088155,0.1432783,0.062,0.0945682,0.06517418,0.0423,0.09922854,0.09931844,0.0434,0.1026931,0.04889083,0.0233,0.849308,0.7027521,0.115,0.09314007,0.06056342,0.0233,0.08858608,0.1157826,0.0287,1.258496,0.9939306,0.175,0.04290489,0.04620125,0.0194,0.1012562,0.07583364,0.0317,0.07956964,0.04137578,0.0155,0.034133,0.04904785,0.0455,0.08503003,0.06503223,0.0159,0.2143834,0.2894872,0.0527,0.03432247,0.03748986,0.0367,0.1298118,0.1292492,0.0492,0.01219571,0.01453234,0.0139,0.07313327,0.100004,0.0143,0.280052,0.1036467,0.0787,0.1493956,0.1059719,0.0832,0.2888501,0.2207541,0.151,0.3685917,0.267523,0.0832,0.1305258,0.1116016,0.0413,0.1843031,0.1510157,0.0739,0.1474012,0.1714387,0.0521,0.07735489,0.1243926,0.037,0.09203893,0.1562484,0.0389,0.1204601,0.1036041,0.0531,0.08083454,0.08624319,0.0286,0.1004719,0.1904003,0.0744,0.04254556,0.06446784,0.0291,0.3088906,0.3982269,0.0491,0.04253708,0.06023666,0.0367,0.05611542,0.09795761,0.0395
2.8,0.1331044,0.07536149,0.0375,0.1545745,0.2020363,0.0779,0.1370838,0.04114668,0.0245,0.1314024,0.06988942,0.0322,0.05466045,0.06033367,0.0387,0.06739793,0.07090568,0.0131,0.01888533,0.0250445,0.0122,0.1595162,0.1193296,0.0637,0.05513144,0.03103149,0.0148,0.0611629,0.0580354,0.0131,0.1034192,0.1703835,0.0523,0.08072471,0.04466673,0.0181,0.02941919,0.06107836,0.0307,0.06755059,0.08686614,0.0581,0.1995921,0.1395071,0.105,0.1510118,0.1374038,0.0676,0.320737,0.2962748,0.0821,0.07240345,0.1352811,0.16,0.1206492,0.1653182,0.0519,0.07365794,0.04883411,0.0585,0.1009873,0.0632844,0.0459,0.0301466,0.03888977,0.018,0.0442976,0.05028521,0.0378,0.1123882,0.1581575,,0.1360212,0.11759,0.0602,0.04610102,0.07684108,0.0355,0.1521264,0.1645015,0.119,0.1227286,0.107556,0.0621,0.05187778,0.06647035,0.0222,0.08831365,0.07115918,0.0492,0.06814297,0.05433809,0.0271,0.06974394,0.1277136,0.0443,0.1129148,0.04628477,0.0221,0.07554926,0.07529956,0.0489,0.1340575,0.152817,0.145,0.134854,0.1776349,0.0391,0.2580503,0.1232883,0.187,0.2307249,0.1110351,0.11,0.1007378,0.171448,0.0519,0.1448331,0.2722394,0.153,0.242339,0.1687885,0.186,0.1997083,0.1598241,0.1,0.2010983,0.2100916,0.0682,0.1548952,0.1057952,0.0706,0.2222643,0.1863298,0.17,0.1368442,0.1266578,0.183,0.2102382,0.2616738,0.0699,0.08643256,0.2399486,0.113,0.02939081,0.02885089,0.0116,0.2769163,0.1112883,0.0493,0.1044345,0.07210083,0.0397,0.0906101,0.0803221,0.0353,0.09263829,0.04258539,0.0318,0.7186216,0.5265207,0.0759,0.09444531,0.06426151,0.0223,0.06539277,0.07758515,0.0263,1.265051,0.8408361,0.131,0.03471501,0.02930538,0.0177,0.0696378,0.07656967,0.0285,0.0654401,0.02743638,0.0144,0.03498843,0.05049087,0.0424,0.08081413,0.05911763,0.0221,0.1974301,0.3117574,0.0592,0.02874697,0.04338728,0.0394,0.1192721,0.1303309,0.0452,0.01056573,0.01851335,0.011,0.05608101,0.08263133,0.0131,0.2839791,0.1386703,0.0663,0.1210546,0.1264183,0.09,0.2713386,0.2096351,0.156,0.2485623,0.2411122,0.0478,0.1122074,0.09420041,0.0332,0.1638703,0.1514408,0.0946,0.1374843,0.1355863,0.041,0.07607482,0.1069104,0.0379,0.09693755,0.1340975,0.0418,0.1102503,0.09869043,0.0665,0.05502645,0.08150099,0.0382,0.08217917,0.177823,0.0787,0.0371236,0.07366589,0.0283,0.218212,0.3435864,0.0429,0.04643421,0.05128467,0.0444,0.05999486,0.09152469,0.0379
3,0.1206048,0.05768216,0.0327,0.1660261,0.1715273,0.0663,0.1158642,0.03248077,0.025,0.1100464,0.0517248,0.0316,0.0555419,0.0518213,0.0295,0.05137032,0.07113276,0.0141,0.0220808,0.02110547,0.0105,0.1572121,0.09127083,0.0647,0.04922779,0.02616992,0.0127,0.05218018,0.05179913,0.0148,0.1100111,0.1167496,0.0407,0.07146285,0.03753819,0.0172,0.02499662,0.04528919,0.0259,0.08885916,0.07058789,0.0505,0.1778503,0.1145738,0.0829,0.1368931,0.1360648,0.0588,0.3416668,0.3049221,0.0727,0.06311271,0.1307339,0.128,0.09689183,0.1364423,0.043,0.06976327,0.0366669,0.0444,0.08190134,0.04689096,0.0331,0.02423452,0.02897094,0.0161,0.0401159,0.03761546,0.0251,0.1075075,0.1159314,,0.1189328,0.1072734,0.0689,0.05261962,0.09107052,0.0335,0.1641333,0.1338695,0.0952,0.1113388,0.08688987,0.0578,0.04214706,0.0527905,0.0163,0.0794684,0.0499051,0.0416,0.07385174,0.06363697,0.0241,0.06419241,0.09784885,0.0533,0.0918308,0.04572105,0.0226,0.06754804,0.05738853,0.0492,0.1601103,0.1195472,0.152,0.1229556,0.1876972,0.0378,0.2373088,0.105207,0.179,0.2137238,0.1093501,0.122,0.1247026,0.162748,0.0442,0.1427889,0.242967,0.144,0.2092416,0.1738977,0.171,0.2355061,0.1844471,0.138,0.2223417,0.2031037,0.0708,0.1447428,0.1267316,0.0724,0.2507415,0.1794057,0.169,0.1158854,0.1425919,0.23,0.2253771,0.2497334,0.0561,0.08182167,0.2001961,0.0879,0.02102105,0.02453345,0.0108,0.2414458,0.08988245,0.0423,0.09521163,0.07072882,0.0425,0.08880886,0.07203503,0.0215,0.06858092,0.04289268,0.0336,0.5824254,0.4033918,0.0625,0.09494396,0.05042286,0.024,0.0627077,0.06302686,0.0273,1.308332,0.7064219,0.104,0.02835487,0.02965362,0.0245,0.06031463,0.0648659,0.0238,0.05365006,0.02621934,0.0214,0.03883217,0.04364721,0.0507,0.0787442,0.04799391,0.0239,0.1905648,0.2998168,0.0507,0.03669778,0.04106303,0.0422,0.1094572,0.1178619,0.0318,0.012474,0.0168957,0.00912,0.05556988,0.05200524,0.0119,0.2612314,0.1364808,0.0603,0.1163929,0.09164643,0.103,0.3184138,0.1869407,0.19,0.1595163,0.1769865,0.0341,0.1028999,0.07857138,0.0339,0.1630897,0.1475284,0.134,0.1191174,0.1337219,0.0511,0.06536726,0.07966584,0.0364,0.09890163,0.1195289,0.0491,0.0969151,0.1243427,0.0732,0.0555881,0.06516801,0.0315,0.07896674,0.1328939,0.0862,0.03795927,0.08617359,0.0336,0.154216,0.2802922,0.0311,0.04387392,0.04599702,0.0469,0.05798623,0.06925721,0.0397
3.2,0.107793,0.06019782,0.0281,0.18297,0.1586141,0.052,0.09465021,0.02773316,0.0245,0.091465,0.04056277,0.0303,0.05314709,0.04618977,0.0208,0.05096396,0.07217482,0.0114,0.02180307,0.02025239,0.00907,0.1654507,0.1091909,0.0645,0.04387354,0.02380217,0.0116,0.04340596,0.04165618,0.0151,0.1090166,0.07960237,0.0288,0.05664412,0.03303136,0.0182,0.02248124,0.03503704,0.0237,0.1019734,0.05925898,0.0441,0.1573448,0.09239227,0.105,0.1219739,0.1322804,0.0605,0.3063579,0.2819045,0.0438,0.05467529,0.1161115,0.108,0.08218396,0.1123732,0.0342,0.05625568,0.0309865,0.0344,0.07143219,0.04883287,0.0252,0.01832015,0.02328059,0.0147,0.03274808,0.02735324,0.0211,0.0841944,0.1088405,,0.1116392,0.09764163,0.0704,0.06765611,0.07979191,0.0283,0.1399868,0.1200559,0.0811,0.1166028,0.07474572,0.0703,0.0348871,0.04275291,0.0119,0.08824947,0.04553859,0.036,0.07285816,0.06860877,0.0223,0.06707705,0.07234912,0.0552,0.08506945,0.04727855,0.0204,0.06001649,0.05778851,0.0412,0.1995888,0.09509606,0.139,0.1048393,0.1702137,0.0332,0.2444052,0.1101905,0.157,0.1746543,0.08747875,0.125,0.1674836,0.1440879,0.0465,0.1570021,0.2055696,0.119,0.2397979,0.1602562,0.152,0.2311041,0.171931,0.18,0.2071479,0.2180835,0.0861,0.1224124,0.160243,0.0931,0.2204914,0.1856778,0.19,0.1150526,0.1774117,0.236,0.2378009,0.2481827,0.0595,0.06903201,0.1471681,0.0745,0.01861612,0.02066974,0.00961,0.206968,0.08508772,0.0359,0.07450787,0.06715904,0.0385,0.06345544,0.0722677,0.0169,0.06652161,0.04508331,0.0348,0.4457059,0.3126502,0.0566,0.07973541,0.05175619,0.0251,0.0775122,0.05438962,0.0263,1.17809,0.5666254,0.0806,0.01780084,0.02751045,0.0207,0.05662692,0.05111026,0.0196,0.04361396,0.03029485,0.0201,0.03698801,0.03823153,0.0519,0.06908407,0.04108135,0.0216,0.1582246,0.2598347,0.0537,0.03641452,0.0359235,0.0491,0.088901,0.1094195,0.0244,0.01234903,0.01609962,0.00904,0.0455944,0.04210106,0.0118,0.2381908,0.109389,0.055,0.116627,0.1008402,0.0981,0.3516836,0.1747942,0.18,0.1481203,0.1119614,0.0315,0.1022143,0.07036964,0.035,0.1477787,0.1607452,0.122,0.1138599,0.1328537,0.0615,0.07986677,0.1069161,0.0437,0.08459698,0.09847034,0.0475,0.1275864,0.1268847,0.0682,0.06463873,0.06542096,0.0304,0.1004846,0.1164547,0.0876,0.03683957,0.08624248,0.0339,0.1222731,0.2230956,0.0222,0.04179103,0.04063439,0.0477,0.04322169,0.05380227,0.0345
3.4,0.09819305,0.05474912,0.0195,0.1876864,0.1570454,0.0464,0.08858935,0.02193602,0.0235,0.07687281,0.03882487,0.0298,0.0421529,0.04846196,0.0182,0.05001335,0.06196965,0.0124,0.02282065,0.01837908,0.00696,0.1335123,0.1168299,0.0585,0.03947896,0.02479189,0.0123,0.04203681,0.03692603,0.0178,0.09731898,0.0671676,0.029,0.04234666,0.03330508,0.0187,0.02450306,0.03265095,0.0213,0.1000354,0.05270222,0.0447,0.1385074,0.09692841,0.112,0.1077167,0.1323956,0.0654,0.2461824,0.2438206,0.032,0.04707837,0.08608723,0.116,0.07473116,0.09262102,0.0295,0.05381742,0.0330326,0.0281,0.06550259,0.04275828,0.0222,0.01540893,0.01991063,0.0138,0.02771999,0.02454902,0.0187,0.07815886,0.1126975,,0.1053044,0.1077048,0.0689,0.07507937,0.08867244,0.0238,0.1290193,0.1157072,0.0673,0.1344111,0.06941231,0.0794,0.03639564,0.03533996,0.00996,0.07966119,0.04496615,0.0365,0.06742611,0.07981276,0.0216,0.0703303,0.06539882,0.0458,0.07883253,0.04065355,0.0177,0.05776021,0.07151096,0.0282,0.2301095,0.08356309,0.117,0.1135563,0.1468424,0.0305,0.2547792,0.1133234,0.159,0.2010516,0.09014033,0.152,0.1908062,0.1126393,0.0445,0.1360556,0.224182,0.122,0.1905775,0.1642633,0.147,0.2782412,0.1654584,0.211,0.2282282,0.1955058,0.108,0.1290164,0.1863014,0.13,0.2205393,0.2087143,0.15,0.1245286,0.2064742,0.243,0.2390272,0.2495617,0.0612,0.06518587,0.117071,0.0623,0.01559194,0.01762617,0.00943,0.1764722,0.07912432,0.0303,0.06088402,0.06854349,0.0319,0.05977485,0.05761584,0.0156,0.07386274,0.03723068,0.026,0.3385491,0.2475384,0.0518,0.05831685,0.06316526,0.0256,0.06241108,0.0604494,0.0199,0.9763083,0.4584211,0.0654,0.01932106,0.02666011,0.0149,0.04436976,0.04439428,0.0182,0.039322,0.035966,0.0147,0.02715633,0.03859109,0.0351,0.05826141,0.0442444,0.0227,0.1279337,0.2183471,0.0532,0.02522098,0.03805739,0.0357,0.08164781,0.09162262,0.0213,0.012453,0.01401773,0.00997,0.03205153,0.03274064,0.0121,0.2203159,0.1050858,0.0524,0.1093302,0.09752889,0.09,0.2885861,0.1642941,0.161,0.1338789,0.09894322,0.0362,0.1192078,0.06880396,0.0403,0.1218409,0.1649388,0.0851,0.09721685,0.1300994,0.0732,0.09057768,0.09592099,0.0552,0.08775748,0.09014245,0.0421,0.144586,0.09689134,0.0579,0.08498032,0.05478593,0.0321,0.1101441,0.110895,0.0849,0.02817749,0.077576,0.0379,0.09832115,0.1758194,0.0243,0.03526282,0.04024991,0.0607,0.04125232,0.04812459,0.0282
3.5,0.09414474,0.04945124,0.0183,0.1921638,0.1566252,0.0439,0.0844085,0.01898902,0.0226,0.070326,0.03787106,0.029,0.03559068,0.04916162,0.0175,0.04275483,0.05982462,0.0131,0.02374104,0.01703229,0.00579,0.1049961,0.102238,0.06,0.0376188,0.02578487,0.0118,0.04113775,0.03732346,0.0183,0.08709784,0.06934939,0.0291,0.03643712,0.03186767,0.0192,0.02349987,0.03231999,0.0207,0.09635423,0.04970204,0.0446,0.129824,0.09006927,0.108,0.1011063,0.1289935,0.0652,0.2095136,0.2166266,0.0272,0.04368304,0.077851,0.116,0.06830601,0.08531355,0.0272,0.05766552,0.03461674,0.0269,0.06777344,0.036716,0.0221,0.01326833,0.01869942,0.0132,0.02754393,0.02306914,0.017,0.069551,0.1134915,,0.1015207,0.109987,0.0649,0.0793782,0.08269092,0.0233,0.1141468,0.1120064,0.0613,0.1257334,0.07914522,0.0769,0.03721549,0.03360773,0.00957,0.06916636,0.04320994,0.0349,0.06532516,0.07861217,0.0207,0.07267883,0.05880032,0.0396,0.07471021,0.0389412,0.0162,0.05872985,0.08002775,0.0291,0.2358452,0.08176821,0.105,0.1239882,0.1287913,0.0335,0.2401026,0.1290619,0.176,0.2111299,0.09581698,0.165,0.1920544,0.1010055,0.0465,0.1146952,0.2321518,0.129,0.1870207,0.163719,0.158,0.3082033,0.1763783,0.21,0.2600273,0.1871876,0.117,0.1397155,0.1892322,0.133,0.2240414,0.223455,0.143,0.1265,0.228827,0.251,0.2392094,0.2497195,0.0668,0.05958071,0.1047719,0.0567,0.01402536,0.01640762,0.00937,0.1630016,0.07594635,0.0278,0.06071473,0.07062378,0.0296,0.05683829,0.0527557,0.0157,0.07309777,0.03568513,0.025,0.2990819,0.2210436,0.0496,0.04929582,0.06293615,0.0283,0.0521002,0.07093552,0.0198,0.8720353,0.4224679,0.0577,0.01942334,0.02581926,0.0138,0.0425361,0.04317185,0.0174,0.03901566,0.03551231,0.0134,0.02324265,0.04245892,0.0299,0.05155729,0.04725603,0.0223,0.1222998,0.1980369,0.05,0.02425127,0.04281765,0.0307,0.0740668,0.07774235,0.0211,0.01320635,0.01255865,0.00958,0.02693466,0.0281559,0.0109,0.2138247,0.1135902,0.052,0.115135,0.0895732,0.0827,0.252061,0.1743639,0.144,0.1299212,0.0966181,0.0377,0.1201108,0.06966624,0.0436,0.1268729,0.1562753,0.0856,0.09345149,0.1450943,0.0842,0.1025305,0.08922708,0.0589,0.09189601,0.07914992,0.0369,0.1482406,0.09793653,0.0565,0.09388328,0.0546944,0.0349,0.1093538,0.1111532,0.0822,0.02386338,0.07145319,0.0437,0.09700335,0.1614086,0.0266,0.03106073,0.04077997,0.0644,0.03944378,0.04574152,0.0293
3.6,0.08924747,0.04330949,0.0188,0.200911,0.154284,0.0413,0.07902333,0.01621657,0.0215,0.06652132,0.03687957,0.0277,0.03532187,0.05084823,0.0167,0.03544219,0.06083864,0.0139,0.02718497,0.01679434,0.00499,0.08988157,0.09048842,0.0606,0.03694353,0.02727647,0.0118,0.04285244,0.03656784,0.0193,0.07601202,0.06993693,0.0291,0.03155334,0.03110169,0.0206,0.02361962,0.03187786,0.0201,0.09238259,0.04670272,0.0441,0.1216755,0.08199077,0.105,0.09490807,0.1184911,0.0619,0.1731722,0.1884499,0.023,0.04560215,0.07192144,0.117,0.06065743,0.07923812,0.0242,0.06247631,0.03558144,0.0268,0.06624544,0.02983549,0.0221,0.01220501,0.01761737,0.0125,0.02639144,0.02157165,0.0163,0.06580185,0.1121091,,0.09739382,0.1082215,0.0594,0.08541219,0.07234444,0.0266,0.0987272,0.1056465,0.0576,0.1197323,0.08452018,0.0725,0.03909574,0.03388411,0.0094,0.06888466,0.04185741,0.0331,0.06516821,0.07592834,0.0198,0.07464865,0.05496477,0.0329,0.07019425,0.03717141,0.0145,0.06585323,0.08730824,0.029,0.2364178,0.0798459,0.0935,0.1307861,0.1257855,0.0379,0.2138786,0.1466194,0.196,0.2379934,0.099936,0.178,0.1870197,0.09030492,0.0452,0.09772497,0.2454537,0.144,0.1840761,0.1958475,0.172,0.329633,0.1880225,0.2,0.2773006,0.1834498,0.139,0.1630369,0.1902926,0.131,0.2192976,0.2396572,0.144,0.1248999,0.2356109,0.257,0.230258,0.2492268,0.0708,0.04877592,0.09302846,0.0513,0.01272955,0.01536638,0.00903,0.150377,0.07272229,0.0256,0.06002154,0.07286728,0.0277,0.05162222,0.04601006,0.0171,0.07546812,0.03224346,0.0221,0.2631844,0.2043456,0.0474,0.05334806,0.061523,0.0319,0.05831747,0.07862471,0.022,0.7728909,0.3882041,0.0531,0.02162177,0.02503843,0.0137,0.04080477,0.04027543,0.0159,0.03812787,0.03665025,0.014,0.02629429,0.04694889,0.0286,0.04508682,0.05117039,0.0216,0.1167589,0.1797602,0.0475,0.02719309,0.0471231,0.0293,0.06651405,0.06349123,0.0211,0.01334924,0.01079775,0.00878,0.02233035,0.02429659,0.0104,0.2056955,0.1224903,0.0503,0.1186588,0.08022133,0.0722,0.2229846,0.1910606,0.126,0.1294655,0.09186345,0.0385,0.1202785,0.07032479,0.0445,0.1391269,0.1411264,0.0866,0.08495438,0.1485828,0.0915,0.1158509,0.07796825,0.0614,0.09741988,0.08418826,0.0358,0.1525958,0.09872098,0.0584,0.1053712,0.05427578,0.0369,0.1084397,0.1118765,0.0797,0.02050634,0.06491951,0.0543,0.09705679,0.1614864,0.028,0.03016749,0.04018681,0.0656,0.03765619,0.04345542,0.0299
3.8,0.0782868,0.0324281,0.0192,0.206527,0.1419178,0.0366,0.06708656,0.01376067,0.0193,0.05983839,0.03681221,0.0243,0.03531496,0.05431386,0.0125,0.03702962,0.06713436,0.0153,0.03192035,0.01880928,0.00489,0.08253199,0.07353488,0.0609,0.04409412,0.02950948,0.0163,0.04296995,0.03440334,0.0195,0.06081655,0.06256875,0.031,0.0247117,0.02990513,0.0201,0.02449649,0.03137515,0.0187,0.08231817,0.044949,0.0419,0.1069739,0.0761687,0.089,0.08550466,0.09271979,0.0532,0.1196364,0.137208,0.0213,0.0537345,0.06188761,0.108,0.05111963,0.07361833,0.0174,0.06660996,0.03377385,0.0261,0.05551077,0.02167599,0.0211,0.01051844,0.01547635,0.0107,0.02608679,0.01929578,0.0153,0.05445071,0.1026512,,0.08837801,0.105814,0.0509,0.08216725,0.07480604,0.0284,0.09794249,0.08479546,0.0543,0.1128888,0.07581712,0.0651,0.03636031,0.03300221,0.00934,0.08004873,0.04822083,0.0296,0.06411001,0.05916543,0.0186,0.07573189,0.04519916,0.0297,0.06078279,0.03550828,0.011,0.09127867,0.09631439,0.0319,0.2264088,0.07656404,0.0729,0.1304789,0.127164,0.0453,0.1708454,0.151837,0.223,0.2309566,0.09384654,0.208,0.1731801,0.119037,0.0354,0.09701423,0.2813765,0.181,0.2271902,0.2363706,0.186,0.2968617,0.190495,0.161,0.2472303,0.1888645,0.17,0.2121018,0.1704593,0.139,0.1975349,0.2189827,0.137,0.1357334,0.219677,0.219,0.1913524,0.2450804,0.0684,0.0389694,0.07187039,0.0446,0.01187163,0.01371816,0.00804,0.1274752,0.06639138,0.0217,0.05776738,0.07593213,0.0235,0.04361896,0.03675672,0.0176,0.07528178,0.03419972,0.0252,0.2029983,0.1745385,0.0431,0.04764897,0.05570512,0.0304,0.0574216,0.08099847,0.0249,0.6236675,0.3238987,0.0471,0.02416502,0.02330993,0.0137,0.03773173,0.03648592,0.0141,0.03297433,0.03148113,0.0193,0.03213679,0.05340269,0.0283,0.03973491,0.05211895,0.0204,0.1060801,0.1573822,0.042,0.0328068,0.05120487,0.0283,0.05452867,0.06306571,0.0213,0.01377445,0.01210735,0.00685,0.0172361,0.02022804,0.01,0.1844915,0.1336374,0.0475,0.1023567,0.08277541,0.0579,0.2473243,0.2192501,0.0995,0.1295135,0.08262989,0.0375,0.1233469,0.06773204,0.0399,0.1827098,0.1163313,0.0762,0.09338025,0.1432049,0.0924,0.1308869,0.06194641,0.062,0.1174639,0.09597982,0.0385,0.166004,0.1070077,0.0686,0.1268903,0.05607864,0.0469,0.1076058,0.1108165,0.0756,0.01711671,0.05209905,0.0697,0.09633237,0.1603554,0.0261,0.0291684,0.03602592,0.0657,0.03544995,0.03956578,0.0318
4,0.07056604,0.02374132,0.0182,0.2028145,0.1379243,0.0323,0.0554827,0.01242767,0.0177,0.05337688,0.04054987,0.021,0.03459809,0.04705802,0.0094,0.03958193,0.06743488,0.0157,0.03271425,0.01941884,0.00583,0.06326438,0.08452059,0.0701,0.04902808,0.02933765,0.0182,0.04024817,0.03303565,0.014,0.05776066,0.05040577,0.0325,0.02094201,0.02673895,0.0174,0.02257635,0.03134672,0.017,0.06794539,0.04231106,0.0382,0.0943113,0.09644251,0.0766,0.07422826,0.07278913,0.0447,0.0948062,0.1047819,0.0224,0.0504296,0.05235033,0.0904,0.04677975,0.07116815,0.0127,0.05662654,0.03300815,0.0223,0.03980596,0.02226794,0.0194,0.01054681,0.0140431,0.00894,0.03007257,0.02135518,0.014,0.04273453,0.09649733,,0.08557031,0.09867547,0.0418,0.0712653,0.08325131,0.0214,0.09276305,0.09846098,0.053,0.09340102,0.08023316,0.055,0.036964,0.03100193,0.00929,0.08054052,0.06041822,0.0251,0.05735101,0.05959684,0.0188,0.08256416,0.04208957,0.026,0.0517016,0.03629528,0.00836,0.1088353,0.09412868,0.0348,0.207666,0.07323828,0.0554,0.1446603,0.1453011,0.053,0.1604463,0.124341,0.223,0.208562,0.1022813,0.224,0.158732,0.1458018,0.0332,0.09392052,0.2538353,0.201,0.259294,0.2527716,0.184,0.1962224,0.1466053,0.126,0.187245,0.236045,0.168,0.1944396,0.1550451,0.139,0.134097,0.1621494,0.122,0.1380929,0.221114,0.184,0.1518211,0.2363594,0.0576,0.03427732,0.05637731,0.0401,0.01092669,0.01249456,0.00727,0.115484,0.06043647,0.0186,0.06040046,0.08140394,0.0201,0.03336232,0.0370957,0.0153,0.05973317,0.03972491,0.0244,0.1573827,0.1485784,0.0444,0.0381607,0.0551721,0.0222,0.04844297,0.07168431,0.0238,0.5185523,0.2702956,0.043,0.01801853,0.02081966,0.0128,0.03505332,0.03687711,0.0134,0.03131656,0.02193233,0.0222,0.03350727,0.05385873,0.0235,0.03823758,0.05004735,0.0185,0.09608226,0.147491,0.0328,0.03406667,0.04981784,0.027,0.04641461,0.05911164,0.021,0.01258459,0.01267246,0.0069,0.01521333,0.02017507,0.00845,0.1590797,0.1224613,0.0424,0.08745295,0.07867894,0.0537,0.2597873,0.2436349,0.0902,0.1238002,0.07637855,0.0356,0.1043815,0.06042167,0.0452,0.1902806,0.1253718,0.0705,0.06907035,0.1502002,0.0762,0.1364768,0.05993806,0.0564,0.137433,0.09584332,0.0396,0.1816816,0.1237514,0.0724,0.1229062,0.05369718,0.0511,0.1052463,0.1111949,0.0702,0.01605225,0.04370442,0.0651,0.10061,0.1542525,0.0278,0.03172804,0.0355678,0.0537,0.0345791,0.03714474,0.0308
4.2,0.06817586,0.02085321,0.017,0.1888324,0.1337568,0.0285,0.04454489,0.01106439,0.0153,0.04870903,0.04485231,0.0178,0.03367767,0.03619558,0.00798,0.04225715,0.06031861,0.0147,0.02957557,0.02213896,0.0064,0.05664618,0.09917954,0.0873,0.0503574,0.0291634,0.0145,0.03590532,0.02978475,0.0101,0.05572277,0.03933882,0.0335,0.01905214,0.0244056,0.0152,0.0216101,0.03094834,0.0186,0.0522849,0.0390104,0.0334,0.08345509,0.1155334,0.06,0.0660435,0.06057886,0.0367,0.07699271,0.08428339,0.0224,0.04832452,0.04930209,0.0721,0.04112198,0.05862255,0.011,0.04645713,0.03167827,0.0187,0.02959771,0.02041865,0.0186,0.01058672,0.01344663,0.00776,0.0275973,0.02155175,0.0131,0.03812484,0.09646248,,0.08218632,0.09212573,0.0341,0.07217353,0.08122548,0.0153,0.08477842,0.1018992,0.0468,0.08880705,0.07868732,0.05,0.0347326,0.02870404,0.0096,0.08375669,0.06707124,0.0211,0.05400776,0.05798303,0.0175,0.09027368,0.04400317,0.0226,0.04352866,0.03293967,0.0077,0.1107082,0.06958622,0.0347,0.1809478,0.07411551,0.0429,0.1485147,0.179313,0.0562,0.170785,0.1021346,0.2,0.1903074,0.1151806,0.212,0.1368527,0.1503425,0.0325,0.1054777,0.2274824,0.188,0.2723975,0.2688554,0.18,0.1623951,0.1170927,0.0964,0.1628222,0.2604345,0.153,0.1721083,0.135648,0.127,0.1197786,0.1311384,0.132,0.1323631,0.2282271,0.161,0.1480511,0.2461011,0.0463,0.03290154,0.0496043,0.036,0.01088252,0.0115399,0.00649,0.1059446,0.05494122,0.0161,0.06591903,0.08128829,0.0211,0.02890415,0.03974041,0.0117,0.05305669,0.04293422,0.0221,0.1337492,0.1255705,0.0454,0.03961527,0.05225224,0.0187,0.04490127,0.05873625,0.0205,0.4435456,0.2285284,0.04,0.01437902,0.01817561,0.0115,0.03257658,0.03449972,0.0126,0.03132918,0.01724401,0.0226,0.03168787,0.04852575,0.0179,0.03399029,0.04192878,0.0156,0.08686797,0.1408846,0.024,0.03365514,0.04432976,0.0226,0.0454739,0.04590516,0.0195,0.01070847,0.01198098,0.00692,0.01493454,0.01700789,0.00718,0.1231057,0.1155289,0.0381,0.09445122,0.0727575,0.0559,0.248532,0.244711,0.0695,0.1066797,0.06712443,0.0333,0.1016007,0.05179924,0.058,0.1860631,0.1094313,0.0634,0.06403757,0.1518573,0.0589,0.1381797,0.078564,0.0409,0.1405176,0.08680311,0.0406,0.1937118,0.1358121,0.0709,0.1109884,0.05484639,0.0452,0.09995311,0.1058763,0.0785,0.01739177,0.04002903,0.0491,0.1039827,0.1436447,0.0273,0.03146734,0.03421274,0.0355,0.0351555,0.03983379,0.0265
4.4,0.06402408,0.01904453,0.0141,0.1729071,0.1251022,0.0254,0.03976229,0.00975916,0.0129,0.04637003,0.04786599,0.0156,0.03211854,0.02930506,0.00871,0.04012598,0.05489641,0.0126,0.02371266,0.02417208,0.00672,0.07495457,0.1000687,0.0959,0.04969813,0.02842613,0.0115,0.03148548,0.03588114,0.00953,0.06100949,0.0333915,0.0329,0.01806372,0.02283172,0.0121,0.02070402,0.03082512,0.0195,0.04254707,0.03519261,0.0288,0.07530263,0.1245052,0.0527,0.05977254,0.05639498,0.0312,0.06788855,0.07496504,0.0215,0.04121293,0.04616034,0.0534,0.03552169,0.05346136,0.0102,0.03988254,0.0292578,0.0162,0.02519298,0.01778314,0.017,0.0099433,0.01269093,0.00674,0.02264466,0.01748626,0.0128,0.03461058,0.09111148,,0.07643051,0.08346014,0.0298,0.06794544,0.06417662,0.0123,0.07535069,0.1022769,0.0378,0.08325709,0.07678986,0.0447,0.02904114,0.02667068,0.00981,0.07017702,0.06287604,0.0172,0.0504121,0.05135831,0.0152,0.09360581,0.0382565,0.0205,0.03699033,0.031549,0.0072,0.0939965,0.05615525,0.0276,0.1534549,0.07756684,0.0344,0.1696771,0.1941593,0.0548,0.2113776,0.09992364,0.161,0.1817707,0.1138241,0.176,0.117935,0.1357737,0.025,0.1177871,0.2203303,0.157,0.2880814,0.2896339,0.176,0.1640462,0.0940458,0.102,0.1575008,0.2327144,0.119,0.1775097,0.1197544,0.113,0.1001291,0.1217278,0.12,0.1229165,0.231527,0.132,0.1455352,0.2606224,0.0412,0.0292522,0.0432679,0.0322,0.01098849,0.01074302,0.00581,0.09740139,0.04991253,0.0141,0.07212381,0.0752265,0.0198,0.03230695,0.03928526,0.00918,0.04796018,0.04157146,0.0191,0.1180086,0.1054432,0.0436,0.0387601,0.04798523,0.0191,0.03965645,0.04904659,0.0167,0.3887111,0.192875,0.0375,0.01387037,0.01577502,0.0117,0.03035346,0.02977972,0.0145,0.02893132,0.01457419,0.0216,0.03052082,0.04218226,0.0131,0.03308322,0.03415832,0.015,0.07861174,0.135403,0.0245,0.0312902,0.03757385,0.0169,0.0516624,0.03742549,0.0181,0.00858733,0.01108442,0.00687,0.01367585,0.01671223,0.00721,0.09285142,0.1195578,0.0305,0.1029032,0.07372254,0.0483,0.2072018,0.2044647,0.0538,0.09662874,0.06613239,0.0307,0.1007943,0.04300001,0.0666,0.1552865,0.09854152,0.0681,0.05890794,0.1431139,0.0543,0.1397612,0.08216593,0.028,0.1233205,0.07754344,0.0412,0.1935534,0.1487484,0.0644,0.09689432,0.05606038,0.0346,0.09873433,0.1107207,0.083,0.01650244,0.03616648,0.0373,0.09817206,0.1314919,0.0233,0.03303222,0.03473726,0.0316,0.03711784,0.04709411,0.0214
4.6,0.05784521,0.01806653,0.0103,0.1543377,0.1135918,0.0227,0.03555872,0.00856328,0.0116,0.04291493,0.04802895,0.0143,0.03010468,0.02785891,0.00967,0.0386816,0.04445929,0.0103,0.01964238,0.02332501,0.00759,0.09387492,0.1020574,0.0799,0.04680247,0.0269239,0.0121,0.02723159,0.04307757,0.00834,0.07113775,0.03191526,0.0309,0.01736606,0.02020551,0.0104,0.01923562,0.0328797,0.0195,0.03554343,0.0332955,0.0287,0.07497342,0.1254364,0.0446,0.05357671,0.06322503,0.0265,0.07004631,0.07243017,0.0231,0.03111704,0.04231431,0.0421,0.03040376,0.04877742,0.00883,0.035333,0.02608497,0.0118,0.02429033,0.01707772,0.0161,0.00997007,0.01175725,0.00646,0.01895966,0.01405335,0.0111,0.04136113,0.07738561,,0.06967325,0.08704647,0.0285,0.05802673,0.04894567,0.0113,0.06540272,0.09962329,0.0312,0.08323637,0.0908697,0.0395,0.02410044,0.02570284,0.00967,0.05154447,0.05591889,0.0143,0.04634766,0.04227438,0.0128,0.09169149,0.03195565,0.0186,0.03152088,0.028405,0.0066,0.06705251,0.06157413,0.0201,0.1308257,0.07818699,0.034,0.1731176,0.1949139,0.0509,0.2258578,0.09152023,0.12,0.1904141,0.1239015,0.137,0.09711886,0.1154128,0.025,0.1493322,0.2291406,0.116,0.3011134,0.3074439,0.166,0.1543614,0.1155773,0.0984,0.1439518,0.1915248,0.0944,0.1580778,0.1119683,0.102,0.08163413,0.1133796,0.121,0.1164256,0.226755,0.108,0.1475193,0.2677452,0.0428,0.02580069,0.03740998,0.0287,0.01068144,0.01003788,0.00507,0.08974649,0.0453717,0.0125,0.07292091,0.07007676,0.0173,0.03455905,0.03517492,0.00893,0.05342272,0.03706078,0.0157,0.1038613,0.09010998,0.0457,0.0351067,0.04503284,0.0209,0.04333688,0.04501372,0.0183,0.3462777,0.1623306,0.0351,0.01264099,0.01408274,0.0111,0.02834755,0.02578021,0.0133,0.02434883,0.01315057,0.0196,0.02681001,0.04148363,0.0109,0.03160411,0.02717473,0.0144,0.08307492,0.1293034,0.0235,0.02910136,0.03715272,0.0133,0.0529207,0.035486,0.0175,0.00722449,0.00935684,0.00678,0.01236348,0.01474082,0.00789,0.06877363,0.1195391,0.0253,0.1174868,0.0882621,0.046,0.1789406,0.156362,0.046,0.09219323,0.06583956,0.0278,0.09487993,0.03878277,0.07,0.1068934,0.1019281,0.0701,0.05485368,0.1306323,0.0505,0.1416734,0.07785987,0.0274,0.09362795,0.07438637,0.0418,0.1868025,0.1508478,0.0536,0.08875465,0.0580976,0.0302,0.08805455,0.1212632,0.0816,0.01587516,0.03223123,0.0291,0.09315066,0.120013,0.0205,0.02941836,0.03596478,0.026,0.03940223,0.05269391,0.0162
4.8,0.05066205,0.01835483,0.00817,0.1358378,0.1008529,0.0204,0.03185466,0.00749899,0.0103,0.03887888,0.05045023,0.013,0.02788487,0.03085846,0.0108,0.03558965,0.036727,0.00837,0.01531076,0.01946927,0.00751,0.0850396,0.09514207,0.0615,0.04209124,0.02535455,0.0126,0.02316425,0.04561763,0.00972,0.08057527,0.03180417,0.0299,0.01664215,0.01816062,0.00876,0.01802387,0.03397127,0.0195,0.03185586,0.02991205,0.0281,0.07599322,0.1166994,0.0373,0.04805468,0.06362219,0.0226,0.06862126,0.07258832,0.0234,0.02648114,0.03820112,0.0334,0.02803689,0.04454565,0.00832,0.02884077,0.02393614,0.0105,0.02320856,0.01492777,0.0151,0.00949978,0.01068482,0.00626,0.01497286,0.01183087,0.00901,0.04646822,0.06699809,,0.06634881,0.08470996,0.0288,0.04764958,0.04528584,0.0126,0.07467183,0.08485316,0.0287,0.07820319,0.09847379,0.0316,0.02016292,0.02517352,0.00982,0.05441991,0.04519203,0.0133,0.04218404,0.03741209,0.0106,0.08695,0.0315991,0.0164,0.025507,0.0281183,0.00596,0.05455196,0.06030646,0.0152,0.1154164,0.07569014,0.0341,0.1862099,0.1978191,0.0462,0.204997,0.08801968,0.104,0.2083177,0.1310305,0.108,0.07754297,0.1059469,0.0267,0.179114,0.2102955,0.099,0.3083322,0.308009,0.151,0.1320106,0.1379392,0.0846,0.1472123,0.164399,0.0918,0.116179,0.1117462,0.0827,0.07792187,0.1078525,0.098,0.1154825,0.215093,0.104,0.1633846,0.2624345,0.0467,0.02299625,0.03210629,0.0255,0.01022811,0.00939037,0.00428,0.08286305,0.04132096,0.0112,0.07065347,0.06493196,0.0172,0.03101169,0.02948046,0.00944,0.05944912,0.03221854,0.0133,0.09151309,0.08325137,0.0464,0.03098682,0.04095756,0.0186,0.04510607,0.04501709,0.019,0.3099453,0.1393347,0.0327,0.01491397,0.01348822,0.0101,0.026433,0.02394361,0.0108,0.02016775,0.01456724,0.0179,0.02824171,0.04143102,0.00995,0.02928256,0.02631106,0.0143,0.08374505,0.1216512,0.0221,0.02587977,0.03962459,0.0115,0.05117407,0.03508324,0.0168,0.00685011,0.0081487,0.0065,0.0121821,0.01357449,0.00764,0.05512825,0.1194266,0.0214,0.1046472,0.112209,0.0471,0.173322,0.1375941,0.0417,0.08677511,0.06583716,0.0261,0.09214152,0.0362161,0.0674,0.08871587,0.09630702,0.0686,0.05754852,0.1191228,0.0501,0.1410859,0.07596971,0.0287,0.07013164,0.08152457,0.0422,0.1800987,0.1442933,0.0447,0.08927213,0.06350551,0.0329,0.0853529,0.120495,0.0765,0.01399502,0.02837899,0.0219,0.09634215,0.1206346,0.0172,0.02428816,0.036582,0.0228,0.04100293,0.06126889,0.013
5,0.04649169,0.01899356,0.00655,0.1200998,0.08824604,0.0184,0.02859312,0.00656929,0.00901,0.03892146,0.04738966,0.0119,0.02791348,0.03276456,0.0116,0.03380034,0.03044751,0.00672,0.01328051,0.01457565,0.00739,0.07401963,0.09103101,0.051,0.03698628,0.02351585,0.0119,0.01959088,0.04558434,0.0113,0.08197226,0.03244388,0.029,0.01577941,0.01623916,0.00717,0.01743379,0.03449246,0.019,0.02794261,0.0294704,0.0271,0.08291553,0.1043909,0.0324,0.04357099,0.06394454,0.0181,0.07645387,0.0731502,0.0244,0.02504446,0.0341337,0.0279,0.02785815,0.04076017,0.00803,0.02158115,0.02016841,0.00906,0.02035954,0.01294565,0.0137,0.00876161,0.00953482,0.00569,0.01153312,0.00986413,0.0071,0.04573389,0.06481286,,0.06256372,0.08341292,0.0308,0.03704979,0.04534327,0.0128,0.08257695,0.07492793,0.0282,0.06317604,0.09067576,0.0267,0.01642455,0.02452693,0.00965,0.0563109,0.04670263,0.013,0.03806989,0.03038067,0.00943,0.07876059,0.03388002,0.0154,0.02134241,0.02699238,0.00568,0.05172993,0.05439749,0.0117,0.1066678,0.07529753,0.0341,0.1866854,0.2035624,0.0432,0.1710494,0.09348147,0.0987,0.2071567,0.13303,0.0909,0.0614363,0.1153381,0.0271,0.1917958,0.1941433,0.0977,0.2998216,0.2788596,0.132,0.1148633,0.1441374,0.078,0.1684238,0.1397322,0.0945,0.0923758,0.1062466,0.0776,0.07236318,0.09412886,0.0758,0.1073183,0.215555,0.0881,0.1701767,0.251922,0.0514,0.02066212,0.02739652,0.0227,0.0102855,0.00878337,0.00354,0.07666448,0.03772404,0.0101,0.06632323,0.05801394,0.0157,0.0267897,0.02417136,0.00946,0.05444518,0.02734372,0.0162,0.0805042,0.0768015,0.0454,0.03403094,0.03607381,0.0163,0.04402336,0.04444785,0.0229,0.2751407,0.1231816,0.0301,0.01510846,0.01208453,0.0077,0.02459266,0.02375886,0.0107,0.01792954,0.01710435,0.017,0.02923726,0.04017879,0.00921,0.02706131,0.02408163,0.0147,0.08194056,0.1123503,0.0225,0.02731655,0.04001266,0.0109,0.04574374,0.0355994,0.0156,0.00663135,0.00794693,0.00638,0.01237479,0.01275143,0.00737,0.04684979,0.1073621,0.0202,0.09021538,0.1220713,0.0461,0.1655913,0.1391004,0.035,0.08091984,0.06532691,0.0247,0.1073308,0.03669195,0.0625,0.084084,0.08287996,0.065,0.05770829,0.1189775,0.0436,0.138438,0.07162514,0.0265,0.06599942,0.08379593,0.0417,0.1709909,0.1630789,0.0357,0.09172831,0.08107787,0.0344,0.09392609,0.1191581,0.0667,0.01140183,0.02454013,0.0174,0.09741461,0.1316264,0.014,0.02249279,0.03664782,0.0189,0.0416512,0.06144823,0.0113
5.5,0.03388361,0.01334083,0.00505,0.08838307,0.06153571,0.0147,0.0220451,0.00517563,0.00635,0.03854437,0.04731571,0.0095,0.02876536,0.03382033,0.0129,0.02458964,0.01710658,0.00578,0.0107451,0.01012999,0.0064,0.05903345,0.06540654,0.0425,0.02528448,0.01888064,0.00898,0.01794501,0.04464328,0.0096,0.06998102,0.03318923,0.0249,0.01308293,0.0113297,0.00544,0.01589847,0.0340488,0.0164,0.02121336,0.02323284,0.0237,0.07288557,0.09484819,0.021,0.04624758,0.05477994,0.0126,0.06717561,0.07115962,0.022,0.02016538,0.02648166,0.022,0.02110217,0.03296951,0.00763,0.01277805,0.0116309,0.0083,0.01255851,0.01229794,0.0095,0.00714754,0.00783192,0.00495,0.00931963,0.00786786,0.00467,0.03637116,0.05548944,,0.05009635,0.07289749,0.0334,0.02739266,0.04478914,0.00972,0.07743043,0.08591856,0.0309,0.04583148,0.08068366,0.0176,0.01149033,0.02214968,0.00885,0.04629894,0.03240434,0.0114,0.02849661,0.02095307,0.00843,0.06474726,0.03391715,0.0116,0.01568212,0.02185658,0.00518,0.04717287,0.04113617,0.00932,0.1016607,0.07138114,0.034,0.195124,0.2005875,0.0437,0.1185003,0.112751,0.108,0.1688979,0.1319046,0.0752,0.04446046,0.1399589,0.0256,0.1673515,0.1657754,0.0908,0.2565747,0.1622264,0.1,0.1271339,0.1262116,0.0578,0.1412215,0.1039236,0.0862,0.1063384,0.1346234,0.0692,0.07930591,0.07348549,0.0711,0.08663057,0.1950635,0.0708,0.1720825,0.2014951,0.0592,0.01574321,0.02178567,0.0168,0.01026112,0.00744474,0.00229,0.06384641,0.03029121,0.00841,0.04870318,0.04318368,0.01,0.01987606,0.02473749,0.00942,0.03060944,0.01984783,0.0222,0.07542018,0.06188403,0.0385,0.03064403,0.02379413,0.0122,0.04365368,0.03059331,0.0273,0.2063059,0.09197105,0.0246,0.00897595,0.01082687,0.00561,0.02061512,0.02328665,0.0108,0.01797575,0.02059945,0.0128,0.03059547,0.04203526,0.00657,0.02308465,0.02194858,0.0162,0.06480382,0.08507962,0.0224,0.02906988,0.04071309,0.00762,0.03826955,0.02702559,0.0141,0.00622244,0.00951443,0.00538,0.00966228,0.01027923,0.00673,0.04478297,0.08286663,0.0153,0.07821665,0.0980989,0.0424,0.1464233,0.1290476,0.0309,0.06649804,0.06034078,0.0213,0.1162409,0.03664055,0.0564,0.09623911,0.09077544,0.0624,0.0524356,0.1419613,0.0399,0.1240364,0.06771024,0.0257,0.05594381,0.09280022,0.0385,0.1683264,0.1668253,0.0213,0.09440087,0.09353521,0.025,0.1009164,0.1450432,0.0517,0.0068733,0.02373087,0.0106,0.0924236,0.1411404,0.00934,0.01741054,0.03526317,0.0117,0.04264407,0.06900755,0.00817
6,0.02414922,0.01088239,0.00376,0.07493053,0.04312484,0.0119,0.01726307,0.00433662,0.00446,0.03709465,0.03951942,0.00758,0.0283657,0.0387267,0.0117,0.01858885,0.01280706,0.00646,0.01018459,0.00966881,0.00578,0.04632053,0.04549799,0.026,0.01943892,0.01630253,0.00556,0.02169734,0.03326977,0.00927,0.06399461,0.02637186,0.0192,0.01025235,0.00822769,0.00473,0.01363019,0.02934506,0.0141,0.01654689,0.01790231,0.02,0.05808581,0.07590138,0.0149,0.05252356,0.05256811,0.00799,0.05720723,0.06207598,0.0181,0.01640427,0.02112769,0.0169,0.01862064,0.0269263,0.0076,0.01007903,0.0081938,0.00621,0.01216864,0.01097665,0.00768,0.00537418,0.00745149,0.00416,0.0085864,0.00677984,0.00392,0.0238923,0.04434996,,0.03912154,0.06248865,0.0362,0.0223256,0.03443506,0.00507,0.06771083,0.07890174,0.0267,0.05076058,0.06382514,0.0155,0.00846616,0.01997836,0.00823,0.03616933,0.0204464,0.00855,0.02057388,0.01835118,0.00658,0.0500377,0.02798779,0.00905,0.01294487,0.02065681,0.00424,0.03798652,0.02630398,0.00834,0.1015733,0.06549462,0.0369,0.2296869,0.1866772,0.0487,0.1015675,0.1030356,0.116,0.1379054,0.1033904,0.0696,0.03928193,0.1396372,0.0241,0.1244182,0.119253,0.0911,0.2347602,0.1303524,0.0773,0.1271848,0.1446064,0.0609,0.1361871,0.1138724,0.058,0.08865426,0.1457122,0.0551,0.08801618,0.06065397,0.0674,0.08423053,0.1358341,0.0724,0.1504519,0.1650498,0.0547,0.01216525,0.02003292,0.0124,0.00945318,0.00705042,0.00183,0.05405731,0.02453569,0.00718,0.04232268,0.0347691,0.00749,0.02234449,0.02254993,0.00815,0.02338598,0.01595717,0.0209,0.07120764,0.04975786,0.0286,0.03224725,0.0274069,0.0132,0.02751256,0.02317418,0.0235,0.1726573,0.07161044,0.022,0.00658956,0.00970404,0.00517,0.0191502,0.02216801,0.0125,0.01593863,0.01571944,0.00876,0.02141665,0.03393999,0.00498,0.02636673,0.02146519,0.016,0.05403064,0.05944799,0.0236,0.02161982,0.03417772,0.00573,0.028433,0.02462618,0.0113,0.00584982,0.00997996,0.00469,0.00603115,0.01011612,0.00573,0.03606216,0.06488343,0.0117,0.08722715,0.08025286,0.0493,0.1022347,0.1171955,0.028,0.0574457,0.05930787,0.0186,0.09134863,0.02758624,0.0492,0.08901884,0.09011208,0.052,0.04585391,0.1533738,0.0327,0.08584418,0.06972103,0.0237,0.05710625,0.1034992,0.0289,0.120518,0.1520587,0.0211,0.07101408,0.07772301,0.0217,0.1308106,0.1444151,0.0377,0.00520618,0.01987639,0.00707,0.07075795,0.140443,0.00888,0.01389172,0.03223955,0.00915,0.05136325,0.0724024,0.00639
6.5,0.01865212,0.0100491,0.00328,0.06199383,0.03122861,0.00991,0.01374246,0.00376416,0.00363,0.03353249,0.03198227,0.00601,0.02606881,0.0414312,0.00854,0.01394776,0.00932319,0.00599,0.00843076,0.00730085,0.00475,0.04319191,0.04518859,0.0164,0.01567829,0.01786665,0.0039,0.02331793,0.01803902,0.00669,0.05898492,0.02010732,0.0139,0.00785545,0.00600481,0.00384,0.01122548,0.02317855,0.0126,0.01473417,0.01671234,0.0163,0.06356993,0.06327579,0.0113,0.05070734,0.0485742,0.00604,0.04587487,0.04749145,0.0126,0.01690285,0.01767804,0.0155,0.01556786,0.02221384,0.00751,0.00743125,0.00668775,0.00501,0.01071126,0.00941448,0.00624,0.00385887,0.00679525,0.00343,0.00790444,0.00571219,0.0031,0.01557503,0.03403746,,0.03786761,0.05657727,0.038,0.01778906,0.02857912,0.00407,0.05568012,0.07053053,0.0235,0.04542312,0.05391273,0.0119,0.00679835,0.01678015,0.00706,0.02680042,0.0172766,0.00733,0.01614671,0.01524809,0.00475,0.03585215,0.01859685,0.00699,0.01060144,0.01677014,0.00378,0.02784972,0.0185751,0.00682,0.09959443,0.05006111,0.0358,0.2434309,0.1624676,0.0497,0.08725186,0.08141227,0.108,0.1087788,0.09853634,0.0602,0.04897227,0.1311199,0.0228,0.09758013,0.09259695,0.0841,0.2109399,0.1112928,0.0613,0.1148735,0.1012729,0.0756,0.1268151,0.1071658,0.0546,0.07105583,0.1306966,0.0527,0.09326134,0.07092053,0.0604,0.08270874,0.09501147,0.0646,0.1294005,0.1244662,0.0533,0.00961017,0.01846581,0.00987,0.00859205,0.00647818,0.00155,0.04632526,0.0201482,0.00617,0.03325177,0.02876203,0.00588,0.0233022,0.01831572,0.00893,0.01605491,0.01293979,0.019,0.06584675,0.04871141,0.0209,0.03306189,0.02799562,0.0109,0.0201349,0.02283921,0.0184,0.1395031,0.05826568,0.021,0.00690354,0.00701132,0.0041,0.01669184,0.01825953,0.0105,0.01338721,0.01246304,0.008,0.01129021,0.02489712,0.00406,0.02319838,0.023829,0.0125,0.04030431,0.04784628,0.0221,0.01252237,0.02492077,0.00441,0.0243641,0.01660663,0.00846,0.00461178,0.01018103,0.00403,0.00434532,0.00876501,0.00481,0.03054033,0.04827653,0.00959,0.07528601,0.08969881,0.0481,0.07600015,0.09707355,0.0258,0.06455632,0.04637045,0.0188,0.0673171,0.03015081,0.0388,0.09562657,0.07108224,0.033,0.0494421,0.1518076,0.0331,0.05725376,0.06998251,0.0215,0.0453007,0.1092898,0.0186,0.09840046,0.1544054,0.0214,0.06088284,0.04646884,0.0161,0.1325313,0.183907,0.0284,0.00415124,0.01320398,0.00536,0.08024588,0.1438458,0.00998,0.01127136,0.02797471,0.00725,0.04957665,0.08274393,0.00565
7,0.01489594,0.01097518,0.00261,0.05004597,0.02427794,0.00837,0.01112643,0.00343261,0.00295,0.03056973,0.02431823,0.00479,0.02110293,0.03971885,0.00748,0.00964881,0.00833,0.00474,0.00627671,0.00564056,0.00394,0.02812662,0.03391841,0.0161,0.01639344,0.01451013,0.00267,0.02353023,0.01414744,0.00474,0.05336591,0.01787727,0.0105,0.00605226,0.00463158,0.00306,0.00901241,0.02011544,0.0101,0.0122556,0.01532803,0.0139,0.06329314,0.05343588,0.00874,0.04444416,0.04516472,0.0051,0.0379268,0.04565837,0.00909,0.01339129,0.01360197,0.0122,0.01175705,0.01851691,0.00527,0.00589596,0.00551608,0.00386,0.00849267,0.00788473,0.00495,0.00274534,0.0060295,0.0028,0.0068729,0.00476903,0.00297,0.01305964,0.02537369,,0.0356228,0.0515761,0.0361,0.01402769,0.02148203,0.00356,0.04363355,0.05927067,0.0189,0.03742864,0.0403436,0.00919,0.00549381,0.01430361,0.00585,0.02023265,0.01636027,0.00572,0.01381942,0.01378753,0.00336,0.02240904,0.01436067,0.00535,0.00862194,0.01276162,0.00334,0.02261568,0.01621267,0.0052,0.09459399,0.04229534,0.0346,0.2204505,0.1425515,0.0448,0.0719799,0.07401615,0.0918,0.08842616,0.07930432,0.0507,0.04966605,0.1095333,0.0223,0.08438231,0.07826132,0.0694,0.1835432,0.1008073,0.0554,0.1020576,0.06694359,0.0656,0.0860281,0.08224907,0.0482,0.05663417,0.1034486,0.0472,0.07894161,0.06408871,0.0516,0.0560808,0.07488924,0.0585,0.1079695,0.09520749,0.0493,0.00866688,0.01535106,0.00866,0.00806704,0.00562694,0.00153,0.0400902,0.01679834,0.00535,0.02777092,0.0240614,0.00488,0.02238696,0.01513803,0.00869,0.0133755,0.01376692,0.0156,0.05982184,0.0466791,0.0177,0.02699076,0.02424713,0.00744,0.01463947,0.02051275,0.0127,0.1083649,0.05226124,0.0185,0.00750563,0.00493365,0.00336,0.01303728,0.01381649,0.00927,0.01303399,0.00965301,0.006,0.0106246,0.02066768,0.00363,0.0215872,0.01519183,0.01,0.02887971,0.04079631,0.0168,0.01180233,0.02087718,0.00387,0.02070881,0.01348457,0.00779,0.00378369,0.00852768,0.00353,0.00366253,0.00852174,0.00452,0.02208512,0.03514203,0.00777,0.07287112,0.1086011,0.034,0.05916723,0.08361007,0.022,0.06479203,0.03985948,0.0172,0.05808679,0.03351576,0.0318,0.1042102,0.07656067,0.022,0.05971589,0.1357179,0.0315,0.04767164,0.06348444,0.0172,0.03886627,0.1295581,0.0143,0.08719715,0.1538455,0.0192,0.0505912,0.05111829,0.0123,0.1073365,0.1907738,0.0233,0.00335495,0.012422,0.00437,0.0891857,0.1334225,0.0128,0.00841718,0.02863656,0.00541,0.04087533,0.08019952,0.0055
7.5,0.01301986,0.01037268,0.00234,0.03984328,0.02050807,0.00717,0.00915929,0.0030702,0.00243,0.02571876,0.01829355,0.00379,0.01802129,0.03491416,0.00635,0.01033209,0.00736557,0.00351,0.00480441,0.00475624,0.00259,0.02050392,0.02885428,0.0124,0.01941315,0.01012859,0.00225,0.02231536,0.01353532,0.00281,0.04718598,0.01695811,0.00812,0.00477669,0.0036337,0.00262,0.00712374,0.01785537,0.0085,0.01074676,0.01387222,0.0113,0.05479302,0.04317909,0.00709,0.03692927,0.03680776,0.00473,0.0340489,0.0414337,0.00711,0.01140279,0.01173863,0.0105,0.00944541,0.01680131,0.00395,0.0061737,0.00463185,0.00334,0.00671641,0.00655059,0.00391,0.00248555,0.00526219,0.00228,0.0056089,0.00398672,0.00257,0.01062461,0.02300133,,0.03276984,0.04608029,0.0325,0.01268013,0.01798162,0.00351,0.03518875,0.05176978,0.0131,0.03256146,0.03321069,0.00591,0.00520711,0.01271405,0.00517,0.0173906,0.01486369,0.00418,0.01176474,0.01382999,0.00249,0.01713158,0.01097837,0.00431,0.00773013,0.01128062,0.0028,0.01662194,0.01414079,0.00392,0.08551375,0.03545866,0.0303,0.1925108,0.113299,0.0402,0.05733433,0.0642851,0.0729,0.07438712,0.06434876,0.0419,0.04080128,0.09626411,0.0196,0.07708202,0.06779956,0.0597,0.1574256,0.08697743,0.0454,0.09227345,0.05361695,0.0601,0.07160613,0.06556237,0.0413,0.05434696,0.07106912,0.0443,0.06925626,0.05030975,0.0428,0.04182105,0.06023199,0.0472,0.08622395,0.07653455,0.0424,0.00909047,0.01245338,0.00761,0.00745913,0.00501742,0.0015,0.03503868,0.01413352,0.00467,0.02306129,0.02005141,0.00424,0.02081248,0.0134738,0.00738,0.01220521,0.01052534,0.0107,0.05283168,0.04343988,0.0149,0.01956698,0.01950094,0.00588,0.0113773,0.01478017,0.00928,0.08372966,0.04770511,0.0144,0.00575406,0.0042522,0.00331,0.01039335,0.00895452,0.00707,0.00889716,0.00805189,0.00435,0.01118232,0.01861907,0.00256,0.01832493,0.01209511,0.0064,0.02633383,0.03495208,0.0154,0.01157595,0.01872223,0.00276,0.01769617,0.01086759,0.00741,0.00400524,0.00775903,0.00315,0.00338193,0.00630252,0.00388,0.01647999,0.03046184,0.00623,0.07707489,0.1117008,0.0275,0.043555,0.08049151,0.0216,0.058667,0.03098716,0.0146,0.04902299,0.03954302,0.027,0.09958509,0.07657558,0.0223,0.04761751,0.1236351,0.0267,0.03818326,0.06215229,0.0144,0.03413609,0.1376808,0.0137,0.0740629,0.1390016,0.014,0.03898867,0.05982901,0.0105,0.08402006,0.1629519,0.021,0.00263556,0.01240412,0.00366,0.08361241,0.1309646,0.014,0.00756458,0.02497947,0.00409,0.03204973,0.06745405,0.00564
8,0.01142619,0.0090935,0.00202,0.0315616,0.01749007,0.00621,0.00766026,0.00272065,0.00202,0.02253612,0.01483219,0.00299,0.0158288,0.03019139,0.00529,0.00967061,0.00620232,0.00294,0.00463276,0.00342259,0.00171,0.01914522,0.03425565,0.00996,0.02109684,0.00856301,0.00195,0.01960441,0.01284344,0.00257,0.03939524,0.01520997,0.00629,0.00436055,0.00300335,0.00225,0.0063996,0.01531744,0.00735,0.00968574,0.01243744,0.00982,0.04304696,0.03873232,0.00603,0.03009414,0.02830035,0.00463,0.02783961,0.03522128,0.00556,0.01063409,0.01019931,0.00918,0.00885895,0.01513816,0.00348,0.00573372,0.00395803,0.00302,0.00625957,0.00544798,0.0031,0.00219087,0.00455569,0.00186,0.00477278,0.00335968,0.00206,0.00857548,0.02287796,,0.02912435,0.04311086,0.0297,0.0114019,0.01467726,0.00289,0.03042807,0.04381555,0.0107,0.02611908,0.0231185,0.00428,0.00531291,0.01189927,0.00447,0.0142297,0.01462611,0.00341,0.00999303,0.01259534,0.00206,0.01390022,0.00907522,0.00341,0.00691959,0.010467,0.0022,0.01503565,0.01276573,0.00287,0.073493,0.02849808,0.0249,0.1658918,0.09397562,0.0354,0.05915761,0.05316985,0.0642,0.06186919,0.06148931,0.0318,0.03907667,0.07838639,0.0175,0.06674584,0.05790153,0.0489,0.136944,0.07087868,0.0387,0.08334721,0.05279963,0.0437,0.07261051,0.04804209,0.0349,0.04895375,0.05296187,0.04,0.05717506,0.0375946,0.0349,0.03981828,0.05156631,0.0397,0.07411105,0.06052954,0.0339,0.00885208,0.01026763,0.0067,0.00666062,0.00437712,0.00142,0.03088888,0.01192773,0.0041,0.01872619,0.01676111,0.00381,0.01707556,0.01095486,0.0056,0.01028012,0.00704246,0.0079,0.04581762,0.03966185,0.0124,0.01498689,0.01732392,0.00417,0.01068494,0.01166757,0.00735,0.06618469,0.04125924,0.0126,0.00481692,0.00349159,0.00279,0.00835717,0.00649122,0.00522,0.00720307,0.00680657,0.00355,0.01078126,0.01522627,0.00217,0.01295983,0.01010686,0.0046,0.02276542,0.03037502,0.0135,0.01114442,0.01554059,0.00246,0.01577872,0.00862761,0.00666,0.00426862,0.0067299,0.00278,0.00356404,0.0063778,0.00316,0.0136425,0.02583293,0.00487,0.09188244,0.102458,0.022,0.03603356,0.07576411,0.0169,0.05675285,0.02759256,0.0108,0.04162598,0.0428616,0.0216,0.08760502,0.07753247,0.0189,0.0372966,0.1144543,0.0199,0.03250769,0.05044332,0.0121,0.02862662,0.1233158,0.0144,0.05800203,0.1136725,0.0121,0.03108902,0.05736892,0.0109,0.0688268,0.1334596,0.0185,0.00201621,0.01265204,0.00295,0.07271006,0.1143846,0.0133,0.00596833,0.02071015,0.00332,0.02483459,0.05599942,0.00538
8.5,0.01007351,0.01006602,0.00173,0.02556336,0.01506099,0.00543,0.00655685,0.00240408,0.0017,0.01856557,0.01205637,0.00249,0.01411505,0.02399027,0.00435,0.0095218,0.00552379,0.00258,0.00418126,0.00239174,0.00124,0.02204495,0.0419434,0.00772,0.02136725,0.0072929,0.0017,0.01725139,0.01272281,0.00249,0.03119384,0.01354909,0.00516,0.00399659,0.00253572,0.00193,0.00560617,0.01259757,0.00614,0.00836574,0.01108249,0.00868,0.03314253,0.03431175,0.0053,0.02588812,0.02560423,0.00414,0.02328487,0.02865382,0.00517,0.01016179,0.00887823,0.00755,0.00799671,0.0129013,0.00268,0.00476321,0.00343252,0.00269,0.00590192,0.00456277,0.00249,0.0019029,0.00393504,0.00154,0.00399504,0.00291753,0.00156,0.00695689,0.02179634,,0.02528113,0.03669635,0.0261,0.0120015,0.01134527,0.00214,0.02676647,0.03581031,0.00835,0.0194747,0.02033677,0.00384,0.0052482,0.01054155,0.00382,0.01141342,0.01295015,0.00268,0.00887663,0.01035064,0.00188,0.01067842,0.00789346,0.00288,0.00618276,0.00937269,0.00203,0.01245787,0.01122512,0.00243,0.0617209,0.02385274,0.0193,0.1366977,0.07321889,0.0301,0.05451254,0.04352264,0.0519,0.04904329,0.05070096,0.0279,0.03409465,0.059356,0.0156,0.05370396,0.04862232,0.0374,0.1049302,0.0625549,0.0347,0.0724332,0.05400396,0.0367,0.06755321,0.03287395,0.0317,0.05014236,0.04461023,0.0349,0.0520069,0.03193713,0.0282,0.04152123,0.04378148,0.0332,0.06502981,0.05138092,0.0293,0.00953102,0.00848673,0.00591,0.00576011,0.00383665,0.00131,0.02738507,0.0100839,0.00364,0.01500469,0.01388489,0.0035,0.01481414,0.00912065,0.00463,0.00822056,0.00579077,0.0061,0.03971498,0.03593077,0.0101,0.01292328,0.01493695,0.00274,0.00965532,0.01156994,0.00602,0.05564406,0.03450072,0.0113,0.00449743,0.00337989,0.00277,0.00700248,0.00530833,0.00411,0.0069317,0.00637051,0.00321,0.00884603,0.01342884,0.00185,0.00823564,0.00852585,0.00404,0.01954559,0.02644951,0.0107,0.00855452,0.0135999,0.00215,0.01382347,0.00719018,0.00583,0.00414216,0.00587355,0.00242,0.00361697,0.00573342,0.00256,0.01106387,0.0212612,0.00407,0.1000341,0.08019011,0.0174,0.03316677,0.06423014,0.0155,0.05042036,0.02489881,0.00846,0.04352893,0.04390092,0.0189,0.07459379,0.07187058,0.0164,0.03421772,0.09673052,0.0135,0.03239436,0.04478225,0.00976,0.02353865,0.1021368,0.014,0.05065755,0.09438486,0.0106,0.02583462,0.051905,0.00792,0.05229828,0.1103756,0.016,0.00175794,0.0120279,0.00253,0.06265033,0.09570763,0.0108,0.00428129,0.0167792,0.00265,0.02102106,0.0467805,0.0048
9,0.00892466,0.0102109,0.00148,0.02211323,0.01310303,0.0048,0.0058526,0.00212716,0.00145,0.01552473,0.0097942,0.00227,0.01235647,0.02029194,0.00356,0.0095706,0.00505631,0.00225,0.00391364,0.00185801,0.000936,0.02156162,0.0375637,0.00609,0.02009085,0.00755303,0.00166,0.01431075,0.01070203,0.00244,0.02884909,0.01121221,0.00432,0.00353937,0.00218856,0.00166,0.00518726,0.01060015,0.00544,0.00704087,0.00983864,0.00782,0.0275857,0.02895216,0.00475,0.02305258,0.02203515,0.00345,0.02191319,0.02250702,0.00455,0.00902155,0.00774784,0.00665,0.00706104,0.01054731,0.00235,0.00402747,0.00300976,0.00237,0.00508548,0.00386002,0.0021,0.0016425,0.00340437,0.00129,0.0033198,0.00265589,0.00133,0.0059288,0.01912108,,0.02154268,0.03030723,0.0225,0.00984469,0.01100792,0.00173,0.02283715,0.02863208,0.0062,0.01400192,0.01772654,0.00351,0.00500116,0.00899276,0.00321,0.00918303,0.01024239,0.0021,0.00724536,0.00948512,0.00189,0.00859825,0.0068275,0.00265,0.00551817,0.00816825,0.00186,0.0109973,0.00922779,0.00243,0.05154531,0.02073466,0.0145,0.1161993,0.05723745,0.0249,0.04309909,0.04038431,0.0393,0.03751412,0.03668942,0.0246,0.02802786,0.04551198,0.0133,0.04695614,0.04016514,0.0301,0.08709873,0.04909978,0.0295,0.06771527,0.05797013,0.0308,0.05363707,0.02480759,0.0286,0.04607918,0.04230845,0.0294,0.04848162,0.03417579,0.0225,0.03313639,0.03665202,0.0269,0.05609389,0.04394585,0.0259,0.00919499,0.00706815,0.00524,0.00486232,0.00334068,0.00116,0.02433135,0.00856298,0.00324,0.01193144,0.01141399,0.00326,0.01184888,0.00826008,0.00419,0.0066485,0.00607675,0.00465,0.03462784,0.03240861,0.00866,0.01240891,0.0132457,0.00206,0.00819788,0.01172556,0.00487,0.04838409,0.02919282,0.0101,0.0038333,0.00345551,0.00238,0.00594994,0.00492778,0.00332,0.00609688,0.00517313,0.00303,0.00741634,0.01054249,0.0016,0.00552162,0.00785739,0.00346,0.01644634,0.02266183,0.00909,0.00731531,0.01059396,0.00186,0.01179662,0.00610941,0.00488,0.00360195,0.00498283,0.00208,0.00345512,0.00474827,0.00234,0.00900174,0.01712496,0.00355,0.09556364,0.0635974,0.0142,0.0301332,0.05906796,0.0138,0.0452215,0.022666,0.00728,0.04085058,0.04276144,0.0161,0.07464801,0.06129682,0.0146,0.03552866,0.0844168,0.0108,0.03101308,0.03501237,0.00892,0.01911711,0.0845117,0.0124,0.04339204,0.07321364,0.0092,0.02152777,0.04295824,0.0071,0.04539764,0.08645761,0.0138,0.00156678,0.0106625,0.00217,0.05148904,0.07970443,0.00953,0.00331847,0.01309705,0.00222,0.01717377,0.03864208,0.00407
9.5,0.00794619,0.00930328,0.00128,0.01919751,0.01152171,0.00427,0.0052479,0.00188812,0.00125,0.01354729,0.00867153,0.00207,0.01120095,0.01669785,0.0029,0.00801865,0.00467057,0.00193,0.00381041,0.00163163,0.000865,0.01938303,0.03063463,0.00547,0.01618589,0.00724133,0.00159,0.01198501,0.00855812,0.00234,0.0263157,0.00974306,0.00363,0.00307102,0.00193916,0.00143,0.0047336,0.00925772,0.0048,0.00583071,0.00871782,0.00694,0.02467391,0.02364694,0.0043,0.01993387,0.01825557,0.00275,0.01987722,0.01743428,0.00393,0.00762693,0.00679006,0.00615,0.00615877,0.00871891,0.00209,0.00382818,0.00266174,0.00211,0.00455323,0.00330265,0.00187,0.00141511,0.00295734,0.00109,0.00275783,0.00241562,0.00125,0.00525403,0.01573669,,0.01813581,0.02569334,0.0195,0.00838545,0.00939328,0.00153,0.01915166,0.02270346,0.00497,0.01115827,0.014279,0.00294,0.00462316,0.00748647,0.00267,0.00752999,0.00898244,0.0016,0.00616625,0.00891924,0.00196,0.00897406,0.00564723,0.00252,0.00492651,0.00706606,0.00165,0.00903835,0.00801111,0.00205,0.04325701,0.01794403,0.0134,0.09002675,0.04796349,0.0201,0.03471021,0.03605527,0.0286,0.03263464,0.03097971,0.0211,0.02222839,0.03563236,0.0109,0.04110507,0.0326991,0.0272,0.06889505,0.03835525,0.024,0.06313237,0.05792386,0.0263,0.03809987,0.02245147,0.0254,0.03744562,0.04071087,0.0239,0.03821603,0.04085098,0.0211,0.02405928,0.03024719,0.0222,0.04779054,0.03778606,0.0226,0.00824351,0.00594755,0.00466,0.00402586,0.00290129,0.00116,0.0216179,0.00733282,0.00291,0.01041272,0.00976645,0.00304,0.01062209,0.00708477,0.00361,0.00500201,0.00701625,0.00377,0.03024682,0.02907854,0.00766,0.01080224,0.01186878,0.00177,0.00707097,0.01097945,0.00389,0.04204002,0.02572487,0.00912,0.00326658,0.00314285,0.00192,0.00512642,0.00518823,0.00276,0.00483885,0.00441468,0.00321,0.00642445,0.00775788,0.00177,0.0054329,0.00641628,0.00286,0.01354887,0.0192436,0.00842,0.00623663,0.00767575,0.0016,0.00979346,0.00524408,0.00399,0.00306901,0.00432699,0.00182,0.00314178,0.00380439,0.00211,0.00743333,0.01378645,0.0031,0.09323379,0.05243117,0.0146,0.02535365,0.05261463,0.0121,0.040064,0.02060556,0.00632,0.0396386,0.03666055,0.0137,0.07540468,0.05627483,0.013,0.03280771,0.07121316,0.0103,0.02615083,0.03018623,0.00792,0.01630103,0.0678544,0.0102,0.03616275,0.06271163,0.00793,0.01802916,0.03850083,0.00616,0.03814882,0.07014059,0.0119,0.00140148,0.00888759,0.00186,0.04139512,0.06729487,0.00927,0.00259527,0.01098411,0.00189,0.01373745,0.03208148,0.00347
10,0.00710983,0.00777905,0.00112,0.01678913,0.01020308,0.00382,0.00472657,0.00168327,0.00109,0.01183436,0.00768209,0.00189,0.01001273,0.01433749,0.00242,0.006244,0.00392525,0.00164,0.00345612,0.00142235,0.000781,0.01335006,0.02676278,0.00461,0.01254905,0.00687139,0.00134,0.01029219,0.0075631,0.00183,0.02350637,0.00934228,0.00306,0.00273037,0.00176334,0.00125,0.00409797,0.00812848,0.00424,0.00479749,0.00772051,0.00609,0.02143315,0.01894674,0.00389,0.01695436,0.01474926,0.00236,0.0175413,0.01618316,0.00335,0.00621485,0.00597936,0.00559,0.00533872,0.00767463,0.00185,0.00352747,0.00237055,0.0019,0.00405236,0.00285826,0.00166,0.00122103,0.00258269,0.000933,0.00230162,0.00219752,0.00115,0.00458323,0.01245375,,0.01532241,0.02207179,0.0167,0.00663038,0.00705394,0.00152,0.01593626,0.0203588,0.00434,0.00972011,0.01082771,0.00241,0.00417579,0.00613846,0.00222,0.00665799,0.00774747,0.00134,0.00528736,0.00836561,0.00201,0.00744351,0.00444491,0.00242,0.00440262,0.00646193,0.00144,0.00752228,0.00698507,0.00165,0.03990426,0.01549733,0.0122,0.07311039,0.03952206,0.0176,0.03284599,0.03097889,0.0245,0.0278903,0.02643854,0.0176,0.0172883,0.02834913,0.00867,0.0342081,0.02722306,0.0243,0.05255884,0.03363439,0.0189,0.05661879,0.05942198,0.0227,0.03158304,0.01996323,0.0224,0.03231554,0.03772869,0.0213,0.02910975,0.04277022,0.0204,0.01980668,0.02471278,0.0203,0.0408527,0.03268314,0.0196,0.00711929,0.00507851,0.00443,0.00340777,0.00251817,0.00113,0.01918747,0.00635235,0.00262,0.00919429,0.0089659,0.00284,0.00906743,0.00620918,0.00303,0.00511001,0.00691424,0.00322,0.02631816,0.02594015,0.00678,0.00834279,0.00996139,0.00153,0.00656283,0.00933561,0.00315,0.03635297,0.02355706,0.0082,0.00295235,0.00299462,0.00186,0.00444978,0.00520797,0.00236,0.00374487,0.00381764,0.00301,0.00530098,0.00565434,0.00171,0.00520391,0.00518956,0.00256,0.01126998,0.01627468,0.00771,0.00510664,0.00553127,0.0016,0.00870055,0.00453601,0.00364,0.0029719,0.00376771,0.00157,0.00275567,0.00318498,0.00186,0.00652992,0.01222671,0.00272,0.08603048,0.04315703,0.014,0.02365226,0.04559695,0.0105,0.033131,0.01870845,0.00557,0.0341441,0.03273337,0.0116,0.07425095,0.04993074,0.00997,0.03443794,0.05905908,0.00963,0.02014703,0.02690485,0.00698,0.01498306,0.05799795,0.0097,0.02945596,0.05537951,0.0067,0.01516369,0.0346078,0.00525,0.03300563,0.05828993,0.0103,0.00125905,0.0070324,0.0016,0.03321503,0.05544818,0.00884,0.00211168,0.00952052,0.00173,0.01107684,0.02734219,0.00296
11,0.00577301,0.00548443,0.000884,0.01299564,0.00815257,0.00312,0.00388273,0.00135789,0.000848,0.00912023,0.0060802,0.00156,0.00773544,0.01062711,0.00188,0.00421198,0.00311956,0.00117,0.0023624,0.00107589,0.000587,0.01050237,0.01646255,0.00412,0.0082074,0.0052773,0.000816,0.00760346,0.00484359,0.00153,0.0185577,0.00773457,0.00222,0.00223779,0.00149584,0.00105,0.00282493,0.00616613,0.00332,0.00364029,0.00669577,0.00465,0.01441622,0.01216649,0.00319,0.01194798,0.00928409,0.00195,0.01296985,0.0132819,0.00234,0.00453042,0.00470381,0.00445,0.00400294,0.00605974,0.00152,0.00283759,0.00191326,0.00157,0.00319795,0.00221023,0.00132,0.00100523,0.00200693,0.000711,0.00164616,0.00182476,0.000959,0.00355888,0.01082507,,0.01359307,0.01567065,0.0127,0.00452099,0.00582274,0.00134,0.01105281,0.0158295,0.00335,0.00715702,0.00825738,0.00171,0.00325068,0.0043622,0.00187,0.00489965,0.00608201,0.00111,0.00394881,0.00643196,0.00192,0.00483361,0.00346703,0.00213,0.00353808,0.00535634,0.00106,0.00467225,0.00591813,0.00131,0.03307719,0.01160924,0.00975,0.04520315,0.02826882,0.0129,0.02434269,0.02154991,0.0171,0.02005163,0.02239708,0.0117,0.01155258,0.01935256,0.00546,0.02733561,0.02193894,0.0191,0.03271721,0.02316139,0.0144,0.04093673,0.03948255,0.0176,0.02244901,0.02308067,0.0171,0.02173752,0.02828578,0.0168,0.01840387,0.03407209,0.0171,0.01854568,0.01965941,0.0166,0.02969194,0.02492045,0.0149,0.0053427,0.00433099,0.00399,0.00263057,0.00213753,0.00103,0.01509784,0.00495379,0.00216,0.00720816,0.00757237,0.00246,0.00606799,0.00517469,0.00207,0.00389826,0.00486502,0.00244,0.01962096,0.02041923,0.00537,0.00605995,0.00659918,0.00131,0.00543958,0.00796738,0.00231,0.02707931,0.02056357,0.00657,0.002015,0.00249329,0.00147,0.00335809,0.00429843,0.00182,0.00271211,0.00279499,0.00218,0.00360737,0.00355168,0.00148,0.00446286,0.00398212,0.00188,0.00893725,0.01349895,0.00646,0.00367478,0.00359868,0.00155,0.00715288,0.00443405,0.00301,0.00264509,0.00278201,0.00127,0.00231233,0.00219065,0.00143,0.00523,0.00955126,0.0021,0.06412218,0.02857467,0.0102,0.0178759,0.03315677,0.00731,0.02644781,0.01612699,0.00418,0.02975461,0.02159301,0.00851,0.06416685,0.03296936,0.00694,0.02800214,0.03946162,0.0063,0.0158863,0.02083365,0.00519,0.01196944,0.03937127,0.00781,0.02203498,0.03957508,0.00548,0.01085036,0.02666165,0.00435,0.02612848,0.04041666,0.00896,0.00103086,0.00547336,0.00133,0.02588736,0.0420508,0.00767,0.00166323,0.00714447,0.00138,0.00799871,0.0201354,0.0019
12,0.00476943,0.00425971,0.000718,0.01024949,0.00665432,0.0026,0.00323908,0.00111727,0.000683,0.00730934,0.00489592,0.0013,0.00583999,0.00793317,0.00149,0.00296699,0.00251615,0.000865,0.00168535,0.00082392,0.000504,0.00862772,0.01137397,0.00302,0.00585679,0.00426345,0.000613,0.00581461,0.00356156,0.00111,0.01407826,0.0058969,0.00166,0.00182795,0.00129139,0.000854,0.00241766,0.00475993,0.00264,0.00304436,0.00625825,0.00355,0.01076417,0.00915265,0.00261,0.00836225,0.00645731,0.00142,0.00929883,0.01082364,0.0018,0.00382581,0.00377239,0.00352,0.00303761,0.00489231,0.00132,0.0022038,0.00157468,0.00127,0.00254825,0.00177234,0.00107,0.00086653,0.00160035,0.000564,0.00129049,0.00152725,0.000784,0.00291654,0.00871117,,0.01189271,0.01258565,0.00988,0.00373534,0.00450353,0.00129,0.00862033,0.01214437,0.00273,0.00539008,0.00706868,0.00166,0.00244329,0.0035853,0.00156,0.00409174,0.00458331,0.00116,0.00302134,0.00524591,0.0016,0.00358357,0.00305136,0.00175,0.00287755,0.00441209,0.000775,0.00377378,0.00536578,0.00121,0.02685517,0.00879124,0.00757,0.02853034,0.02188647,0.00914,0.01752758,0.01739771,0.0128,0.01490225,0.01648444,0.00933,0.00928005,0.01358841,0.00408,0.02061024,0.01741338,0.0148,0.02396283,0.0173965,0.00972,0.02727538,0.02741905,0.0137,0.01691548,0.01611741,0.0128,0.01537188,0.02042845,0.0133,0.01424446,0.02042473,0.0132,0.01272211,0.01572686,0.0131,0.02126715,0.01948818,0.0111,0.00468216,0.00368738,0.00279,0.00233526,0.00183599,0.000885,0.01194834,0.00403406,0.00181,0.00571216,0.00636255,0.0021,0.00416091,0.00408144,0.00146,0.00387262,0.00388939,0.00192,0.01466687,0.01610856,0.00431,0.00471118,0.00469314,0.00142,0.00433827,0.00619226,0.00182,0.02120919,0.01749704,0.00525,0.00150984,0.00158983,0.00115,0.002538,0.00322202,0.00134,0.00220727,0.00235031,0.00176,0.00288889,0.00276494,0.00162,0.00327659,0.00310599,0.00125,0.00755295,0.01154041,0.00532,0.00273694,0.00284809,0.00174,0.00574456,0.00373553,0.00269,0.00217499,0.00233199,0.00111,0.00219384,0.00158482,0.0011,0.00451049,0.00748247,0.00164,0.05035961,0.02159845,0.00864,0.01483986,0.02411567,0.0058,0.02183663,0.01190452,0.00327,0.02357955,0.01581879,0.00659,0.04802804,0.02403333,0.0052,0.02139505,0.03137736,0.00537,0.01031495,0.01761463,0.0039,0.01007476,0.02906853,0.00559,0.01799854,0.02791251,0.00393,0.00894663,0.0218338,0.00378,0.02314927,0.02845615,0.00791,0.00085923,0.00465268,0.0011,0.0213884,0.03239953,0.0063,0.00138856,0.00548381,0.00114,0.00552811,0.01618429,0.00155
13,0.0040016,0.00362915,0.000601,0.00824817,0.00553111,0.0022,0.00273986,0.00093591,0.000564,0.00584579,0.00401847,0.00109,0.00439481,0.006345,0.0012,0.00255731,0.00205153,0.000724,0.00132496,0.00066963,0.000482,0.00503968,0.00855637,0.00228,0.00415447,0.0031009,0.000466,0.00466586,0.00233603,0.000748,0.0104145,0.00434524,0.00128,0.00155268,0.00112456,0.000808,0.00202489,0.00400952,0.00212,0.00253919,0.00567199,0.00274,0.0091768,0.00705323,0.00214,0.0064295,0.005293,0.00107,0.00665865,0.00863471,0.00152,0.00311944,0.00308108,0.00274,0.00235501,0.00402593,0.00108,0.00171528,0.00131782,0.000992,0.00206402,0.00146252,0.000887,0.00074843,0.00130739,0.000463,0.00113359,0.00129119,0.00064,0.00247395,0.00679821,,0.01034756,0.01061116,0.00769,0.00310761,0.00403227,0.00132,0.00728527,0.00941028,0.00226,0.00426698,0.00603456,0.00135,0.00181231,0.0029663,0.00131,0.00354201,0.00383832,0.00107,0.00254064,0.0045156,0.00135,0.00338544,0.00252721,0.00133,0.00237378,0.0036339,0.000623,0.00300649,0.00413001,0.00101,0.02165016,0.00739336,0.00586,0.01994126,0.01744792,0.00643,0.01296481,0.01346794,0.0109,0.01177263,0.01204254,0.00736,0.00718846,0.01031305,0.00305,0.0145502,0.01365377,0.0114,0.01681724,0.01387881,0.00711,0.0231038,0.02105707,0.011,0.01171809,0.01192376,0.00943,0.01060918,0.01433635,0.0102,0.01310413,0.01249892,0.0109,0.00682841,0.01232664,0.0102,0.0168802,0.01560508,0.00821,0.00403826,0.00315259,0.00229,0.00202743,0.00156059,0.000741,0.00959576,0.0033756,0.00154,0.00458296,0.00534443,0.00179,0.00326197,0.00348394,0.00117,0.00328986,0.00288327,0.00155,0.01246022,0.01288491,0.00353,0.00342276,0.00371717,0.00136,0.0030477,0.00481061,0.00151,0.01868655,0.01437644,0.00424,0.00116062,0.00123079,0.000872,0.00218356,0.00238283,0.0011,0.00170014,0.00205341,0.00122,0.00221211,0.00216841,0.00141,0.00269924,0.0020817,0.000873,0.0066423,0.0098858,0.00433,0.00191517,0.00219537,0.00152,0.00463951,0.00297196,0.00217,0.00165094,0.00192992,0.000958,0.00175832,0.00145702,0.000911,0.00387486,0.00593432,0.00129,0.03641579,0.01602599,0.00724,0.01145141,0.02168984,0.00516,0.01769115,0.00920605,0.00275,0.01871424,0.01227522,0.00517,0.03706282,0.01614047,0.00392,0.0148719,0.02511049,0.00438,0.00693055,0.01429375,0.00304,0.00853191,0.02212881,0.00375,0.01441981,0.02337638,0.00315,0.00760946,0.01756892,0.0028,0.02016607,0.02216635,0.00645,0.00072693,0.00375255,0.000921,0.01774046,0.02502644,0.00492,0.0011374,0.00433137,0.000961,0.00420932,0.01346632,0.00125
14,0.00340311,0.00301484,0.00052,0.00676969,0.00467078,0.00189,0.00234585,0.00079625,0.000476,0.00496072,0.00335879,0.000919,0.00347806,0.00538586,0.000982,0.00196276,0.00185156,0.000607,0.00101672,0.00052848,0.000438,0.00368551,0.00581073,0.00216,0.00323899,0.00223105,0.000392,0.00367503,0.00192582,0.000598,0.00857278,0.00320086,0.00106,0.00138286,0.00100123,0.000709,0.00163797,0.00340438,0.00174,0.00211606,0.00479394,0.00215,0.00788391,0.00549916,0.00176,0.00544436,0.00442295,0.000946,0.00539469,0.00685005,0.00131,0.00251573,0.00255734,0.00238,0.0018787,0.00336779,0.000862,0.00137716,0.001119,0.00077,0.00170241,0.00123396,0.000745,0.00064939,0.00109102,0.00039,0.00098893,0.00110331,0.000526,0.00212442,0.00537445,,0.00899752,0.00892666,0.00606,0.0026054,0.00377283,0.00121,0.00622242,0.00759019,0.00189,0.00353694,0.00515983,0.00111,0.00147042,0.00245437,0.00111,0.00309975,0.00318292,0.00113,0.00218193,0.00384983,0.00115,0.00253671,0.00204135,0.00108,0.00198672,0.00300639,0.000506,0.002691,0.00342047,0.000773,0.01746761,0.00631722,0.0046,0.01573716,0.0142811,0.00477,0.00961697,0.0105712,0.00934,0.0098304,0.00954499,0.00576,0.00576381,0.00786439,0.0023,0.00998982,0.01066385,0.00879,0.0124207,0.01130708,0.00585,0.01866562,0.01695494,0.00838,0.00810072,0.01025127,0.0075,0.00818031,0.01190493,0.00783,0.01131781,0.00986727,0.00916,0.00695783,0.00955886,0.008,0.01405034,0.01276358,0.00698,0.00418585,0.00278836,0.00193,0.00173848,0.00131818,0.000611,0.00786274,0.00286578,0.00133,0.00372605,0.00450656,0.00169,0.00262933,0.00299402,0.000957,0.00228562,0.00225147,0.00127,0.01086588,0.01044783,0.00294,0.00258375,0.00311069,0.00105,0.00234496,0.003928,0.00127,0.01631273,0.0117193,0.00368,0.00100958,0.00092649,0.000663,0.00178134,0.00171246,0.001,0.00130691,0.00154635,0.000876,0.00163497,0.00182067,0.00106,0.00191034,0.00146724,0.000754,0.00589474,0.00851408,0.00351,0.00146037,0.00190943,0.00113,0.00371378,0.00257934,0.00166,0.00137695,0.00159739,0.000832,0.00158862,0.00121114,0.000799,0.00332255,0.00476724,0.00102,0.02610976,0.01194612,0.00566,0.00926387,0.01907346,0.00443,0.01419491,0.00766942,0.00238,0.01754397,0.00950182,0.00448,0.02699577,0.01142723,0.00341,0.01153727,0.01978518,0.00337,0.00555626,0.0107323,0.00243,0.00724109,0.01774888,0.00317,0.01122787,0.01955308,0.00271,0.00643717,0.01357346,0.0022,0.01709796,0.01754089,0.00501,0.00062277,0.0029866,0.00076,0.01443886,0.01950281,0.00369,0.00094774,0.00351069,0.000815,0.00343603,0.01127675,0.00102
15,0.00292859,0.00247706,0.000455,0.00565814,0.00399897,0.00164,0.00203006,0.00068647,0.000408,0.0042714,0.0028536,0.000781,0.00296019,0.0045804,0.000814,0.00189015,0.00185223,0.000515,0.0008012,0.00046336,0.000381,0.00286277,0.00458967,0.00176,0.00253158,0.00190715,0.000355,0.0029167,0.00177528,0.000448,0.00732259,0.00251356,0.00091,0.00123575,0.00089532,0.000612,0.00143542,0.00292804,0.00144,0.00177411,0.00388304,0.00183,0.00682657,0.00438127,0.00147,0.00465696,0.00372007,0.000819,0.00475262,0.0054581,0.00112,0.00202892,0.00215335,0.00195,0.00159353,0.00285737,0.000698,0.00115186,0.00096229,0.00061,0.00142871,0.00105929,0.000636,0.00056669,0.00092712,0.000335,0.00086294,0.00095258,0.000437,0.00183022,0.0044834,,0.00784097,0.00754046,0.00492,0.00220121,0.00329091,0.00102,0.00536763,0.00634652,0.00161,0.00302826,0.00442903,0.000992,0.00130284,0.0020432,0.000949,0.00271522,0.00263713,0.00109,0.00188616,0.00327005,0.000909,0.00203114,0.00165267,0.00109,0.00168583,0.00250628,0.000435,0.00253779,0.00301326,0.000603,0.01417816,0.00544033,0.00368,0.01410812,0.01190797,0.00386,0.00800325,0.00813296,0.00802,0.00847531,0.00722947,0.00451,0.00455662,0.00705111,0.0018,0.00806806,0.00840168,0.00688,0.01020619,0.00930928,0.00489,0.01442816,0.01221557,0.00627,0.00732707,0.00882364,0.00647,0.00648751,0.01096001,0.00658,0.00802125,0.00979903,0.00774,0.00683031,0.00747337,0.00631,0.01179411,0.01063514,0.00604,0.00382017,0.00235323,0.00165,0.00148279,0.00111323,0.000501,0.00658242,0.00245224,0.00116,0.00307018,0.00382192,0.0015,0.00217457,0.00255317,0.000798,0.00182272,0.00184914,0.00106,0.00951668,0.00854725,0.00249,0.00209363,0.00264512,0.000736,0.00195359,0.00336199,0.00107,0.01411206,0.00972161,0.00326,0.00084564,0.00070797,0.000518,0.00155061,0.00127838,0.000867,0.00102131,0.00120256,0.000715,0.00142851,0.00155884,0.000882,0.00157959,0.00126761,0.000646,0.00527628,0.00738117,0.00283,0.00120297,0.00181902,0.000952,0.00296874,0.00264313,0.00145,0.0011466,0.00132706,0.000722,0.0013895,0.000976,0.000707,0.00286395,0.00387971,0.000827,0.02083004,0.00912821,0.00434,0.00788579,0.01635873,0.0037,0.01134166,0.00667125,0.00207,0.01527533,0.0074099,0.00389,0.01865032,0.00827315,0.00249,0.00964714,0.01544747,0.00263,0.00437816,0.00777259,0.00193,0.00616328,0.01405012,0.00266,0.00858667,0.01616957,0.00215,0.00539021,0.01021956,0.00193,0.01402273,0.01399739,0.00377,0.00053943,0.00239923,0.000666,0.01153636,0.01538214,0.00292,0.00082696,0.00290504,0.000706,0.00279688,0.00943097,0.000841
20,0.00157958,0.00098814,0.00026,0.00283381,0.00214086,0.000911,0.00111369,0.00037645,0.000224,0.00228585,0.00150771,0.00039,0.00148257,0.00227609,0.000383,0.00101536,0.00102766,0.000274,0.00043392,0.00034021,0.000214,0.00171892,0.00229189,0.000976,0.00123774,0.00096673,0.000197,0.00142923,0.00103909,0.000234,0.00355327,0.00105429,0.00058,0.00073717,0.00053445,0.000329,0.00079742,0.00154428,0.000684,0.00091594,0.00174886,0.000967,0.00369325,0.0022512,0.000709,0.00242079,0.00179646,0.000484,0.00236731,0.00240429,0.000502,0.00099484,0.00107384,0.00097,0.00079867,0.00146854,0.000342,0.00064762,0.00052075,0.000321,0.00072997,0.00058058,0.000338,0.00031386,0.00049439,0.000186,0.00046988,0.0005193,0.000212,0.00093519,0.00259353,,0.00421897,0.0036731,0.00255,0.00106524,0.00160032,0.000555,0.00289862,0.0030748,0.000828,0.00167379,0.00224781,0.000488,0.0007428,0.00095024,0.00048,0.0014037,0.00116956,0.000542,0.00100207,0.00150765,0.000466,0.00118534,0.00080334,0.000687,0.00087474,0.0011684,0.000215,0.00137646,0.00152043,0.000354,0.005872,0.00288746,0.00165,0.00690379,0.0051576,0.00156,0.00428697,0.00367622,0.00406,0.00388806,0.0042583,0.00184,0.00256679,0.00381685,0.000936,0.00335405,0.00393457,0.00332,0.00514142,0.00477781,0.00246,0.00673092,0.00426797,0.00313,0.00383306,0.00516864,0.00329,0.00323637,0.00527098,0.00277,0.00447609,0.00483827,0.00369,0.00331085,0.00382311,0.00254,0.00557981,0.00522283,0.00311,0.00236189,0.00128448,0.000861,0.00070307,0.00052042,0.000196,0.00344316,0.00124763,0.000649,0.00143422,0.00181824,0.00066,0.00104767,0.0011635,0.000385,0.00089453,0.00085446,0.000545,0.0057333,0.00519386,0.00129,0.00101183,0.00132325,0.000364,0.00099944,0.00171709,0.000539,0.00748527,0.00552499,0.00181,0.00031668,0.0003362,0.00023,0.00083046,0.00071829,0.000362,0.00047158,0.00073103,0.000413,0.00087001,0.0008646,0.000378,0.00077027,0.00065293,0.000327,0.0032537,0.00395961,0.00157,0.00055417,0.00107454,0.000454,0.0014166,0.00141967,0.000652,0.00051669,0.00060285,0.000377,0.00080118,0.00046631,0.000399,0.00154937,0.00166052,0.000382,0.00740979,0.00381431,0.00152,0.00324348,0.00724333,0.00174,0.00479895,0.00280908,0.000938,0.00570952,0.00309313,0.00212,0.00521997,0.0056355,0.00172,0.00407608,0.00607835,0.0012,0.00238002,0.00296288,0.000815,0.00344217,0.00568533,0.00106,0.00427132,0.00679705,0.000873,0.00227004,0.00449319,0.000866,0.00659886,0.00605006,0.002,0.00029845,0.00108489,0.000372,0.0051506,0.00672172,0.00153,0.00039815,0.00138312,0.000383,0.00116424,0.00399465,0.000422
