 PEER Ground Motion Database, Time Series Search Report -- NGA-West2 -- 2025-09-11,,,,,,,,,,,,,,,,,,,,,,,,,,,,,,,,,,,,,,,,,,,,,,,,,,,,,,,,,,,,,,,,,,,,,,,,,,,,,,,,,,,,,,,,,,,,,,,,,,,,,,,,,,,,,,,,,,,,,,,,,,,,,,,,,,,
,,,,,,,,,,,,,,,,,,,,,,,,,,,,,,,,,,,,,,,,,,,,,,,,,,,,,,,,,,,,,,,,,,,,,,,,,,,,,,,,,,,,,,,,,,,,,,,,,,,,,,,,,,,,,,,,,,,,,,,,,,,,,,,,,,,,
,,,,,,,,,,,,,,,,,,,,,,,,,,,,,,,,,,,,,,,,,,,,,,,,,,,,,,,,,,,,,,,,,,,,,,,,,,,,,,,,,,,,,,,,,,,,,,,,,,,,,,,,,,,,,,,,,,,,,,,,,,,,,,,,,,,,
 -- Summary of PEER Ground Motion Database Search Criteria --,,,,,,,,,,,,,,,,,,,,,,,,,,,,,,,,,,,,,,,,,,,,,,,,,,,,,,,,,,,,,,,,,,,,,,,,,,,,,,,,,,,,,,,,,,,,,,,,,,,,,,,,,,,,,,,,,,,,,,,,,,,,,,,,,,,,
Magnitude Min:,5.5,,,,,,,,,,,,,,,,,,,,,,,,,,,,,,,,,,,,,,,,,,,,,,,,,,,,,,,,,,,,,,,,,,,,,,,,,,,,,,,,,,,,,,,,,,,,,,,,,,,,,,,,,,,,,,,,,,,,,,,,,,,,,,,,,,,
Magnitude Max:,8,,,,,,,,,,,,,,,,,,,,,,,,,,,,,,,,,,,,,,,,,,,,,,,,,,,,,,,,,,,,,,,,,,,,,,,,,,,,,,,,,,,,,,,,,,,,,,,,,,,,,,,,,,,,,,,,,,,,,,,,,,,,,,,,,,,
Rrup Min (km):,0,,,,,,,,,,,,,,,,,,,,,,,,,,,,,,,,,,,,,,,,,,,,,,,,,,,,,,,,,,,,,,,,,,,,,,,,,,,,,,,,,,,,,,,,,,,,,,,,,,,,,,,,,,,,,,,,,,,,,,,,,,,,,,,,,,,
Rrup Max (km):,45,,,,,,,,,,,,,,,,,,,,,,,,,,,,,,,,,,,,,,,,,,,,,,,,,,,,,,,,,,,,,,,,,,,,,,,,,,,,,,,,,,,,,,,,,,,,,,,,,,,,,,,,,,,,,,,,,,,,,,,,,,,,,,,,,,,
Rjb Min (km):,0,,,,,,,,,,,,,,,,,,,,,,,,,,,,,,,,,,,,,,,,,,,,,,,,,,,,,,,,,,,,,,,,,,,,,,,,,,,,,,,,,,,,,,,,,,,,,,,,,,,,,,,,,,,,,,,,,,,,,,,,,,,,,,,,,,,
Rjb Max (km):,45,,,,,,,,,,,,,,,,,,,,,,,,,,,,,,,,,,,,,,,,,,,,,,,,,,,,,,,,,,,,,,,,,,,,,,,,,,,,,,,,,,,,,,,,,,,,,,,,,,,,,,,,,,,,,,,,,,,,,,,,,,,,,,,,,,,
Vs30 Min (m/sec):,200,,,,,,,,,,,,,,,,,,,,,,,,,,,,,,,,,,,,,,,,,,,,,,,,,,,,,,,,,,,,,,,,,,,,,,,,,,,,,,,,,,,,,,,,,,,,,,,,,,,,,,,,,,,,,,,,,,,,,,,,,,,,,,,,,,,
Vs30 Max (m/sec):,325,,,,,,,,,,,,,,,,,,,,,,,,,,,,,,,,,,,,,,,,,,,,,,,,,,,,,,,,,,,,,,,,,,,,,,,,,,,,,,,,,,,,,,,,,,,,,,,,,,,,,,,,,,,,,,,,,,,,,,,,,,,,,,,,,,,
D9-95 Min (sec):,-1.00E-06,,,,,,,,,,,,,,,,,,,,,,,,,,,,,,,,,,,,,,,,,,,,,,,,,,,,,,,,,,,,,,,,,,,,,,,,,,,,,,,,,,,,,,,,,,,,,,,,,,,,,,,,,,,,,,,,,,,,,,,,,,,,,,,,,,,
D9-95 Max (sec):,99999,,,,,,,,,,,,,,,,,,,,,,,,,,,,,,,,,,,,,,,,,,,,,,,,,,,,,,,,,,,,,,,,,,,,,,,,,,,,,,,,,,,,,,,,,,,,,,,,,,,,,,,,,,,,,,,,,,,,,,,,,,,,,,,,,,,
Scale Factor Min:,-1.00E-06,,,,,,,,,,,,,,,,,,,,,,,,,,,,,,,,,,,,,,,,,,,,,,,,,,,,,,,,,,,,,,,,,,,,,,,,,,,,,,,,,,,,,,,,,,,,,,,,,,,,,,,,,,,,,,,,,,,,,,,,,,,,,,,,,,,
Scale Factor Max:,99999,,,,,,,,,,,,,,,,,,,,,,,,,,,,,,,,,,,,,,,,,,,,,,,,,,,,,,,,,,,,,,,,,,,,,,,,,,,,,,,,,,,,,,,,,,,,,,,,,,,,,,,,,,,,,,,,,,,,,,,,,,,,,,,,,,,
Period Array:, ,,,,,,,,,,,,,,,,,,,,,,,,,,,,,,,,,,,,,,,,,,,,,,,,,,,,,,,,,,,,,,,,,,,,,,,,,,,,,,,,,,,,,,,,,,,,,,,,,,,,,,,,,,,,,,,,,,,,,,,,,,,,,,,,,,,
Weight Array:, ,,,,,,,,,,,,,,,,,,,,,,,,,,,,,,,,,,,,,,,,,,,,,,,,,,,,,,,,,,,,,,,,,,,,,,,,,,,,,,,,,,,,,,,,,,,,,,,,,,,,,,,,,,,,,,,,,,,,,,,,,,,,,,,,,,,
Record Sequence Number:, ,,,,,,,,,,,,,,,,,,,,,,,,,,,,,,,,,,,,,,,,,,,,,,,,,,,,,,,,,,,,,,,,,,,,,,,,,,,,,,,,,,,,,,,,,,,,,,,,,,,,,,,,,,,,,,,,,,,,,,,,,,,,,,,,,,,
Earthquake Name:, ,,,,,,,,,,,,,,,,,,,,,,,,,,,,,,,,,,,,,,,,,,,,,,,,,,,,,,,,,,,,,,,,,,,,,,,,,,,,,,,,,,,,,,,,,,,,,,,,,,,,,,,,,,,,,,,,,,,,,,,,,,,,,,,,,,,
Station Name:, ,,,,,,,,,,,,,,,,,,,,,,,,,,,,,,,,,,,,,,,,,,,,,,,,,,,,,,,,,,,,,,,,,,,,,,,,,,,,,,,,,,,,,,,,,,,,,,,,,,,,,,,,,,,,,,,,,,,,,,,,,,,,,,,,,,,
User-Defined Maximum Number of Records:, ,,,,,,,,,,,,,,,,,,,,,,,,,,,,,,,,,,,,,,,,,,,,,,,,,,,,,,,,,,,,,,,,,,,,,,,,,,,,,,,,,,,,,,,,,,,,,,,,,,,,,,,,,,,,,,,,,,,,,,,,,,,,,,,,,,,
Pulse:,1,,,,,,,,,,,,,,,,,,,,,,,,,,,,,,,,,,,,,,,,,,,,,,,,,,,,,,,,,,,,,,,,,,,,,,,,,,,,,,,,,,,,,,,,,,,,,,,,,,,,,,,,,,,,,,,,,,,,,,,,,,,,,,,,,,,
Damping Ratio:,0.05,,,,,,,,,,,,,,,,,,,,,,,,,,,,,,,,,,,,,,,,,,,,,,,,,,,,,,,,,,,,,,,,,,,,,,,,,,,,,,,,,,,,,,,,,,,,,,,,,,,,,,,,,,,,,,,,,,,,,,,,,,,,,,,,,,,
Scaling Method:, No Scaling,,,,,,,,,,,,,,,,,,,,,,,,,,,,,,,,,,,,,,,,,,,,,,,,,,,,,,,,,,,,,,,,,,,,,,,,,,,,,,,,,,,,,,,,,,,,,,,,,,,,,,,,,,,,,,,,,,,,,,,,,,,,,,,,,,,
Suite Average:, Arithmetic,,,,,,,,,,,,,,,,,,,,,,,,,,,,,,,,,,,,,,,,,,,,,,,,,,,,,,,,,,,,,,,,,,,,,,,,,,,,,,,,,,,,,,,,,,,,,,,,,,,,,,,,,,,,,,,,,,,,,,,,,,,,,,,,,,,
Single-Period-Scaling Period (sec):, ,,,,,,,,,,,,,,,,,,,,,,,,,,,,,,,,,,,,,,,,,,,,,,,,,,,,,,,,,,,,,,,,,,,,,,,,,,,,,,,,,,,,,,,,,,,,,,,,,,,,,,,,,,,,,,,,,,,,,,,,,,,,,,,,,,,
Component:, SRSS,,,,,,,,,,,,,,,,,,,,,,,,,,,,,,,,,,,,,,,,,,,,,,,,,,,,,,,,,,,,,,,,,,,,,,,,,,,,,,,,,,,,,,,,,,,,,,,,,,,,,,,,,,,,,,,,,,,,,,,,,,,,,,,,,,,
Fault Type:, Normal/Oblique,,,,,,,,,,,,,,,,,,,,,,,,,,,,,,,,,,,,,,,,,,,,,,,,,,,,,,,,,,,,,,,,,,,,,,,,,,,,,,,,,,,,,,,,,,,,,,,,,,,,,,,,,,,,,,,,,,,,,,,,,,,,,,,,,,,
,,,,,,,,,,,,,,,,,,,,,,,,,,,,,,,,,,,,,,,,,,,,,,,,,,,,,,,,,,,,,,,,,,,,,,,,,,,,,,,,,,,,,,,,,,,,,,,,,,,,,,,,,,,,,,,,,,,,,,,,,,,,,,,,,,,,
,,,,,,,,,,,,,,,,,,,,,,,,,,,,,,,,,,,,,,,,,,,,,,,,,,,,,,,,,,,,,,,,,,,,,,,,,,,,,,,,,,,,,,,,,,,,,,,,,,,,,,,,,,,,,,,,,,,,,,,,,,,,,,,,,,,,
 -- Summary of Metadata of Selected Records --,,,,,,,,,,,,,,,,,,,,,,,,,,,,,,,,,,,,,,,,,,,,,,,,,,,,,,,,,,,,,,,,,,,,,,,,,,,,,,,,,,,,,,,,,,,,,,,,,,,,,,,,,,,,,,,,,,,,,,,,,,,,,,,,,,,,
Result ID, Spectral Ordinate, Record Sequence Number, Mean Squared Error, Scale Factor, Tp-Pulse Period (sec), 5-75% Duration (sec), 5-95% Duration (sec), Arias Intensity (m/sec), Earthquake Name, Year, Station Name, Magnitude, Mechanism, Rjb (km), Rrup (km), Vs30 (m/sec), Lowest Useable Frequency (Hz), Initial-search Scale Factor, Horizontal-1 Acc. Filename, Horizontal-2 Acc. Filename, Vertical Acc. Filename,,,,,,,,,,,,,,,,,,,,,,,,,,,,,,,,,,,,,,,,,,,,,,,,,,,,,,,,,,,,,,,,,,,,,,,,,,,,,,,,,,,,,,,,,,,,,,,,,,,,,,,,,,,,,,,
1, SRSS,480, -,1, -,7.4,20.6,0," ""Lazio-Abruzzo_ Italy""",1984," ""Pontecorvo""",5.8, Normal,29.58,32.74,321.36,0.5,1, RSN480_ABRUZZO_PON-NS.AT2, RSN480_ABRUZZO_PON-WE.AT2 , RSN480_ABRUZZO_PON-UP.AT2  ,,,,,,,,,,,,,,,,,,,,,,,,,,,,,,,,,,,,,,,,,,,,,,,,,,,,,,,,,,,,,,,,,,,,,,,,,,,,,,,,,,,,,,,,,,,,,,,,,,,,,,,,,,,,,,,
2, SRSS,486, -,1, -,6.1,11.5,0," ""Taiwan SMART1(33)""",1985," ""SMART1 C00""",5.8, Normal,41.53,41.73,309.41,0.2875,1, RSN486_SMART1.33_33C00EW.AT2, RSN486_SMART1.33_33C00NS.AT2 , RSN486_SMART1.33_33C00DN.AT2  ,,,,,,,,,,,,,,,,,,,,,,,,,,,,,,,,,,,,,,,,,,,,,,,,,,,,,,,,,,,,,,,,,,,,,,,,,,,,,,,,,,,,,,,,,,,,,,,,,,,,,,,,,,,,,,,
3, SRSS,487, -,1, -,5.9,10.8,0.1," ""Taiwan SMART1(33)""",1985," ""SMART1 I01""",5.8, Normal,41.54,41.74,275.82,0.1625,1, RSN487_SMART1.33_33I01EW.AT2, RSN487_SMART1.33_33I01NS.AT2 , RSN487_SMART1.33_33I01DN.AT2  ,,,,,,,,,,,,,,,,,,,,,,,,,,,,,,,,,,,,,,,,,,,,,,,,,,,,,,,,,,,,,,,,,,,,,,,,,,,,,,,,,,,,,,,,,,,,,,,,,,,,,,,,,,,,,,,
4, SRSS,488, -,1, -,6.5,12.5,0," ""Taiwan SMART1(33)""",1985," ""SMART1 I07""",5.8, Normal,41.51,41.71,309.41,0.625,1, RSN488_SMART1.33_33I07EW.AT2, RSN488_SMART1.33_33I07NS.AT2 , RSN488_SMART1.33_33I07DN.AT2  ,,,,,,,,,,,,,,,,,,,,,,,,,,,,,,,,,,,,,,,,,,,,,,,,,,,,,,,,,,,,,,,,,,,,,,,,,,,,,,,,,,,,,,,,,,,,,,,,,,,,,,,,,,,,,,,
5, SRSS,489, -,1, -,4.4,7.9,0," ""Taiwan SMART1(33)""",1985," ""SMART1 M01""",5.8, Normal,41.62,41.82,268.37,0.25,1, RSN489_SMART1.33_33M01EW.AT2, RSN489_SMART1.33_33M01NS.AT2 , RSN489_SMART1.33_33M01DN.AT2  ,,,,,,,,,,,,,,,,,,,,,,,,,,,,,,,,,,,,,,,,,,,,,,,,,,,,,,,,,,,,,,,,,,,,,,,,,,,,,,,,,,,,,,,,,,,,,,,,,,,,,,,,,,,,,,,
6, SRSS,491, -,1, -,7.7,14.3,0," ""Taiwan SMART1(33)""",1985," ""SMART1 O01""",5.8, Normal,41.79,41.99,267.67,0.3125,1, RSN491_SMART1.33_33O01EW.AT2, RSN491_SMART1.33_33O01NS.AT2 , RSN491_SMART1.33_33O01DN.AT2  ,,,,,,,,,,,,,,,,,,,,,,,,,,,,,,,,,,,,,,,,,,,,,,,,,,,,,,,,,,,,,,,,,,,,,,,,,,,,,,,,,,,,,,,,,,,,,,,,,,,,,,,,,,,,,,,
7, SRSS,492, -,1, -,2.5,3.2,0," ""Taiwan SMART1(33)""",1985," ""SMART1 O07""",5.8, Normal,41.24,41.44,314.33,0.2875,1, RSN492_SMART1.33_33O07EW.AT2, RSN492_SMART1.33_33O07NS.AT2 , RSN492_SMART1.33_33O07DN.AT2  ,,,,,,,,,,,,,,,,,,,,,,,,,,,,,,,,,,,,,,,,,,,,,,,,,,,,,,,,,,,,,,,,,,,,,,,,,,,,,,,,,,,,,,,,,,,,,,,,,,,,,,,,,,,,,,,
8, SRSS,1141, -,1, -,10.3,16.7,2," ""Dinar_ Turkey""",1995," ""Dinar""",6.4, Normal,0,3.36,219.75,0.1875,1, RSN1141_DINAR_DIN090.AT2, RSN1141_DINAR_DIN180.AT2 , RSN1141_DINAR_DIN-UP.AT2  ,,,,,,,,,,,,,,,,,,,,,,,,,,,,,,,,,,,,,,,,,,,,,,,,,,,,,,,,,,,,,,,,,,,,,,,,,,,,,,,,,,,,,,,,,,,,,,,,,,,,,,,,,,,,,,,
9, SRSS,1740, -,1, -,2.4,5.1,0.2," ""Little Skull Mtn_NV""",1992," ""Station #1-Lathrop Wells""",5.65, Normal,14.12,16.06,302.64,0.12,1, RSN1740_SKULLMTN_LSM1000.AT2, RSN1740_SKULLMTN_LSM1270.AT2 , RSN1740_SKULLMTN_LSM1-UP.AT2  ,,,,,,,,,,,,,,,,,,,,,,,,,,,,,,,,,,,,,,,,,,,,,,,,,,,,,,,,,,,,,,,,,,,,,,,,,,,,,,,,,,,,,,,,,,,,,,,,,,,,,,,,,,,,,,,
10, SRSS,1750, -,1, -,3.4,17.6,0.2," ""Northwest China-02""",1997," ""Jiashi""",5.93, Normal,17.9,37.26,240.09,0.3,1, RSN1750_NWCHINA2_JIA000.AT2, RSN1750_NWCHINA2_JIA270.AT2 , RSN1750_NWCHINA2_JIA-UP.AT2  ,,,,,,,,,,,,,,,,,,,,,,,,,,,,,,,,,,,,,,,,,,,,,,,,,,,,,,,,,,,,,,,,,,,,,,,,,,,,,,,,,,,,,,,,,,,,,,,,,,,,,,,,,,,,,,,
11, SRSS,1752, -,1, -,3,13.5,0.8," ""Northwest China-03""",1997," ""Jiashi""",6.1, Normal,9.98,17.73,240.09,0.4,1, RSN1752_NWCHINA3_JIA000.AT2, RSN1752_NWCHINA3_JIA270.AT2 , RSN1752_NWCHINA3_JIA-UP.AT2  ,,,,,,,,,,,,,,,,,,,,,,,,,,,,,,,,,,,,,,,,,,,,,,,,,,,,,,,,,,,,,,,,,,,,,,,,,,,,,,,,,,,,,,,,,,,,,,,,,,,,,,,,,,,,,,,
12, SRSS,1754, -,1, -,5.5,14.2,0.4," ""Northwest China-04""",1997," ""Jiashi""",5.8, Normal Oblique,21.49,27.86,240.09,0.3,1, RSN1754_NWCHINA4_JIA000.AT2, RSN1754_NWCHINA4_JIA270.AT2 , RSN1754_NWCHINA4_JIA-UP.AT2  ,,,,,,,,,,,,,,,,,,,,,,,,,,,,,,,,,,,,,,,,,,,,,,,,,,,,,,,,,,,,,,,,,,,,,,,,,,,,,,,,,,,,,,,,,,,,,,,,,,,,,,,,,,,,,,,
13, SRSS,3608, -,1, -,6,10.7,0.1," ""Taiwan SMART1(33)""",1985," ""SMART1 I02""",5.8, Normal,41.42,41.62,309.41,0.2875,1, RSN3608_SMART1.33_33I02EW.AT2, RSN3608_SMART1.33_33I02NS.AT2 , RSN3608_SMART1.33_33I02DN.AT2  ,,,,,,,,,,,,,,,,,,,,,,,,,,,,,,,,,,,,,,,,,,,,,,,,,,,,,,,,,,,,,,,,,,,,,,,,,,,,,,,,,,,,,,,,,,,,,,,,,,,,,,,,,,,,,,,
14, SRSS,3609, -,1, -,4.6,9.3,0," ""Taiwan SMART1(33)""",1985," ""SMART1 I03""",5.8, Normal,41.34,41.55,314.88,0.1625,1, RSN3609_SMART1.33_33I03EW.AT2, RSN3609_SMART1.33_33I03NS.AT2 , RSN3609_SMART1.33_33I03DN.AT2  ,,,,,,,,,,,,,,,,,,,,,,,,,,,,,,,,,,,,,,,,,,,,,,,,,,,,,,,,,,,,,,,,,,,,,,,,,,,,,,,,,,,,,,,,,,,,,,,,,,,,,,,,,,,,,,,
15, SRSS,3610, -,1, -,6.4,11.2,0.1," ""Taiwan SMART1(33)""",1985," ""SMART1 I04""",5.8, Normal,41.3,41.5,314.88,0.25,1, RSN3610_SMART1.33_33I04EW.AT2, RSN3610_SMART1.33_33I04NS.AT2 , RSN3610_SMART1.33_33I04DN.AT2  ,,,,,,,,,,,,,,,,,,,,,,,,,,,,,,,,,,,,,,,,,,,,,,,,,,,,,,,,,,,,,,,,,,,,,,,,,,,,,,,,,,,,,,,,,,,,,,,,,,,,,,,,,,,,,,,
16, SRSS,3611, -,1, -,4.1,8.5,0," ""Taiwan SMART1(33)""",1985," ""SMART1 I05""",5.8, Normal,41.32,41.52,309.41,0.1625,1, RSN3611_SMART1.33_33I05EW.AT2, RSN3611_SMART1.33_33I05NS.AT2 , RSN3611_SMART1.33_33I05DN.AT2  ,,,,,,,,,,,,,,,,,,,,,,,,,,,,,,,,,,,,,,,,,,,,,,,,,,,,,,,,,,,,,,,,,,,,,,,,,,,,,,,,,,,,,,,,,,,,,,,,,,,,,,,,,,,,,,,
17, SRSS,3612, -,1, -,5.3,11,0," ""Taiwan SMART1(33)""",1985," ""SMART1 I06""",5.8, Normal,41.41,41.61,309.41,0.1875,1, RSN3612_SMART1.33_33I06EW.AT2, RSN3612_SMART1.33_33I06NS.AT2 , RSN3612_SMART1.33_33I06DN.AT2  ,,,,,,,,,,,,,,,,,,,,,,,,,,,,,,,,,,,,,,,,,,,,,,,,,,,,,,,,,,,,,,,,,,,,,,,,,,,,,,,,,,,,,,,,,,,,,,,,,,,,,,,,,,,,,,,
18, SRSS,3613, -,1, -,6,11.5,0," ""Taiwan SMART1(33)""",1985," ""SMART1 I08""",5.8, Normal,41.58,41.78,309.41,0.375,1, RSN3613_SMART1.33_33I08EW.AT2, RSN3613_SMART1.33_33I08NS.AT2 , RSN3613_SMART1.33_33I08DN.AT2  ,,,,,,,,,,,,,,,,,,,,,,,,,,,,,,,,,,,,,,,,,,,,,,,,,,,,,,,,,,,,,,,,,,,,,,,,,,,,,,,,,,,,,,,,,,,,,,,,,,,,,,,,,,,,,,,
19, SRSS,3614, -,1, -,4.4,12,0," ""Taiwan SMART1(33)""",1985," ""SMART1 I09""",5.8, Normal,41.68,41.88,309.41,0.1625,1, RSN3614_SMART1.33_33I09EW.AT2, RSN3614_SMART1.33_33I09NS.AT2 , RSN3614_SMART1.33_33I09DN.AT2  ,,,,,,,,,,,,,,,,,,,,,,,,,,,,,,,,,,,,,,,,,,,,,,,,,,,,,,,,,,,,,,,,,,,,,,,,,,,,,,,,,,,,,,,,,,,,,,,,,,,,,,,,,,,,,,,
20, SRSS,3615, -,1, -,6.3,12.6,0," ""Taiwan SMART1(33)""",1985," ""SMART1 I11""",5.8, Normal,41.68,41.88,309.41,0.2875,1, RSN3615_SMART1.33_33I11EW.AT2, RSN3615_SMART1.33_33I11NS.AT2 , RSN3615_SMART1.33_33I11DN.AT2  ,,,,,,,,,,,,,,,,,,,,,,,,,,,,,,,,,,,,,,,,,,,,,,,,,,,,,,,,,,,,,,,,,,,,,,,,,,,,,,,,,,,,,,,,,,,,,,,,,,,,,,,,,,,,,,,
21, SRSS,3616, -,1, -,6.6,11.4,0," ""Taiwan SMART1(33)""",1985," ""SMART1 I12""",5.8, Normal,41.63,41.83,275.82,0.2875,1, RSN3616_SMART1.33_33I12EW.AT2, RSN3616_SMART1.33_33I12NS.AT2 , RSN3616_SMART1.33_33I12DN.AT2  ,,,,,,,,,,,,,,,,,,,,,,,,,,,,,,,,,,,,,,,,,,,,,,,,,,,,,,,,,,,,,,,,,,,,,,,,,,,,,,,,,,,,,,,,,,,,,,,,,,,,,,,,,,,,,,,
22, SRSS,3617, -,1, -,6.7,11.2,0.1," ""Taiwan SMART1(33)""",1985," ""SMART1 M02""",5.8, Normal,41.1,41.3,306.78,0.15,1, RSN3617_SMART1.33_33M02EW.AT2, RSN3617_SMART1.33_33M02NS.AT2 , RSN3617_SMART1.33_33M02DN.AT2  ,,,,,,,,,,,,,,,,,,,,,,,,,,,,,,,,,,,,,,,,,,,,,,,,,,,,,,,,,,,,,,,,,,,,,,,,,,,,,,,,,,,,,,,,,,,,,,,,,,,,,,,,,,,,,,,
23, SRSS,3618, -,1, -,6.1,11,0," ""Taiwan SMART1(33)""",1985," ""SMART1 M03""",5.8, Normal,40.77,40.98,306.78,0.25,1, RSN3618_SMART1.33_33M03EW.AT2, RSN3618_SMART1.33_33M03NS.AT2 , RSN3618_SMART1.33_33M03DN.AT2  ,,,,,,,,,,,,,,,,,,,,,,,,,,,,,,,,,,,,,,,,,,,,,,,,,,,,,,,,,,,,,,,,,,,,,,,,,,,,,,,,,,,,,,,,,,,,,,,,,,,,,,,,,,,,,,,
24, SRSS,3619, -,1, -,3.9,7.8,0.1," ""Taiwan SMART1(33)""",1985," ""SMART1 M04""",5.8, Normal,40.51,40.71,306.38,0.1625,1, RSN3619_SMART1.33_33M04EW.AT2, RSN3619_SMART1.33_33M04NS.AT2 , RSN3619_SMART1.33_33M04DN.AT2  ,,,,,,,,,,,,,,,,,,,,,,,,,,,,,,,,,,,,,,,,,,,,,,,,,,,,,,,,,,,,,,,,,,,,,,,,,,,,,,,,,,,,,,,,,,,,,,,,,,,,,,,,,,,,,,,
25, SRSS,3620, -,1, -,4.5,10,0," ""Taiwan SMART1(33)""",1985," ""SMART1 M05""",5.8, Normal,40.62,40.83,306.38,0.3125,1, RSN3620_SMART1.33_33M05EW.AT2, RSN3620_SMART1.33_33M05NS.AT2 , RSN3620_SMART1.33_33M05DN.AT2  ,,,,,,,,,,,,,,,,,,,,,,,,,,,,,,,,,,,,,,,,,,,,,,,,,,,,,,,,,,,,,,,,,,,,,,,,,,,,,,,,,,,,,,,,,,,,,,,,,,,,,,,,,,,,,,,
26, SRSS,3621, -,1, -,4.6,9.1,0," ""Taiwan SMART1(33)""",1985," ""SMART1 M06""",5.8, Normal,40.95,41.15,308.39,0.25,1, RSN3621_SMART1.33_33M06EW.AT2, RSN3621_SMART1.33_33M06NS.AT2 , RSN3621_SMART1.33_33M06DN.AT2  ,,,,,,,,,,,,,,,,,,,,,,,,,,,,,,,,,,,,,,,,,,,,,,,,,,,,,,,,,,,,,,,,,,,,,,,,,,,,,,,,,,,,,,,,,,,,,,,,,,,,,,,,,,,,,,,
27, SRSS,3622, -,1, -,6.1,11,0," ""Taiwan SMART1(33)""",1985," ""SMART1 M09""",5.8, Normal,42.32,42.51,321.63,0.1625,1, RSN3622_SMART1.33_33M09EW.AT2, RSN3622_SMART1.33_33M09NS.AT2 , RSN3622_SMART1.33_33M09DN.AT2  ,,,,,,,,,,,,,,,,,,,,,,,,,,,,,,,,,,,,,,,,,,,,,,,,,,,,,,,,,,,,,,,,,,,,,,,,,,,,,,,,,,,,,,,,,,,,,,,,,,,,,,,,,,,,,,,
28, SRSS,3623, -,1, -,5.9,10.9,0," ""Taiwan SMART1(33)""",1985," ""SMART1 M10""",5.8, Normal,42.42,42.61,321.63,0.5,1, RSN3623_SMART1.33_33M10EW.AT2, RSN3623_SMART1.33_33M10NS.AT2 , RSN3623_SMART1.33_33M10DN.AT2  ,,,,,,,,,,,,,,,,,,,,,,,,,,,,,,,,,,,,,,,,,,,,,,,,,,,,,,,,,,,,,,,,,,,,,,,,,,,,,,,,,,,,,,,,,,,,,,,,,,,,,,,,,,,,,,,
29, SRSS,3624, -,1, -,3.5,9.3,0," ""Taiwan SMART1(33)""",1985," ""SMART1 M11""",5.8, Normal,42.42,42.61,300.22,0.2875,1, RSN3624_SMART1.33_33M11EW.AT2, RSN3624_SMART1.33_33M11NS.AT2 , RSN3624_SMART1.33_33M11DN.AT2  ,,,,,,,,,,,,,,,,,,,,,,,,,,,,,,,,,,,,,,,,,,,,,,,,,,,,,,,,,,,,,,,,,,,,,,,,,,,,,,,,,,,,,,,,,,,,,,,,,,,,,,,,,,,,,,,
30, SRSS,3625, -,1, -,5.6,10.9,0," ""Taiwan SMART1(33)""",1985," ""SMART1 M12""",5.8, Normal,42.08,42.27,275.82,0.25,1, RSN3625_SMART1.33_33M12EW.AT2, RSN3625_SMART1.33_33M12NS.AT2 , RSN3625_SMART1.33_33M12DN.AT2  ,,,,,,,,,,,,,,,,,,,,,,,,,,,,,,,,,,,,,,,,,,,,,,,,,,,,,,,,,,,,,,,,,,,,,,,,,,,,,,,,,,,,,,,,,,,,,,,,,,,,,,,,,,,,,,,
31, SRSS,3626, -,1, -,6.7,12.3,0," ""Taiwan SMART1(33)""",1985," ""SMART1 O02""",5.8, Normal,40.7,40.9,285.09,0.25,1, RSN3626_SMART1.33_33O02EW.AT2, RSN3626_SMART1.33_33O02NS.AT2 , RSN3626_SMART1.33_33O02DN.AT2  ,,,,,,,,,,,,,,,,,,,,,,,,,,,,,,,,,,,,,,,,,,,,,,,,,,,,,,,,,,,,,,,,,,,,,,,,,,,,,,,,,,,,,,,,,,,,,,,,,,,,,,,,,,,,,,,
32, SRSS,3627, -,1, -,6.1,11.6,0," ""Taiwan SMART1(33)""",1985," ""SMART1 O03""",5.8, Normal,39.85,40.06,278.32,0.25,1, RSN3627_SMART1.33_33O03EW.AT2, RSN3627_SMART1.33_33O03NS.AT2 , RSN3627_SMART1.33_33O03DN.AT2  ,,,,,,,,,,,,,,,,,,,,,,,,,,,,,,,,,,,,,,,,,,,,,,,,,,,,,,,,,,,,,,,,,,,,,,,,,,,,,,,,,,,,,,,,,,,,,,,,,,,,,,,,,,,,,,,
33, SRSS,3628, -,1, -,6.6,11.4,0," ""Taiwan SMART1(33)""",1985," ""SMART1 O04""",5.8, Normal,39.54,39.75,288.24,0.25,1, RSN3628_SMART1.33_33O04EW.AT2, RSN3628_SMART1.33_33O04NS.AT2 , RSN3628_SMART1.33_33O04DN.AT2  ,,,,,,,,,,,,,,,,,,,,,,,,,,,,,,,,,,,,,,,,,,,,,,,,,,,,,,,,,,,,,,,,,,,,,,,,,,,,,,,,,,,,,,,,,,,,,,,,,,,,,,,,,,,,,,,
34, SRSS,3629, -,1, -,6,9.9,0," ""Taiwan SMART1(33)""",1985," ""SMART1 O05""",5.8, Normal,39.67,39.88,286.03,0.1625,1, RSN3629_SMART1.33_33O05EW.AT2, RSN3629_SMART1.33_33O05NS.AT2 , RSN3629_SMART1.33_33O05DN.AT2  ,,,,,,,,,,,,,,,,,,,,,,,,,,,,,,,,,,,,,,,,,,,,,,,,,,,,,,,,,,,,,,,,,,,,,,,,,,,,,,,,,,,,,,,,,,,,,,,,,,,,,,,,,,,,,,,
35, SRSS,3630, -,1, -,4.4,11.5,0," ""Taiwan SMART1(33)""",1985," ""SMART1 O06""",5.8, Normal,40.4,40.6,293.46,1.25,1, RSN3630_SMART1.33_33O06EW.AT2, RSN3630_SMART1.33_33O06NS.AT2 , RSN3630_SMART1.33_33O06DN.AT2  ,,,,,,,,,,,,,,,,,,,,,,,,,,,,,,,,,,,,,,,,,,,,,,,,,,,,,,,,,,,,,,,,,,,,,,,,,,,,,,,,,,,,,,,,,,,,,,,,,,,,,,,,,,,,,,,
36, SRSS,3631, -,1, -,6.2,10.6,0," ""Taiwan SMART1(33)""",1985," ""SMART1 O10""",5.8, Normal,43.51,43.71,320.11,0.2875,1, RSN3631_SMART1.33_33O10EW.AT2, RSN3631_SMART1.33_33O10NS.AT2 , RSN3631_SMART1.33_33O10DN.AT2  ,,,,,,,,,,,,,,,,,,,,,,,,,,,,,,,,,,,,,,,,,,,,,,,,,,,,,,,,,,,,,,,,,,,,,,,,,,,,,,,,,,,,,,,,,,,,,,,,,,,,,,,,,,,,,,,
37, SRSS,3632, -,1, -,6.1,11,0," ""Taiwan SMART1(33)""",1985," ""SMART1 O11""",5.8, Normal,43.27,43.47,295.17,0.375,1, RSN3632_SMART1.33_33O11EW.AT2, RSN3632_SMART1.33_33O11NS.AT2 , RSN3632_SMART1.33_33O11DN.AT2  ,,,,,,,,,,,,,,,,,,,,,,,,,,,,,,,,,,,,,,,,,,,,,,,,,,,,,,,,,,,,,,,,,,,,,,,,,,,,,,,,,,,,,,,,,,,,,,,,,,,,,,,,,,,,,,,
38, SRSS,3633, -,1, -,6.8,10.5,0," ""Taiwan SMART1(33)""",1985," ""SMART1 O12""",5.8, Normal,42.67,42.87,303.36,0.375,1, RSN3633_SMART1.33_33O12EW.AT2, RSN3633_SMART1.33_33O12NS.AT2 , RSN3633_SMART1.33_33O12DN.AT2  ,,,,,,,,,,,,,,,,,,,,,,,,,,,,,,,,,,,,,,,,,,,,,,,,,,,,,,,,,,,,,,,,,,,,,,,,,,,,,,,,,,,,,,,,,,,,,,,,,,,,,,,,,,,,,,,
39, SRSS,4337, -,1, -,2.9,4.8,0.7," ""Umbria Marche (foreshock)_ Italy""",1997," ""Colfiorito""",5.7, Normal,0.58,4.02,317,0.25,1, RSN4337_UBMARCHE.P_B-CLF000.AT2, RSN4337_UBMARCHE.P_B-CLF270.AT2 , RSN4337_UBMARCHE.P_B-CLF-DN.AT2  ,,,,,,,,,,,,,,,,,,,,,,,,,,,,,,,,,,,,,,,,,,,,,,,,,,,,,,,,,,,,,,,,,,,,,,,,,,,,,,,,,,,,,,,,,,,,,,,,,,,,,,,,,,,,,,,
40, SRSS,4348, -,1, -,8.6,28.6,0.3," ""Umbria Marche_ Italy""",1997," ""Castelnuovo-Assisi""",6, Normal,17.28,17.28,293,0.1125,1, RSN4348_UBMARCHE.P_A-CSA000.AT2, RSN4348_UBMARCHE.P_A-CSA270.AT2 , RSN4348_UBMARCHE.P_A-CSA-DN.AT2  ,,,,,,,,,,,,,,,,,,,,,,,,,,,,,,,,,,,,,,,,,,,,,,,,,,,,,,,,,,,,,,,,,,,,,,,,,,,,,,,,,,,,,,,,,,,,,,,,,,,,,,,,,,,,,,,
41, SRSS,4349, -,1, -,4.8,11.4,0.5," ""Umbria Marche_ Italy""",1997," ""Colfiorito""",6, Normal,0.8,6.92,317,0.1625,1, RSN4349_UBMARCHE.P_A-CLF000.AT2, RSN4349_UBMARCHE.P_A-CLF270.AT2 , RSN4349_UBMARCHE.P_A-CLF-DN.AT2  ,,,,,,,,,,,,,,,,,,,,,,,,,,,,,,,,,,,,,,,,,,,,,,,,,,,,,,,,,,,,,,,,,,,,,,,,,,,,,,,,,,,,,,,,,,,,,,,,,,,,,,,,,,,,,,,
42, SRSS,4364, -,1, -,2.6,8.4,0.1," ""Umbria Marche (aftershock 1)_ Italy""",1997," ""Colfiorito""",5.5, Normal,4.42,7.91,317,0.375,1, RSN4364_UBMARCHE.P_E-CLF000.AT2, RSN4364_UBMARCHE.P_E-CLF270.AT2 , RSN4364_UBMARCHE.P_E-CLF-DN.AT2  ,,,,,,,,,,,,,,,,,,,,,,,,,,,,,,,,,,,,,,,,,,,,,,,,,,,,,,,,,,,,,,,,,,,,,,,,,,,,,,,,,,,,,,,,,,,,,,,,,,,,,,,,,,,,,,,
43, SRSS,4385, -,1, -,4.3,9.8,0.1," ""Umbria Marche (aftershock 2)_ Italy""",1997," ""Colfiorito""",5.6, Normal,10.5,11.11,317,0.5,1, RSN4385_UBMARCHE.P_J-CLF000.AT2, RSN4385_UBMARCHE.P_J-CLF270.AT2 , RSN4385_UBMARCHE.P_J-CLFDWN.AT2  ,,,,,,,,,,,,,,,,,,,,,,,,,,,,,,,,,,,,,,,,,,,,,,,,,,,,,,,,,,,,,,,,,,,,,,,,,,,,,,,,,,,,,,,,,,,,,,,,,,,,,,,,,,,,,,,
44, SRSS,4391, -,1, -,2.4,6.2,0.2," ""Umbria Marche (aftershock 2)_ Italy""",1997," ""Norcia-Altavilla""",5.6, Normal,16.11,18.35,218,0.15,1, RSN4391_UBMARCHE.P_J-NRA000.AT2, RSN4391_UBMARCHE.P_J-NRA090.AT2 , RSN4391_UBMARCHE.P_J-NRA-UP.AT2  ,,,,,,,,,,,,,,,,,,,,,,,,,,,,,,,,,,,,,,,,,,,,,,,,,,,,,,,,,,,,,,,,,,,,,,,,,,,,,,,,,,,,,,,,,,,,,,,,,,,,,,,,,,,,,,,
,,,,,,,,,,,,,,,,,,,,,,,,,,,,,,,,,,,,,,,,,,,,,,,,,,,,,,,,,,,,,,,,,,,,,,,,,,,,,,,,,,,,,,,,,,,,,,,,,,,,,,,,,,,,,,,,,,,,,,,,,,,,,,,,,,,,
 These records were obtained from the NGA-West2 On-Line Ground-Motion Database Tool,,,,,,,,,,,,,,,,,,,,,,,,,,,,,,,,,,,,,,,,,,,,,,,,,,,,,,,,,,,,,,,,,,,,,,,,,,,,,,,,,,,,,,,,,,,,,,,,,,,,,,,,,,,,,,,,,,,,,,,,,,,,,,,,,,,,
 These records are UNSCALED, AS RECORDED,,,,,,,,,,,,,,,,,,,,,,,,,,,,,,,,,,,,,,,,,,,,,,,,,,,,,,,,,,,,,,,,,,,,,,,,,,,,,,,,,,,,,,,,,,,,,,,,,,,,,,,,,,,,,,,,,,,,,,,,,,,,,,,,,,,
 Filename Extension: ,,,,,,,,,,,,,,,,,,,,,,,,,,,,,,,,,,,,,,,,,,,,,,,,,,,,,,,,,,,,,,,,,,,,,,,,,,,,,,,,,,,,,,,,,,,,,,,,,,,,,,,,,,,,,,,,,,,,,,,,,,,,,,,,,,,,
   ,AT2 = Acceleration,,,,,,,,,,,,,,,,,,,,,,,,,,,,,,,,,,,,,,,,,,,,,,,,,,,,,,,,,,,,,,,,,,,,,,,,,,,,,,,,,,,,,,,,,,,,,,,,,,,,,,,,,,,,,,,,,,,,,,,,,,,,,,,,,,,
   ,VT2 = Velocity,,,,,,,,,,,,,,,,,,,,,,,,,,,,,,,,,,,,,,,,,,,,,,,,,,,,,,,,,,,,,,,,,,,,,,,,,,,,,,,,,,,,,,,,,,,,,,,,,,,,,,,,,,,,,,,,,,,,,,,,,,,,,,,,,,,
   ,DT2 = Displacement,,,,,,,,,,,,,,,,,,,,,,,,,,,,,,,,,,,,,,,,,,,,,,,,,,,,,,,,,,,,,,,,,,,,,,,,,,,,,,,,,,,,,,,,,,,,,,,,,,,,,,,,,,,,,,,,,,,,,,,,,,,,,,,,,,,
 The users of the NGA-West2 databases, flatfiles, models and reports are requested to acknowledge the Pacific Earthquake Engineering Research Center (PEER) in their work and publications.,,,,,,,,,,,,,,,,,,,,,,,,,,,,,,,,,,,,,,,,,,,,,,,,,,,,,,,,,,,,,,,,,,,,,,,,,,,,,,,,,,,,,,,,,,,,,,,,,,,,,,,,,,,,,,,,,,,,,,,,,,,,,,,,,,
,,,,,,,,,,,,,,,,,,,,,,,,,,,,,,,,,,,,,,,,,,,,,,,,,,,,,,,,,,,,,,,,,,,,,,,,,,,,,,,,,,,,,,,,,,,,,,,,,,,,,,,,,,,,,,,,,,,,,,,,,,,,,,,,,,,,
 -- Scaled Spectra used in Search & Scaling --,,,,,,,,,,,,,,,,,,,,,,,,,,,,,,,,,,,,,,,,,,,,,,,,,,,,,,,,,,,,,,,,,,,,,,,,,,,,,,,,,,,,,,,,,,,,,,,,,,,,,,,,,,,,,,,,,,,,,,,,,,,,,,,,,,,,
Period (sec),Arithmetic Mean pSa (g),Arithmetic Mean + Sigma pSa (g),Arithmetic Mean - Sigma pSa (g),RSN-480 SRSS pSa (g),RSN-486 SRSS pSa (g),RSN-487 SRSS pSa (g),RSN-488 SRSS pSa (g),RSN-489 SRSS pSa (g),RSN-491 SRSS pSa (g),RSN-492 SRSS pSa (g),RSN-1141 SRSS pSa (g),RSN-1740 SRSS pSa (g),RSN-1750 SRSS pSa (g),RSN-1752 SRSS pSa (g),RSN-1754 SRSS pSa (g),RSN-3608 SRSS pSa (g),RSN-3609 SRSS pSa (g),RSN-3610 SRSS pSa (g),RSN-3611 SRSS pSa (g),RSN-3612 SRSS pSa (g),RSN-3613 SRSS pSa (g),RSN-3614 SRSS pSa (g),RSN-3615 SRSS pSa (g),RSN-3616 SRSS pSa (g),RSN-3617 SRSS pSa (g),RSN-3618 SRSS pSa (g),RSN-3619 SRSS pSa (g),RSN-3620 SRSS pSa (g),RSN-3621 SRSS pSa (g),RSN-3622 SRSS pSa (g),RSN-3623 SRSS pSa (g),RSN-3624 SRSS pSa (g),RSN-3625 SRSS pSa (g),RSN-3626 SRSS pSa (g),RSN-3627 SRSS pSa (g),RSN-3628 SRSS pSa (g),RSN-3629 SRSS pSa (g),RSN-3630 SRSS pSa (g),RSN-3631 SRSS pSa (g),RSN-3632 SRSS pSa (g),RSN-3633 SRSS pSa (g),RSN-4337 SRSS pSa (g),RSN-4348 SRSS pSa (g),RSN-4349 SRSS pSa (g),RSN-4364 SRSS pSa (g),RSN-4385 SRSS pSa (g),RSN-4391 SRSS pSa (g),,,,,,,,,,,,,,,,,,,,,,,,,,,,,,,,,,,,,,,,,,,,,,,,,,,,,,,,,,,,,,,,,,,,,,,,,,,,,,,,,,,,,
0.01,0.13947498,0.28866359,0.0673908,0.09374155,0.09657036,0.1656585,0.06255195,0.05749202,0.08103301,0.08255844,0.4296935,0.2504965,0.19328212,0.41132726,0.30687396,0.1497313,0.09476946,0.16667262,0.10666875,0.07857056,0.06671376,0.07389667,0.12210244,0.11871934,0.11358572,0.0637716,0.16539483,0.09218914,0.0839186,0.08317624,0.07122497,0.12150199,0.0943746,0.06808319,0.04962057,0.07433719,0.05779332,0.14567448,0.06414957,0.05540467,0.0400835,0.4555719,0.20224633,0.28331403,0.16898351,0.11451356,0.25886152,,,,,,,,,,,,,,,,,,,,,,,,,,,,,,,,,,,,,,,,,,,,,,,,,,,,,,,,,,,,,,,,,,,,,,,,,,,,,,,,,,,,,
0.02,0.1411757,0.30455531,0.06544157,0.09391015,0.09572823,0.16287897,0.06172385,0.05675778,0.07924603,0.08178098,0.43147105,0.25648456,0.19532273,0.4139372,0.30913488,0.14770835,0.0937498,0.16518822,0.10601977,0.0777834,0.06602726,0.0735758,0.12113249,0.11774818,0.11167366,0.06307106,0.16321915,0.09104995,0.0832657,0.0817079,0.07053158,0.11907969,0.09296649,0.06732625,0.04902976,0.07334881,0.05724665,0.14260018,0.06330584,0.05472526,0.03948098,0.53036924,0.20350202,0.29945738,0.17108022,0.11553896,0.2608444,,,,,,,,,,,,,,,,,,,,,,,,,,,,,,,,,,,,,,,,,,,,,,,,,,,,,,,,,,,,,,,,,,,,,,,,,,,,,,,,,,,,,
0.022,0.14409235,0.32287548,0.0643053,0.09442197,0.09586228,0.16361138,0.06193651,0.05677213,0.07984974,0.08173366,0.4318532,0.25852065,0.20674267,0.41913373,0.31476833,0.1480454,0.09401263,0.16591892,0.10629042,0.07779498,0.06612857,0.07373666,0.12134326,0.11783542,0.1119467,0.0633169,0.16387368,0.09126582,0.0833131,0.08182852,0.0705052,0.11889494,0.09318149,0.06749021,0.04921383,0.07361765,0.05731572,0.14308423,0.06348981,0.05489706,0.03970322,0.60639611,0.20417019,0.31316362,0.17551433,0.11504065,0.26252793,,,,,,,,,,,,,,,,,,,,,,,,,,,,,,,,,,,,,,,,,,,,,,,,,,,,,,,,,,,,,,,,,,,,,,,,,,,,,,,,,,,,,
0.025,0.14825855,0.3552659,0.06187084,0.09475298,0.09555239,0.16475696,0.06232266,0.05743415,0.08066251,0.08213065,0.43273385,0.26222062,0.21652742,0.42622209,0.31146472,0.14876658,0.09443217,0.16655233,0.10707377,0.07802484,0.0663773,0.07398351,0.1213829,0.11861292,0.11244675,0.06383751,0.16504449,0.09155303,0.08349194,0.08193131,0.07074286,0.11973883,0.09402839,0.06763848,0.04930194,0.07370158,0.05761335,0.14421593,0.06376666,0.05538348,0.03989723,0.73418233,0.20544354,0.32802701,0.17979728,0.11637032,0.2632347,,,,,,,,,,,,,,,,,,,,,,,,,,,,,,,,,,,,,,,,,,,,,,,,,,,,,,,,,,,,,,,,,,,,,,,,,,,,,,,,,,,,,
0.029,0.15111857,0.35821636,0.06375148,0.09478796,0.0970673,0.16711936,0.06276274,0.05808214,0.0816585,0.08266043,0.43388491,0.27045871,0.22181732,0.43294195,0.33394703,0.1495331,0.09547235,0.16896998,0.10781129,0.07874124,0.06682092,0.07516375,0.1228867,0.11940199,0.1134878,0.06459913,0.1667584,0.0916594,0.08359484,0.08284602,0.07127394,0.12038656,0.09537428,0.06833401,0.04984511,0.07377696,0.05828585,0.14533188,0.0643375,0.0559759,0.03971986,0.69929877,0.20403078,0.41029085,0.18472687,0.11764803,0.26564457,,,,,,,,,,,,,,,,,,,,,,,,,,,,,,,,,,,,,,,,,,,,,,,,,,,,,,,,,,,,,,,,,,,,,,,,,,,,,,,,,,,,,
0.03,0.15071203,0.35390939,0.0641806,0.09548961,0.09739963,0.16737595,0.06300503,0.05838246,0.08184834,0.08327542,0.43435348,0.27282593,0.21863934,0.42584142,0.32704716,0.14970898,0.096167,0.17017063,0.10761137,0.07910374,0.06701425,0.07543257,0.12303885,0.11944503,0.1135026,0.06491133,0.16727426,0.09163052,0.08377448,0.0829931,0.07135015,0.12110128,0.0959101,0.06847799,0.04986475,0.07378921,0.05850265,0.14617354,0.06449937,0.05632541,0.03986607,0.68483089,0.20351962,0.4146963,0.18172115,0.11659234,0.26684595,,,,,,,,,,,,,,,,,,,,,,,,,,,,,,,,,,,,,,,,,,,,,,,,,,,,,,,,,,,,,,,,,,,,,,,,,,,,,,,,,,,,,
0.032,0.14873268,0.330584,0.06691615,0.09637783,0.09826728,0.16770066,0.06356183,0.05926919,0.08241729,0.08398479,0.4351742,0.27694447,0.22212666,0.41894529,0.32815393,0.15088439,0.09775149,0.17220445,0.10834844,0.07936478,0.06752703,0.07607948,0.12337098,0.11984345,0.1138452,0.06573351,0.16831562,0.09190498,0.08424191,0.0833927,0.07138485,0.12162555,0.09625627,0.06881493,0.04986548,0.07396415,0.05879927,0.14790681,0.06469003,0.05681098,0.0399602,0.57967876,0.20397188,0.40787629,0.18279701,0.1153386,0.26876482,,,,,,,,,,,,,,,,,,,,,,,,,,,,,,,,,,,,,,,,,,,,,,,,,,,,,,,,,,,,,,,,,,,,,,,,,,,,,,,,,,,,,
0.035,0.14858138,0.32349125,0.06824428,0.09777345,0.09872612,0.16685915,0.06431822,0.05812864,0.08346583,0.08567091,0.43608082,0.28254861,0.20961417,0.41771603,0.33384949,0.15173586,0.10014949,0.17606826,0.10792836,0.07848215,0.06838581,0.07692448,0.12274291,0.12039107,0.11483741,0.06491436,0.17046608,0.09351375,0.08588933,0.08305984,0.07245373,0.1225333,0.09694588,0.06954935,0.05047203,0.07393842,0.06023658,0.15023031,0.06511125,0.05829895,0.0405034,0.54844403,0.20504693,0.39107,0.18912861,0.11883768,0.27453986,,,,,,,,,,,,,,,,,,,,,,,,,,,,,,,,,,,,,,,,,,,,,,,,,,,,,,,,,,,,,,,,,,,,,,,,,,,,,,,,,,,,,
0.036,0.14964473,0.32901906,0.06806154,0.09791892,0.09886004,0.16692373,0.06415347,0.05743982,0.08324643,0.08599401,0.43677921,0.290048,0.20886075,0.42593609,0.33217947,0.15208282,0.10055937,0.17829777,0.10738426,0.07851641,0.06873423,0.07708361,0.12203165,0.12046734,0.11538094,0.06499077,0.17053893,0.09429857,0.0864291,0.08345317,0.07254075,0.12167747,0.09724923,0.06939665,0.05047839,0.07396582,0.06065069,0.15039956,0.06532593,0.05887889,0.04034274,0.56314194,0.20553071,0.40180713,0.18975875,0.11923687,0.27539764,,,,,,,,,,,,,,,,,,,,,,,,,,,,,,,,,,,,,,,,,,,,,,,,,,,,,,,,,,,,,,,,,,,,,,,,,,,,,,,,,,,,,
0.04,0.15136211,0.33669861,0.0680445,0.09744185,0.09732198,0.16728562,0.06467072,0.05954311,0.08477435,0.08763802,0.43875285,0.28714148,0.19995958,0.43038049,0.31391931,0.15333817,0.09821997,0.18607183,0.10692495,0.07980104,0.07050419,0.07912529,0.11909483,0.12138918,0.11887227,0.06707834,0.17129792,0.09388826,0.08556357,0.08422975,0.07237755,0.12684869,0.09614692,0.06911617,0.05402637,0.07562644,0.06223962,0.1536069,0.06659205,0.05958791,0.04034102,0.59019416,0.20672935,0.43133404,0.18924695,0.12158514,0.28010446,,,,,,,,,,,,,,,,,,,,,,,,,,,,,,,,,,,,,,,,,,,,,,,,,,,,,,,,,,,,,,,,,,,,,,,,,,,,,,,,,,,,,
0.042,0.15249076,0.33811504,0.06877373,0.09728392,0.09639049,0.16953489,0.06571156,0.05992889,0.08573135,0.08737602,0.440841,0.2785748,0.20690919,0.42642687,0.32482347,0.15442719,0.09648253,0.18421051,0.10765321,0.0793276,0.0709824,0.08119283,0.11984581,0.12144832,0.11931101,0.06514113,0.17369454,0.09375785,0.08898041,0.08386922,0.07268686,0.13279026,0.09704616,0.06910415,0.05504895,0.07643226,0.06327074,0.1560022,0.06665563,0.06024223,0.0406746,0.57089137,0.20733441,0.46479519,0.19204839,0.1201214,0.2845918,,,,,,,,,,,,,,,,,,,,,,,,,,,,,,,,,,,,,,,,,,,,,,,,,,,,,,,,,,,,,,,,,,,,,,,,,,,,,,,,,,,,,
0.044,0.15440671,0.34315238,0.06947768,0.09796521,0.09711015,0.16923796,0.0666491,0.06019999,0.0868053,0.08716875,0.44286426,0.27980993,0.20998225,0.42863393,0.34263992,0.15587808,0.09684148,0.18562245,0.10881087,0.07928327,0.07049782,0.08175625,0.12331611,0.12074475,0.12004178,0.06858682,0.17879502,0.09372516,0.09244802,0.08337554,0.07278153,0.1377257,0.09950545,0.06990745,0.05588358,0.07704124,0.06397551,0.15518526,0.06677624,0.06084381,0.04088401,0.58371159,0.21093579,0.46636039,0.19460274,0.12047055,0.28851431,,,,,,,,,,,,,,,,,,,,,,,,,,,,,,,,,,,,,,,,,,,,,,,,,,,,,,,,,,,,,,,,,,,,,,,,,,,,,,,,,,,,,
0.045,0.15557465,0.34691801,0.06976713,0.09810437,0.09708337,0.16883411,0.06636939,0.06168736,0.08796113,0.08712659,0.44313346,0.28074489,0.2095503,0.44354436,0.34466895,0.15642721,0.09775869,0.18707461,0.10856664,0.07885801,0.06996902,0.08209508,0.12663178,0.12076548,0.12108479,0.07134226,0.18128516,0.09420579,0.09302285,0.08382692,0.0731622,0.13894388,0.10046413,0.07042264,0.0565189,0.07712754,0.06351901,0.15418116,0.0669064,0.06123331,0.0413035,0.59207366,0.21250227,0.46638548,0.19854563,0.12057427,0.28969811,,,,,,,,,,,,,,,,,,,,,,,,,,,,,,,,,,,,,,,,,,,,,,,,,,,,,,,,,,,,,,,,,,,,,,,,,,,,,,,,,,,,,
0.046,0.15612104,0.34658415,0.07032572,0.09850382,0.09713097,0.16671569,0.06586385,0.06190494,0.08910258,0.08872218,0.44360933,0.28056178,0.21033699,0.45719646,0.34650163,0.1568228,0.09858576,0.18886433,0.10811575,0.07808672,0.0702748,0.08318846,0.13019333,0.12123323,0.1230622,0.07418484,0.18255561,0.0946633,0.09198015,0.08416258,0.07418466,0.13972218,0.10048303,0.07095812,0.05698846,0.07672314,0.06224821,0.15469559,0.0670971,0.06162554,0.04147059,0.58253948,0.21388676,0.46063765,0.20136462,0.11982291,0.29275365,,,,,,,,,,,,,,,,,,,,,,,,,,,,,,,,,,,,,,,,,,,,,,,,,,,,,,,,,,,,,,,,,,,,,,,,,,,,,,,,,,,,,
0.048,0.1582863,0.34589809,0.07243333,0.09952562,0.09732418,0.17626606,0.06602489,0.0621126,0.09105987,0.09088418,0.44436268,0.28475035,0.22088336,0.45580088,0.34603931,0.15734036,0.1003656,0.19319288,0.10959445,0.07873162,0.07157646,0.08438738,0.13671251,0.12241925,0.12739408,0.07810399,0.19446425,0.09537206,0.08953522,0.08592452,0.07545124,0.14119648,0.09862503,0.07233136,0.05954972,0.07623357,0.0655204,0.15971229,0.06779504,0.06261788,0.0410484,0.5814612,0.21774089,0.44303309,0.22602598,0.11936802,0.29673781,,,,,,,,,,,,,,,,,,,,,,,,,,,,,,,,,,,,,,,,,,,,,,,,,,,,,,,,,,,,,,,,,,,,,,,,,,,,,,,,,,,,,
0.05,0.16137105,0.34616366,0.07522632,0.09992993,0.09683333,0.18588607,0.06615486,0.06572598,0.09024304,0.0906041,0.44737386,0.29833353,0.2377125,0.44895183,0.34543337,0.15755764,0.10427975,0.19475979,0.11558677,0.08354181,0.07320427,0.08514829,0.14141886,0.12435142,0.1286571,0.08197137,0.2108215,0.09573139,0.09036836,0.08997662,0.07558016,0.15061694,0.10565605,0.07181652,0.06328962,0.07689587,0.06936298,0.16606209,0.06817674,0.06351938,0.04081489,0.5721267,0.22065525,0.44211334,0.24735622,0.11829106,0.29743526,,,,,,,,,,,,,,,,,,,,,,,,,,,,,,,,,,,,,,,,,,,,,,,,,,,,,,,,,,,,,,,,,,,,,,,,,,,,,,,,,,,,,
0.055,0.17406452,0.3784772,0.08005359,0.10594802,0.10767373,0.20483117,0.06899825,0.07860458,0.10172462,0.09095965,0.44884894,0.33209948,0.25704168,0.51754174,0.36533505,0.16162616,0.10458346,0.18892232,0.13337209,0.08987545,0.07519866,0.08901484,0.14777019,0.13782427,0.1305139,0.08598631,0.24504613,0.09485463,0.0924409,0.09626645,0.07906077,0.16318986,0.12696294,0.07456652,0.05971805,0.07719431,0.07564075,0.18644768,0.07206804,0.07007937,0.04481797,0.60744617,0.21850488,0.52259311,0.30038361,0.13747544,0.28978689,,,,,,,,,,,,,,,,,,,,,,,,,,,,,,,,,,,,,,,,,,,,,,,,,,,,,,,,,,,,,,,,,,,,,,,,,,,,,,,,,,,,,
0.06,0.18385692,0.39675601,0.08519938,0.10369509,0.12238779,0.21474404,0.07171161,0.08357766,0.10341273,0.09995845,0.44582307,0.37209756,0.25609009,0.48933266,0.38669927,0.18386642,0.11990221,0.1711942,0.14530212,0.10402758,0.07031522,0.08543645,0.1705891,0.15179906,0.13809838,0.08842606,0.258545,0.09875465,0.09797888,0.09713573,0.07713767,0.17070221,0.14140432,0.08572531,0.06920607,0.07865809,0.08134577,0.18740048,0.07396088,0.08050098,0.0476702,0.63866756,0.22306585,0.58221311,0.36809097,0.1544487,0.29860534,,,,,,,,,,,,,,,,,,,,,,,,,,,,,,,,,,,,,,,,,,,,,,,,,,,,,,,,,,,,,,,,,,,,,,,,,,,,,,,,,,,,,
0.065,0.18937915,0.38944122,0.09209211,0.10324463,0.13002661,0.23488871,0.0706786,0.0806125,0.11019966,0.10624302,0.44507693,0.37289949,0.28797588,0.53616503,0.42264892,0.19931465,0.13389724,0.16751748,0.14953907,0.11380311,0.07568498,0.08922341,0.1729749,0.16811261,0.16441362,0.08800405,0.24436515,0.11334367,0.09793637,0.09615337,0.07822495,0.19888626,0.14608833,0.09108461,0.07803743,0.08281706,0.08256419,0.20711459,0.07819314,0.09159331,0.05314441,0.57821089,0.23094731,0.49819493,0.41407854,0.14641573,0.30214325,,,,,,,,,,,,,,,,,,,,,,,,,,,,,,,,,,,,,,,,,,,,,,,,,,,,,,,,,,,,,,,,,,,,,,,,,,,,,,,,,,,,,
0.067,0.19341607,0.39432021,0.09487157,0.10585493,0.13603541,0.23573814,0.07383185,0.08216114,0.11427388,0.10480143,0.44148784,0.36524719,0.30448744,0.5515814,0.44998019,0.20282899,0.13947981,0.18025852,0.15208086,0.11480845,0.07755694,0.09207418,0.1781114,0.16503898,0.18021246,0.08864592,0.24210446,0.11974264,0.10487123,0.0988369,0.07916183,0.20415123,0.14139153,0.09457273,0.0841948,0.08311727,0.08502367,0.21642568,0.07978419,0.09542629,0.05620501,0.56523406,0.23059537,0.51739235,0.41958181,0.15337936,0.30253747,,,,,,,,,,,,,,,,,,,,,,,,,,,,,,,,,,,,,,,,,,,,,,,,,,,,,,,,,,,,,,,,,,,,,,,,,,,,,,,,,,,,,
0.07,0.20255901,0.41893206,0.09793987,0.10907539,0.1480645,0.236147,0.08058639,0.08643129,0.12683955,0.10646369,0.44209693,0.37105953,0.31616999,0.57609888,0.4889105,0.21052362,0.14938818,0.1975034,0.15199157,0.11634234,0.08091334,0.09691621,0.18777692,0.16426403,0.19153069,0.09601392,0.23425957,0.1235657,0.12103509,0.10108802,0.07908101,0.21222542,0.14800939,0.1001188,0.08995531,0.08916969,0.09145658,0.22696562,0.07903123,0.09771043,0.06363017,0.608567,0.23120599,0.60174807,0.43024295,0.1557769,0.29664564,,,,,,,,,,,,,,,,,,,,,,,,,,,,,,,,,,,,,,,,,,,,,,,,,,,,,,,,,,,,,,,,,,,,,,,,,,,,,,,,,,,,,
0.075,0.21386697,0.44157374,0.10358197,0.11231483,0.14499995,0.24513812,0.08548826,0.08874251,0.1519668,0.12727789,0.46112704,0.41507934,0.32959673,0.55128531,0.55149531,0.22302341,0.17124447,0.22966352,0.15949697,0.11515652,0.08497332,0.09978744,0.19657915,0.16217209,0.20159214,0.11707645,0.25689857,0.13135578,0.14421031,0.10365659,0.08467239,0.22889244,0.1423221,0.10066753,0.09475463,0.09913006,0.09894483,0.22430823,0.0836125,0.09583592,0.06597641,0.61755791,0.23822824,0.69105745,0.41768724,0.1583282,0.30677163,,,,,,,,,,,,,,,,,,,,,,,,,,,,,,,,,,,,,,,,,,,,,,,,,,,,,,,,,,,,,,,,,,,,,,,,,,,,,,,,,,,,,
0.08,0.21708675,0.45280341,0.10407752,0.12159666,0.14191431,0.25269028,0.08386629,0.08993575,0.16800656,0.13658559,0.46379026,0.39930051,0.39199404,0.54439769,0.58497912,0.23511459,0.16745885,0.23236392,0.15675029,0.11716575,0.08230957,0.09901184,0.18105132,0.14908054,0.21664463,0.13922738,0.24717922,0.1348118,0.1351116,0.10718462,0.0901685,0.2308616,0.13846728,0.09765569,0.10935211,0.10319016,0.10664725,0.21482245,0.08498936,0.08437216,0.0683055,0.67866943,0.24194486,0.69782632,0.35656805,0.15693634,0.31151683,,,,,,,,,,,,,,,,,,,,,,,,,,,,,,,,,,,,,,,,,,,,,,,,,,,,,,,,,,,,,,,,,,,,,,,,,,,,,,,,,,,,,
0.085,0.22112041,0.46234008,0.10575383,0.11860144,0.15296352,0.26517806,0.08285449,0.09808979,0.18174697,0.1472237,0.49702853,0.38400825,0.37395326,0.51485377,0.61148372,0.21554768,0.15385267,0.22812236,0.15471091,0.12265124,0.08765474,0.10264892,0.1754641,0.15209307,0.23567003,0.1326981,0.25631892,0.13706775,0.13655873,0.11517359,0.09883852,0.24017252,0.14211541,0.10403827,0.10686238,0.11834072,0.116055,0.21491851,0.09270747,0.08582882,0.06053734,0.72920175,0.25084803,0.70888264,0.33086076,0.16271363,0.33215796,,,,,,,,,,,,,,,,,,,,,,,,,,,,,,,,,,,,,,,,,,,,,,,,,,,,,,,,,,,,,,,,,,,,,,,,,,,,,,,,,,,,,
0.09,0.22385739,0.46500981,0.10776576,0.10999666,0.15340654,0.26294844,0.078853,0.10863765,0.17052879,0.16275817,0.52629718,0.39852864,0.3983905,0.5358886,0.60287459,0.20885661,0.14663037,0.21923929,0.14774402,0.13298095,0.0820642,0.10184586,0.16802132,0.15719871,0.22700612,0.12399707,0.30256752,0.1341871,0.14596512,0.12443955,0.09884867,0.24121121,0.13818783,0.09878507,0.1041737,0.13445652,0.11667798,0.2096677,0.09820295,0.10059247,0.0586376,0.66527093,0.27058044,0.73714836,0.32095797,0.16857992,0.35589345,,,,,,,,,,,,,,,,,,,,,,,,,,,,,,,,,,,,,,,,,,,,,,,,,,,,,,,,,,,,,,,,,,,,,,,,,,,,,,,,,,,,,
0.095,0.23010584,0.46578742,0.11367567,0.12423206,0.15007788,0.23846591,0.07959689,0.13433456,0.14624727,0.17309964,0.53399343,0.42346552,0.39000415,0.61936806,0.60346706,0.23740268,0.15259182,0.22579845,0.14874994,0.1386668,0.07763049,0.10381551,0.16246167,0.16333728,0.19492124,0.14386079,0.34925331,0.13563378,0.14912707,0.12997335,0.1121776,0.25614763,0.15868591,0.10358563,0.1110676,0.13894805,0.11000912,0.20306389,0.11347824,0.11028012,0.06098163,0.62748068,0.30171814,0.68478694,0.33560091,0.18768372,0.3793844,,,,,,,,,,,,,,,,,,,,,,,,,,,,,,,,,,,,,,,,,,,,,,,,,,,,,,,,,,,,,,,,,,,,,,,,,,,,,,,,,,,,,
0.1,0.23525115,0.45971303,0.1203862,0.14000794,0.15788515,0.26725807,0.07749107,0.14187664,0.14923996,0.17743452,0.53844116,0.47476219,0.38706089,0.67810264,0.59703838,0.2559529,0.15740015,0.23378935,0.15757732,0.14183242,0.08221835,0.10807033,0.18143236,0.18277054,0.19816193,0.14532645,0.37218129,0.14316956,0.16596159,0.12899718,0.11458383,0.23513695,0.18929431,0.11646497,0.10191749,0.14756469,0.12199237,0.21829624,0.12755551,0.10885059,0.06456566,0.61466689,0.3080634,0.55694075,0.30101025,0.18075897,0.4019476,,,,,,,,,,,,,,,,,,,,,,,,,,,,,,,,,,,,,,,,,,,,,,,,,,,,,,,,,,,,,,,,,,,,,,,,,,,,,,,,,,,,,
0.11,0.25113524,0.47130374,0.13381797,0.13297758,0.16215551,0.33444876,0.10066341,0.13382203,0.19122762,0.23830318,0.58818938,0.56985577,0.40016234,0.6853474,0.59459767,0.24328181,0.16217146,0.26784257,0.19042953,0.16677715,0.10165809,0.12335099,0.19568544,0.17798754,0.21384195,0.16423252,0.35734791,0.17870492,0.16013751,0.17201864,0.11721141,0.2264024,0.20095431,0.13097904,0.10143653,0.17645998,0.13965969,0.27859741,0.16018368,0.1279339,0.0795382,0.63551028,0.33741847,0.478497,0.26612324,0.15062546,0.43520089,,,,,,,,,,,,,,,,,,,,,,,,,,,,,,,,,,,,,,,,,,,,,,,,,,,,,,,,,,,,,,,,,,,,,,,,,,,,,,,,,,,,,
0.12,0.27604188,0.50315883,0.15144148,0.13441224,0.20307706,0.35014506,0.11924074,0.16980453,0.15811509,0.2545874,0.59761968,0.63638219,0.43695261,0.71216098,0.6047755,0.28424102,0.16687971,0.29312507,0.20258298,0.16912403,0.11788542,0.13097938,0.24469757,0.24672435,0.25044937,0.23868638,0.44570579,0.17877367,0.17099069,0.20687107,0.12396634,0.2822214,0.20810872,0.14559091,0.12624561,0.15751619,0.16069931,0.30728021,0.18880252,0.13595899,0.09565189,0.65208031,0.38432441,0.50611474,0.25787461,0.16290589,0.52551088,,,,,,,,,,,,,,,,,,,,,,,,,,,,,,,,,,,,,,,,,,,,,,,,,,,,,,,,,,,,,,,,,,,,,,,,,,,,,,,,,,,,,
0.13,0.30668952,0.55917925,0.16820807,0.16559088,0.21686942,0.3954804,0.13209554,0.18579378,0.1997852,0.29932845,0.71020361,0.79763823,0.4326568,0.77934211,0.56946302,0.36751087,0.22592152,0.33926417,0.19292995,0.20419665,0.12504718,0.14466071,0.29409101,0.31089997,0.27633581,0.29348328,0.57724971,0.18999519,0.17067404,0.19124526,0.13431257,0.32629388,0.22667432,0.16224469,0.1310906,0.16056286,0.16981207,0.34836078,0.18138636,0.16215518,0.11322092,0.65590013,0.40710154,0.49334452,0.23715463,0.19609871,0.60087242,,,,,,,,,,,,,,,,,,,,,,,,,,,,,,,,,,,,,,,,,,,,,,,,,,,,,,,,,,,,,,,,,,,,,,,,,,,,,,,,,,,,,
0.133,0.31911836,0.58380078,0.17443712,0.17592948,0.22423775,0.42633277,0.13324547,0.18569261,0.2085273,0.30923364,0.72757102,0.84520187,0.43700807,0.82996886,0.57742587,0.40730787,0.24015138,0.36332887,0.21117191,0.21078025,0.12312469,0.14996857,0.31389039,0.32322013,0.27484564,0.28541236,0.60898676,0.20075198,0.17408101,0.19034207,0.13957735,0.3270839,0.24803093,0.16831637,0.13275533,0.16633192,0.17787082,0.35975011,0.18828846,0.17330592,0.11934402,0.67883974,0.40399928,0.49531895,0.24579494,0.22547774,0.63338346,,,,,,,,,,,,,,,,,,,,,,,,,,,,,,,,,,,,,,,,,,,,,,,,,,,,,,,,,,,,,,,,,,,,,,,,,,,,,,,,,,,,,
0.14,0.34501918,0.62865809,0.1893529,0.19508637,0.26726977,0.45479661,0.14161574,0.17883834,0.2312514,0.30017713,0.76737713,0.92542312,0.49290892,0.83416127,0.64557728,0.47844331,0.25927971,0.41691291,0.27201416,0.22576073,0.13000577,0.1757264,0.34393243,0.35986302,0.2554479,0.23723678,0.65550815,0.23297888,0.18796079,0.20361344,0.15668206,0.32012495,0.29403995,0.18195267,0.13517008,0.17542526,0.19605821,0.37530307,0.20682043,0.17951021,0.12586419,0.77296297,0.43666063,0.54941439,0.27457585,0.27455495,0.65655659,,,,,,,,,,,,,,,,,,,,,,,,,,,,,,,,,,,,,,,,,,,,,,,,,,,,,,,,,,,,,,,,,,,,,,,,,,,,,,,,,,,,,
0.15,0.37025976,0.68059616,0.20142972,0.23075169,0.30321642,0.51649928,0.14997241,0.17013393,0.25837951,0.25296766,0.82264479,0.94010088,0.60004691,0.81657067,0.57510062,0.52618803,0.29534181,0.4501378,0.30261788,0.2407399,0.14692635,0.20239495,0.39258671,0.38982766,0.25971805,0.20293215,0.64417283,0.27067988,0.1778984,0.21719795,0.16139216,0.31382129,0.30933548,0.20334088,0.15465904,0.18185627,0.19518254,0.3882048,0.20459443,0.19359089,0.13096625,0.98107267,0.48248365,0.69010495,0.32123877,0.29749909,0.72634128,,,,,,,,,,,,,,,,,,,,,,,,,,,,,,,,,,,,,,,,,,,,,,,,,,,,,,,,,,,,,,,,,,,,,,,,,,,,,,,,,,,,,
0.16,0.38414609,0.71842297,0.20540577,0.23052097,0.30970078,0.52078951,0.16742367,0.18735831,0.29011619,0.25016608,0.94508948,0.85295273,0.62412349,0.86739365,0.53084621,0.50140815,0.30377239,0.53171234,0.31926775,0.26420962,0.13733911,0.2011009,0.36022159,0.40015857,0.3308464,0.22137189,0.57865045,0.2923263,0.17485608,0.23102664,0.15712831,0.3260181,0.31638415,0.22367842,0.14533313,0.21588263,0.18749498,0.37326785,0.21086777,0.18121113,0.12856524,1.08317363,0.4563204,0.83561292,0.33551846,0.28858824,0.81263346,,,,,,,,,,,,,,,,,,,,,,,,,,,,,,,,,,,,,,,,,,,,,,,,,,,,,,,,,,,,,,,,,,,,,,,,,,,,,,,,,,,,,
0.17,0.38007924,0.72041465,0.20052373,0.23441297,0.29620638,0.49608842,0.16669069,0.15182212,0.30473179,0.22824961,1.01216214,0.73887176,0.64475479,0.93034685,0.56910269,0.44473745,0.26940184,0.55492958,0.31734147,0.27139003,0.1508468,0.21187222,0.36986597,0.3283736,0.33925154,0.22304586,0.49553707,0.28947081,0.19486317,0.24160283,0.1698369,0.35934374,0.29152146,0.24196304,0.15228599,0.24330269,0.18936602,0.36120883,0.21166594,0.16065834,0.11026299,1.07381483,0.42917415,0.8249303,0.31136446,0.26831387,0.8485026,,,,,,,,,,,,,,,,,,,,,,,,,,,,,,,,,,,,,,,,,,,,,,,,,,,,,,,,,,,,,,,,,,,,,,,,,,,,,,,,,,,,,
0.18,0.37009983,0.74469164,0.1839337,0.21008501,0.25819679,0.38409385,0.15526641,0.13444439,0.29600178,0.20188898,0.99849126,0.68654603,0.74433557,0.92254165,0.61295657,0.38269064,0.23149259,0.47860967,0.2893044,0.24942917,0.14894335,0.20097847,0.33721023,0.27617296,0.31390084,0.17285599,0.49911732,0.31233854,0.20851464,0.22475563,0.17765599,0.3452319,0.24943407,0.23790718,0.15007285,0.27517963,0.19074622,0.33928214,0.20714877,0.1363199,0.11656402,1.20818268,0.41707835,0.84910192,0.30058888,0.2643145,0.88842099,,,,,,,,,,,,,,,,,,,,,,,,,,,,,,,,,,,,,,,,,,,,,,,,,,,,,,,,,,,,,,,,,,,,,,,,,,,,,,,,,,,,,
0.19,0.3628651,0.74385018,0.1770129,0.23547749,0.25964289,0.36780028,0.13622079,0.12421387,0.28987292,0.17831098,1.01709141,0.70440024,0.82380252,1.00412821,0.73171627,0.36375734,0.23180338,0.41269578,0.25795632,0.21372478,0.13504439,0.17809569,0.31451951,0.27005429,0.34321846,0.14537756,0.47919326,0.28898113,0.24993393,0.20745908,0.16990763,0.32318177,0.24360404,0.22715193,0.154853,0.29147415,0.17903983,0.32158974,0.17982996,0.1274085,0.11336742,0.97503708,0.37261193,0.87547986,0.31163168,0.23457117,0.90083175,,,,,,,,,,,,,,,,,,,,,,,,,,,,,,,,,,,,,,,,,,,,,,,,,,,,,,,,,,,,,,,,,,,,,,,,,,,,,,,,,,,,,
0.2,0.35455751,0.76087118,0.16521986,0.23927444,0.26612203,0.36860065,0.11609525,0.13376106,0.27230495,0.14819256,1.05949198,0.67814403,0.87007183,1.12342347,0.83478272,0.33391257,0.22157498,0.38907458,0.23472924,0.18363303,0.13917978,0.16062197,0.30437199,0.27154722,0.31692666,0.12844714,0.44861568,0.26533806,0.26311328,0.1816139,0.15428322,0.30289644,0.2748424,0.20308558,0.15610392,0.25531002,0.18467436,0.31369604,0.15868477,0.12803786,0.1102389,0.94580797,0.33696237,0.7184256,0.29372169,0.21780499,0.8929894,,,,,,,,,,,,,,,,,,,,,,,,,,,,,,,,,,,,,,,,,,,,,,,,,,,,,,,,,,,,,,,,,,,,,,,,,,,,,,,,,,,,,
0.22,0.33853833,0.77830237,0.14725409,0.23176916,0.25922829,0.3901931,0.10642703,0.13201048,0.20489808,0.12002745,1.30952078,0.56020106,0.89021323,1.19260916,0.89685272,0.29370897,0.18778761,0.36775357,0.20345523,0.16332456,0.15149934,0.16887593,0.30441341,0.23260711,0.23886755,0.14478631,0.36025325,0.22695039,0.25302663,0.14741985,0.1258831,0.3353178,0.26498586,0.17616006,0.13891051,0.19311276,0.18894111,0.31003192,0.1171664,0.13584224,0.12760721,0.7894987,0.35836025,0.57565908,0.36832894,0.22495854,0.72624193,,,,,,,,,,,,,,,,,,,,,,,,,,,,,,,,,,,,,,,,,,,,,,,,,,,,,,,,,,,,,,,,,,,,,,,,,,,,,,,,,,,,,
0.24,0.31607732,0.77942569,0.12817755,0.18909679,0.24061934,0.28838366,0.09299421,0.13408039,0.12898868,0.08960779,1.50371792,0.57100989,0.69588565,0.95955998,0.91328517,0.26819191,0.17932015,0.32369129,0.17709354,0.13889832,0.14828152,0.15352998,0.28622657,0.22560676,0.1802687,0.14011888,0.28602838,0.20010542,0.26623008,0.13045393,0.09785884,0.34447167,0.23232677,0.15801088,0.1131629,0.18446152,0.15836315,0.32653104,0.09456655,0.11552392,0.11451974,0.86793532,0.38144626,0.64645803,0.39193126,0.25050912,0.51805041,,,,,,,,,,,,,,,,,,,,,,,,,,,,,,,,,,,,,,,,,,,,,,,,,,,,,,,,,,,,,,,,,,,,,,,,,,,,,,,,,,,,,
0.25,0.30598236,0.77454155,0.12087822,0.2030472,0.22348142,0.27121987,0.08953551,0.12956154,0.12389193,0.0919677,1.46664504,0.59823058,0.65033717,0.97606949,0.93232393,0.25596538,0.16625437,0.28304953,0.16332697,0.12957911,0.15466122,0.15288723,0.26460861,0.21741746,0.17326821,0.13257316,0.25582162,0.21266358,0.24392371,0.12176954,0.09613521,0.31397424,0.23170134,0.14111205,0.10175713,0.1786748,0.13836998,0.32253324,0.08423395,0.09347517,0.10277912,0.88896456,0.42078049,0.59438383,0.37658157,0.25881869,0.4348676,,,,,,,,,,,,,,,,,,,,,,,,,,,,,,,,,,,,,,,,,,,,,,,,,,,,,,,,,,,,,,,,,,,,,,,,,,,,,,,,,,,,,
0.26,0.29578129,0.76316579,0.11463639,0.20517836,0.20728759,0.25897124,0.08342673,0.12232607,0.12316002,0.09614335,1.38575698,0.63853036,0.62020062,0.97007341,0.94709555,0.23764574,0.15174407,0.26078913,0.15165676,0.1207647,0.15659176,0.16042266,0.24284048,0.19913665,0.18037374,0.13289691,0.23079803,0.20585179,0.20661604,0.11438252,0.1013613,0.28935892,0.23557703,0.12128481,0.1038938,0.16568456,0.1141829,0.29227957,0.07934759,0.08340048,0.09865696,0.92550732,0.43101552,0.55632877,0.37201794,0.25350246,0.38031574,,,,,,,,,,,,,,,,,,,,,,,,,,,,,,,,,,,,,,,,,,,,,,,,,,,,,,,,,,,,,,,,,,,,,,,,,,,,,,,,,,,,,
0.28,0.28167285,0.77587328,0.10225845,0.19194321,0.18644227,0.25951857,0.08855877,0.10758416,0.10010608,0.08799595,1.42122214,0.67769132,0.53642144,1.0619375,0.84514599,0.22269138,0.14303336,0.21939342,0.13903776,0.13665321,0.15229003,0.14863137,0.2105292,0.18070818,0.16726827,0.12908157,0.15700786,0.15440096,0.19144644,0.11424004,0.09083669,0.25265734,0.21688817,0.1039391,0.09981174,0.13695843,0.09019603,0.22725427,0.08021869,0.08545694,0.1172954,0.88956608,0.41208561,0.58048526,0.37036229,0.27066517,0.33794785,,,,,,,,,,,,,,,,,,,,,,,,,,,,,,,,,,,,,,,,,,,,,,,,,,,,,,,,,,,,,,,,,,,,,,,,,,,,,,,,,,,,,
0.29,0.27670336,0.81296031,0.09418018,0.19354961,0.17088897,0.24168753,0.08692947,0.11003778,0.09540838,0.0847256,1.5232302,0.6575192,0.49870481,1.12551553,0.81958676,0.20083688,0.1267555,0.18952555,0.13138552,0.13027628,0.14850859,0.13920937,0.19599232,0.17271651,0.16564677,0.11185683,0.15442707,0.14625826,0.17612668,0.11259614,0.08497755,0.24153805,0.19957261,0.10057362,0.10255367,0.13790689,0.09065941,0.20981241,0.07370466,0.09046683,0.11203673,0.89728716,0.38993213,0.55914326,0.3754922,0.2680275,0.33136093,,,,,,,,,,,,,,,,,,,,,,,,,,,,,,,,,,,,,,,,,,,,,,,,,,,,,,,,,,,,,,,,,,,,,,,,,,,,,,,,,,,,,
0.3,0.27727297,0.87229152,0.08813602,0.20926819,0.161528,0.21929463,0.08724526,0.11822676,0.08836423,0.08849858,1.66577949,0.62168309,0.51119468,1.10197789,0.78719055,0.18235039,0.12310273,0.16069361,0.12126889,0.12230827,0.14267002,0.13466136,0.17747377,0.16148957,0.15608908,0.09804024,0.13947667,0.14356184,0.16275111,0.10935915,0.08844371,0.22797502,0.1782593,0.09462249,0.10937559,0.13387357,0.09338436,0.21151643,0.07199478,0.09841944,0.1104462,1.05051387,0.39191472,0.53643981,0.39959537,0.27413252,0.33355556,,,,,,,,,,,,,,,,,,,,,,,,,,,,,,,,,,,,,,,,,,,,,,,,,,,,,,,,,,,,,,,,,,,,,,,,,,,,,,,,,,,,,
0.32,0.27292708,0.87885046,0.08475752,0.19705061,0.14338505,0.194452,0.09486034,0.11918221,0.09035104,0.10821015,1.67129505,0.49029055,0.53360318,0.96897372,0.72195093,0.16501619,0.12589069,0.14150891,0.11675115,0.11238777,0.14522799,0.14367419,0.15867135,0.15349251,0.16198816,0.10223957,0.14036791,0.15477571,0.17745493,0.11938301,0.09464386,0.20800283,0.17282533,0.09535796,0.11743985,0.1110949,0.09436318,0.22266525,0.08416415,0.10668995,0.12496126,1.27244049,0.41196581,0.45972796,0.36741817,0.27280037,0.33979516,,,,,,,,,,,,,,,,,,,,,,,,,,,,,,,,,,,,,,,,,,,,,,,,,,,,,,,,,,,,,,,,,,,,,,,,,,,,,,,,,,,,,
0.34,0.27103426,0.84969797,0.08645374,0.21789481,0.15668184,0.19913253,0.11655078,0.10864466,0.08254829,0.13330446,1.70240113,0.38666217,0.46357985,0.78311822,0.70695536,0.15707516,0.13532745,0.14963834,0.12371977,0.11779204,0.16155969,0.15911224,0.15515231,0.15385083,0.19236106,0.11972325,0.13107322,0.16871046,0.20361286,0.15588205,0.10930406,0.20598178,0.17889982,0.10749973,0.11863493,0.11120374,0.09675646,0.25356935,0.08039891,0.12396641,0.1112027,1.27731701,0.44160819,0.46795772,0.31442276,0.21845876,0.36626011,,,,,,,,,,,,,,,,,,,,,,,,,,,,,,,,,,,,,,,,,,,,,,,,,,,,,,,,,,,,,,,,,,,,,,,,,,,,,,,,,,,,,
0.35,0.27278748,0.81001306,0.09186643,0.2351303,0.16926231,0.20007408,0.12415411,0.0999921,0.0825627,0.13875712,1.61848931,0.37393797,0.45438026,0.80901303,0.71068071,0.15756519,0.15279695,0.15630412,0.13370377,0.1180124,0.16934272,0.16978383,0.15233582,0.15527974,0.18865157,0.13004879,0.125445,0.17217156,0.21590339,0.17354664,0.11578241,0.20156166,0.17121795,0.10916331,0.12276356,0.12330143,0.09807041,0.27605896,0.07924958,0.14074026,0.10584116,1.21362778,0.45117257,0.51520558,0.29487759,0.21983835,0.37685107,,,,,,,,,,,,,,,,,,,,,,,,,,,,,,,,,,,,,,,,,,,,,,,,,,,,,,,,,,,,,,,,,,,,,,,,,,,,,,,,,,,,,
0.36,0.27041657,0.75431619,0.09694227,0.2438587,0.18755641,0.19881247,0.1320188,0.09050447,0.08748154,0.13749727,1.46561152,0.36725102,0.43363114,0.86395248,0.67133603,0.16064089,0.1559987,0.15811715,0.14102554,0.12925649,0.17566333,0.17770193,0.14413427,0.14727854,0.17613078,0.13431309,0.13065058,0.16522212,0.22767199,0.18067007,0.11878237,0.1901172,0.16099785,0.11021253,0.12634358,0.13745317,0.10511039,0.29625518,0.07665152,0.15815501,0.09704717,1.13827518,0.46069039,0.55808556,0.27668008,0.21732463,0.38615987,,,,,,,,,,,,,,,,,,,,,,,,,,,,,,,,,,,,,,,,,,,,,,,,,,,,,,,,,,,,,,,,,,,,,,,,,,,,,,,,,,,,,
0.38,0.25726398,0.64703429,0.10228941,0.20953913,0.21423184,0.19414196,0.15511755,0.0876268,0.09487792,0.12536355,1.14392773,0.35289367,0.36915757,0.90356608,0.59778853,0.14838166,0.1541194,0.14872406,0.14598409,0.14538759,0.19144123,0.19002964,0.13704305,0.13094668,0.17461219,0.11573548,0.12148144,0.16015339,0.23920701,0.18224576,0.12184404,0.16923814,0.14046336,0.1061809,0.1402473,0.15913863,0.11426588,0.3270603,0.07908963,0.17162642,0.08717568,0.99827513,0.48706137,0.5403319,0.23680529,0.2048158,0.40227046,,,,,,,,,,,,,,,,,,,,,,,,,,,,,,,,,,,,,,,,,,,,,,,,,,,,,,,,,,,,,,,,,,,,,,,,,,,,,,,,,,,,,
0.4,0.24678397,0.60517893,0.10063524,0.17320393,0.21221419,0.16472224,0.1667354,0.09931057,0.11339862,0.11730361,1.13745376,0.33478132,0.34039985,0.79356537,0.57787875,0.11530225,0.12234087,0.16193664,0.16253161,0.15281038,0.20045702,0.20097873,0.12078883,0.1141804,0.18136245,0.12868668,0.13017323,0.1664299,0.23021535,0.2070237,0.12166269,0.15558284,0.13732961,0.09471583,0.14688276,0.16568735,0.1256482,0.3306111,0.08078313,0.14427539,0.10236569,0.90693805,0.50079388,0.43293438,0.21323574,0.15901406,0.41384847,,,,,,,,,,,,,,,,,,,,,,,,,,,,,,,,,,,,,,,,,,,,,,,,,,,,,,,,,,,,,,,,,,,,,,,,,,,,,,,,,,,,,
0.42,0.23836026,0.58642662,0.09688444,0.148712,0.20409559,0.16345761,0.16325794,0.11187272,0.11714623,0.11282269,1.19931937,0.31853436,0.37353923,0.66181083,0.54380504,0.12411853,0.13754719,0.16667581,0.16283065,0.15050715,0.19366272,0.19339899,0.10440814,0.10261524,0.18009979,0.14381135,0.11713347,0.15677506,0.2119308,0.20732586,0.11192905,0.1357821,0.13936884,0.08082411,0.134743,0.17074914,0.13697656,0.30011438,0.08670254,0.1213221,0.11430664,0.82096262,0.49786508,0.39769704,0.20322826,0.13867199,0.4253938,,,,,,,,,,,,,,,,,,,,,,,,,,,,,,,,,,,,,,,,,,,,,,,,,,,,,,,,,,,,,,,,,,,,,,,,,,,,,,,,,,,,,
0.44,0.22724117,0.54567947,0.09463165,0.1358174,0.18990212,0.15231154,0.15381439,0.11295751,0.11253165,0.10882216,1.11661848,0.30444823,0.40127298,0.62662434,0.49087781,0.12836628,0.14757414,0.17341066,0.15835425,0.15136484,0.17921296,0.17459722,0.09431686,0.10823298,0.19499404,0.12750944,0.11267219,0.15011494,0.1921881,0.17043529,0.09939112,0.12255772,0.14410402,0.08476096,0.13223032,0.17572367,0.13838259,0.26928614,0.09031327,0.09557665,0.10991612,0.71096115,0.53119506,0.37337285,0.19465043,0.12727838,0.42956811,,,,,,,,,,,,,,,,,,,,,,,,,,,,,,,,,,,,,,,,,,,,,,,,,,,,,,,,,,,,,,,,,,,,,,,,,,,,,,,,,,,,,
0.45,0.2230797,0.52756222,0.09432926,0.14069018,0.18321382,0.14165656,0.15044195,0.11382915,0.10347814,0.10872716,1.03687231,0.30830724,0.40466393,0.64882089,0.50213205,0.1259885,0.14806039,0.17667111,0.15672535,0.15165788,0.17189539,0.16886858,0.09084853,0.10556171,0.2171921,0.12000683,0.11177638,0.14275193,0.18871175,0.15546649,0.09361475,0.11830578,0.14198714,0.08669573,0.1334023,0.17685278,0.13814614,0.25539455,0.09402661,0.08528833,0.10089826,0.67138743,0.55391576,0.35519645,0.19072117,0.11986407,0.42479328,,,,,,,,,,,,,,,,,,,,,,,,,,,,,,,,,,,,,,,,,,,,,,,,,,,,,,,,,,,,,,,,,,,,,,,,,,,,,,,,,,,,,
0.46,0.21848322,0.50851089,0.09387197,0.15063659,0.17572463,0.13532578,0.1479999,0.11205326,0.09207079,0.10936523,0.95543981,0.30887122,0.40875359,0.65157927,0.50192635,0.12151571,0.14835936,0.17656864,0.15526622,0.15012182,0.16462311,0.16294769,0.08903331,0.10139535,0.2222483,0.12472184,0.10499392,0.13505583,0.18296946,0.15925022,0.09020914,0.11373358,0.13557785,0.09029301,0.1321426,0.17482611,0.13903431,0.24277184,0.09307789,0.08140442,0.09603766,0.64953946,0.56968045,0.3374245,0.1881681,0.11315429,0.41736933,,,,,,,,,,,,,,,,,,,,,,,,,,,,,,,,,,,,,,,,,,,,,,,,,,,,,,,,,,,,,,,,,,,,,,,,,,,,,,,,,,,,,
0.48,0.2095318,0.47771122,0.09190401,0.14136526,0.16511739,0.12705858,0.14270899,0.10174966,0.08436375,0.11094903,0.86522478,0.30370797,0.40352952,0.66631244,0.41603468,0.11381544,0.15043501,0.16526969,0.1538991,0.15952335,0.15242943,0.14879322,0.09074826,0.10335052,0.22679803,0.14392575,0.09215006,0.13090767,0.17349372,0.18639069,0.09307049,0.11566005,0.11807161,0.08476833,0.12156858,0.177936,0.13384762,0.22315486,0.08670943,0.08265226,0.08853655,0.58894011,0.58991676,0.29687832,0.183866,0.11148922,0.40228119,,,,,,,,,,,,,,,,,,,,,,,,,,,,,,,,,,,,,,,,,,,,,,,,,,,,,,,,,,,,,,,,,,,,,,,,,,,,,,,,,,,,,
0.5,0.20296157,0.46539616,0.08851255,0.11667084,0.16799119,0.13433729,0.12792712,0.09153485,0.08620334,0.11163599,0.82531476,0.30528465,0.3765248,0.69865101,0.37481324,0.11395581,0.159671,0.17349963,0.15291661,0.15332757,0.13597202,0.12689857,0.09218428,0.11476256,0.20702538,0.15566293,0.09764731,0.11849176,0.15698164,0.20219653,0.08863732,0.10271176,0.10085728,0.08323366,0.09962785,0.18715256,0.12408653,0.21034854,0.08116714,0.0749465,0.07244745,0.53730592,0.58334879,0.30742088,0.17883412,0.12716831,0.39293175,,,,,,,,,,,,,,,,,,,,,,,,,,,,,,,,,,,,,,,,,,,,,,,,,,,,,,,,,,,,,,,,,,,,,,,,,,,,,,,,,,,,,
0.55,0.17608375,0.44275848,0.07002799,0.12213468,0.12177761,0.11629742,0.09004566,0.07165484,0.08332334,0.10955642,0.67906372,0.29018702,0.2674332,0.77040447,0.39476029,0.09673858,0.12216754,0.11759201,0.10130405,0.10307541,0.09562235,0.09812711,0.08221962,0.09582117,0.15846095,0.10729982,0.08360474,0.09715567,0.12311022,0.13462895,0.07254244,0.0780355,0.07173684,0.08143594,0.08213611,0.12729584,0.09017101,0.17488949,0.08119141,0.06276519,0.05239338,0.54086228,0.43353674,0.33501757,0.22335923,0.12430189,0.38244706,,,,,,,,,,,,,,,,,,,,,,,,,,,,,,,,,,,,,,,,,,,,,,,,,,,,,,,,,,,,,,,,,,,,,,,,,,,,,,,,,,,,,
0.6,0.16100744,0.4378967,0.05919979,0.12421951,0.08780902,0.09587728,0.08599352,0.04856318,0.06979573,0.10239714,0.64992818,0.25279717,0.25728109,0.78975599,0.33225595,0.07614268,0.09027967,0.09521643,0.08236916,0.08799551,0.09276245,0.09150588,0.07404972,0.08026967,0.12107535,0.08920363,0.06540423,0.08931369,0.11623469,0.09145539,0.06655227,0.06732783,0.07131585,0.07494223,0.07694395,0.07797953,0.07592556,0.13939826,0.07168115,0.05940738,0.04537139,0.45807036,0.38941063,0.40715883,0.22794497,0.15490047,0.38004467,,,,,,,,,,,,,,,,,,,,,,,,,,,,,,,,,,,,,,,,,,,,,,,,,,,,,,,,,,,,,,,,,,,,,,,,,,,,,,,,,,,,,
0.65,0.15362038,0.44818935,0.05265458,0.11681095,0.08404196,0.08063149,0.0829693,0.04158299,0.06354772,0.08671369,0.70178319,0.21567092,0.26910136,0.74930314,0.31675998,0.05952074,0.07466902,0.08185309,0.07694612,0.08108157,0.0899752,0.0876466,0.06905515,0.06202202,0.10655548,0.0752025,0.06037689,0.09050296,0.10995957,0.08053636,0.0632099,0.06064793,0.05677239,0.06763875,0.04822322,0.07207436,0.07373687,0.11964188,0.06103342,0.0555208,0.03642252,0.41461109,0.34791174,0.49742318,0.23062507,0.17358945,0.36539421,,,,,,,,,,,,,,,,,,,,,,,,,,,,,,,,,,,,,,,,,,,,,,,,,,,,,,,,,,,,,,,,,,,,,,,,,,,,,,,,,,,,,
0.667,0.15157896,0.45212685,0.050818,0.10972185,0.08147038,0.07955539,0.08061612,0.04185011,0.05912005,0.08194496,0.74562779,0.20172043,0.26409107,0.73993974,0.31492086,0.05718651,0.06802944,0.07882681,0.07488514,0.07876898,0.08663789,0.08468422,0.07217275,0.06465758,0.10270238,0.07548097,0.06120077,0.092609,0.10671539,0.07967342,0.06899878,0.05823358,0.05512644,0.06294682,0.04725266,0.0641772,0.07284168,0.11528292,0.06438474,0.05373362,0.03701933,0.40983878,0.32354959,0.47540711,0.2323493,0.18048591,0.36303579,,,,,,,,,,,,,,,,,,,,,,,,,,,,,,,,,,,,,,,,,,,,,,,,,,,,,,,,,,,,,,,,,,,,,,,,,,,,,,,,,,,,,
0.7,0.14809735,0.43527478,0.05038846,0.10184514,0.07686284,0.0887837,0.07604716,0.04662652,0.04794316,0.07472081,0.69710818,0.17515387,0.2451795,0.7197496,0.2873126,0.05868741,0.06510675,0.0768061,0.07166757,0.07463183,0.08049384,0.08462225,0.07370082,0.07592207,0.09747109,0.07089434,0.06417106,0.09698524,0.09875062,0.07990635,0.07828381,0.05455036,0.05266865,0.05454456,0.04924472,0.0711803,0.07098195,0.11399339,0.06836041,0.05997538,0.04021452,0.51283972,0.28692944,0.39948511,0.24410483,0.20852559,0.34325015,,,,,,,,,,,,,,,,,,,,,,,,,,,,,,,,,,,,,,,,,,,,,,,,,,,,,,,,,,,,,,,,,,,,,,,,,,,,,,,,,,,,,
0.75,0.14606871,0.43846645,0.04866067,0.10739822,0.06994974,0.09213404,0.07186576,0.04643516,0.05142767,0.0688055,0.69231752,0.15286897,0.21275469,0.72867638,0.2331761,0.0562145,0.06384188,0.07217075,0.07881746,0.07471944,0.07652834,0.07826349,0.07631022,0.07828649,0.08599358,0.06713424,0.07046645,0.09221003,0.08294302,0.0781332,0.09218335,0.05781739,0.05093334,0.04613228,0.055727,0.06495658,0.08473684,0.10778166,0.07645116,0.06357356,0.03608657,0.57480441,0.27908276,0.35158814,0.2637684,0.26293286,0.2986243,,,,,,,,,,,,,,,,,,,,,,,,,,,,,,,,,,,,,,,,,,,,,,,,,,,,,,,,,,,,,,,,,,,,,,,,,,,,,,,,,,,,,
0.8,0.1418781,0.49072429,0.04101977,0.10114173,0.05973278,0.06893272,0.06428749,0.03820558,0.05500777,0.06025337,0.82533083,0.13331025,0.19446629,0.7055431,0.22661802,0.05085329,0.05558006,0.07128466,0.07841587,0.07129711,0.06356974,0.06576403,0.04980464,0.05293501,0.06933289,0.0705319,0.06578894,0.0825223,0.06804883,0.07511135,0.07169524,0.04771244,0.04229104,0.04412956,0.04669899,0.05429395,0.06791452,0.09002654,0.07651344,0.04863176,0.03808295,0.6074737,0.21979324,0.40528048,0.29249202,0.28856193,0.27737409,,,,,,,,,,,,,,,,,,,,,,,,,,,,,,,,,,,,,,,,,,,,,,,,,,,,,,,,,,,,,,,,,,,,,,,,,,,,,,,,,,,,,
0.85,0.13928882,0.5399147,0.03593415,0.09046684,0.05500036,0.06352481,0.06028603,0.03592237,0.05273372,0.04754977,0.89433539,0.1141202,0.18830255,0.67284904,0.17246264,0.05350396,0.05984871,0.0711905,0.07081349,0.06820575,0.05523291,0.05171771,0.04752821,0.04618013,0.06006528,0.06496913,0.06158983,0.07274073,0.06816068,0.0592721,0.05618227,0.04261269,0.03914071,0.04232296,0.0394154,0.05016667,0.05254695,0.07619966,0.05265979,0.04661486,0.04165305,0.66443287,0.20642713,0.4953515,0.32298173,0.28406806,0.25735905,,,,,,,,,,,,,,,,,,,,,,,,,,,,,,,,,,,,,,,,,,,,,,,,,,,,,,,,,,,,,,,,,,,,,,,,,,,,,,,,,,,,,
0.9,0.13415057,0.52668058,0.03416943,0.07516044,0.05319299,0.06066601,0.05585818,0.03696996,0.04448303,0.03768392,0.82584433,0.09740928,0.18368007,0.61339377,0.17196227,0.04714516,0.05605593,0.06875662,0.06341569,0.0623629,0.0489556,0.04758756,0.04912217,0.04723636,0.05592889,0.05905125,0.0540049,0.06717835,0.07096643,0.06023225,0.05371504,0.03994346,0.04161093,0.03664854,0.0390273,0.04663578,0.04709984,0.06860861,0.04654601,0.04275234,0.03615022,0.65849206,0.19329419,0.56148547,0.34334718,0.29925287,0.23371072,,,,,,,,,,,,,,,,,,,,,,,,,,,,,,,,,,,,,,,,,,,,,,,,,,,,,,,,,,,,,,,,,,,,,,,,,,,,,,,,,,,,,
0.95,0.12647097,0.47815041,0.03345162,0.07871759,0.05350983,0.05958103,0.05100049,0.03894086,0.03280745,0.03249627,0.73151247,0.09007012,0.17325752,0.55119708,0.17780283,0.04245563,0.0473128,0.05793126,0.05170381,0.05749984,0.04595634,0.05025385,0.05270254,0.04829459,0.05241745,0.05709768,0.04722938,0.06097814,0.06726693,0.05947836,0.05614853,0.0420186,0.03931655,0.03575013,0.03649442,0.04210019,0.04254754,0.06294035,0.04472461,0.04289225,0.03039696,0.58721827,0.23964611,0.55860374,0.34758937,0.28107116,0.20579186,,,,,,,,,,,,,,,,,,,,,,,,,,,,,,,,,,,,,,,,,,,,,,,,,,,,,,,,,,,,,,,,,,,,,,,,,,,,,,,,,,,,,
1,0.1175489,0.44019265,0.03139022,0.078883,0.0486869,0.05493725,0.05089691,0.03697333,0.02994833,0.03062357,0.69770943,0.08024143,0.15742903,0.50854358,0.16288924,0.03892959,0.04391933,0.05580829,0.05188724,0.05591695,0.0445323,0.04490575,0.04837722,0.04536031,0.04656845,0.04925478,0.04542442,0.05282138,0.05790621,0.05424449,0.05860328,0.04289816,0.03441697,0.03412252,0.03367996,0.0404038,0.03627321,0.05967274,0.04111622,0.0481174,0.02677015,0.47960929,0.25906376,0.53245954,0.34101007,0.2405821,0.18973381,,,,,,,,,,,,,,,,,,,,,,,,,,,,,,,,,,,,,,,,,,,,,,,,,,,,,,,,,,,,,,,,,,,,,,,,,,,,,,,,,,,,,
1.1,0.09723353,0.38520123,0.02454395,0.06102611,0.03674003,0.04307639,0.03564201,0.03135162,0.02918572,0.02668289,0.63777582,0.06745241,0.12505826,0.4440415,0.12332587,0.03202561,0.03809057,0.04138793,0.03914419,0.04020327,0.03739142,0.04259206,0.03474298,0.03285585,0.03666802,0.0314123,0.03793753,0.03924231,0.03790592,0.04059989,0.04089667,0.03972798,0.0281781,0.03469573,0.03140357,0.03561294,0.02845373,0.04352009,0.03219528,0.0327042,0.02495746,0.37326499,0.25577613,0.40384665,0.30464282,0.16960321,0.17523741,,,,,,,,,,,,,,,,,,,,,,,,,,,,,,,,,,,,,,,,,,,,,,,,,,,,,,,,,,,,,,,,,,,,,,,,,,,,,,,,,,,,,
1.2,0.08762682,0.39574546,0.01940252,0.05012996,0.03273652,0.03845726,0.03113889,0.02466224,0.02692647,0.02050338,0.69318039,0.05425624,0.10363309,0.36905367,0.11705559,0.02851121,0.03288627,0.03472079,0.03194111,0.03308551,0.03226699,0.03394187,0.02720459,0.02854227,0.03369087,0.03034574,0.03218044,0.03646118,0.03633629,0.02873801,0.02595767,0.02631543,0.02813694,0.03179761,0.02794068,0.02823079,0.02509577,0.0339042,0.02647122,0.03233802,0.02359105,0.37444043,0.2301027,0.36604017,0.24970598,0.13504785,0.14787653,,,,,,,,,,,,,,,,,,,,,,,,,,,,,,,,,,,,,,,,,,,,,,,,,,,,,,,,,,,,,,,,,,,,,,,,,,,,,,,,,,,,,
1.3,0.07937984,0.37706881,0.0167109,0.04295064,0.0295714,0.0314796,0.02776543,0.02333696,0.02929926,0.01592362,0.67798055,0.03949296,0.09166443,0.31268354,0.13766409,0.02442811,0.02761935,0.0292543,0.02814471,0.02829524,0.02684834,0.02655849,0.02295607,0.02378763,0.03234933,0.02866761,0.02912071,0.03178752,0.03828338,0.02721372,0.02159479,0.02261237,0.02675201,0.02850583,0.02841235,0.02326755,0.02721795,0.03578923,0.02233083,0.02936796,0.02636037,0.35809729,0.23027303,0.30544259,0.19080568,0.10699056,0.12376541,,,,,,,,,,,,,,,,,,,,,,,,,,,,,,,,,,,,,,,,,,,,,,,,,,,,,,,,,,,,,,,,,,,,,,,,,,,,,,,,,,,,,
1.4,0.06685679,0.33275999,0.0134326,0.0422736,0.02411261,0.0247063,0.02772022,0.01901798,0.0258919,0.01297652,0.60236651,0.02873417,0.08386945,0.27759261,0.109588,0.02131822,0.02553524,0.02820537,0.02435854,0.02509647,0.02543667,0.02317632,0.01887883,0.01857807,0.02478532,0.03148479,0.02775178,0.02546908,0.02886313,0.03057917,0.01973948,0.01750913,0.02074743,0.02339344,0.03359147,0.02055201,0.01948981,0.02649308,0.01591223,0.0215381,0.02018187,0.31923463,0.15610458,0.24190054,0.15061051,0.07714541,0.09918827,,,,,,,,,,,,,,,,,,,,,,,,,,,,,,,,,,,,,,,,,,,,,,,,,,,,,,,,,,,,,,,,,,,,,,,,,,,,,,,,,,,,,
1.5,0.05647876,0.27226691,0.01171589,0.03494454,0.02096814,0.0231182,0.02528923,0.01753275,0.02067853,0.01149634,0.4862502,0.02284079,0.08196766,0.24800693,0.09986939,0.01850927,0.01806835,0.02156751,0.01820724,0.02293075,0.02426991,0.02208196,0.01573369,0.01726622,0.0213821,0.02366432,0.02490825,0.01917213,0.02106013,0.02635026,0.02082268,0.01375283,0.01853917,0.0230551,0.02977906,0.01869908,0.01571778,0.02801943,0.01491727,0.01778628,0.01790868,0.28106081,0.12123538,0.1992068,0.12001404,0.05664874,0.07976754,,,,,,,,,,,,,,,,,,,,,,,,,,,,,,,,,,,,,,,,,,,,,,,,,,,,,,,,,,,,,,,,,,,,,,,,,,,,,,,,,,,,,
1.6,0.04832567,0.24241503,0.00963377,0.03590338,0.0163518,0.01823821,0.0171981,0.01555005,0.01617161,0.01160211,0.42510183,0.01908226,0.07641328,0.22644778,0.0905268,0.01318653,0.01484204,0.0189612,0.01530977,0.01711387,0.01574167,0.01561021,0.01532826,0.01483048,0.01770382,0.016219,0.01715388,0.01640433,0.01685301,0.01758845,0.01947278,0.01351601,0.0138363,0.01804051,0.02295423,0.01521237,0.01366751,0.02379264,0.01558932,0.01633309,0.01499942,0.23313508,0.11794954,0.17301178,0.09652612,0.04158009,0.06527909,,,,,,,,,,,,,,,,,,,,,,,,,,,,,,,,,,,,,,,,,,,,,,,,,,,,,,,,,,,,,,,,,,,,,,,,,,,,,,,,,,,,,
1.7,0.04370303,0.24131022,0.00791494,0.033759,0.01508938,0.01725332,0.01572965,0.01213012,0.01171754,0.01245635,0.42818688,0.01579076,0.07217794,0.2035989,0.07885378,0.01276014,0.01502708,0.01759759,0.01436382,0.01514045,0.01403499,0.01315255,0.01400572,0.01408808,0.01445806,0.01347551,0.01375099,0.01300363,0.01598524,0.01651588,0.01455849,0.01203314,0.0103169,0.01247125,0.0189492,0.01362769,0.01174277,0.01783132,0.01523579,0.0145366,0.01167126,0.1915191,0.12791544,0.14625619,0.07794919,0.03145421,0.06076153,,,,,,,,,,,,,,,,,,,,,,,,,,,,,,,,,,,,,,,,,,,,,,,,,,,,,,,,,,,,,,,,,,,,,,,,,,,,,,,,,,,,,
1.8,0.04059492,0.26920753,0.00612148,0.03008,0.01347183,0.01598172,0.01450992,0.00931875,0.00999673,0.0131697,0.46827612,0.01376287,0.06684938,0.18422267,0.06926184,0.01065027,0.01361948,0.01471286,0.01196193,0.01228453,0.01306065,0.01203795,0.01283843,0.01199467,0.01304473,0.01277252,0.01195534,0.01142746,0.01390545,0.01552358,0.01276808,0.0114279,0.01083307,0.00893835,0.01554045,0.01066027,0.01073226,0.01813794,0.01437168,0.01227581,0.01118321,0.16015189,0.122328,0.12184749,0.0643751,0.02592946,0.05398415,,,,,,,,,,,,,,,,,,,,,,,,,,,,,,,,,,,,,,,,,,,,,,,,,,,,,,,,,,,,,,,,,,,,,,,,,,,,,,,,,,,,,
1.9,0.03844801,0.31060074,0.00475932,0.02735169,0.01350672,0.01586832,0.01360634,0.00859459,0.00937384,0.01332216,0.51212072,0.01217168,0.06094439,0.16705731,0.06146496,0.00859882,0.0126703,0.01229761,0.01067646,0.01180108,0.01311729,0.01374876,0.01289698,0.01252185,0.01038274,0.01109761,0.01161974,0.00983743,0.01239359,0.01370507,0.01267569,0.01116352,0.01132559,0.00844371,0.01208508,0.00987569,0.01008818,0.01959993,0.01220404,0.01107027,0.01197161,0.12932669,0.10437279,0.11176413,0.05379571,0.02315429,0.04604732,,,,,,,,,,,,,,,,,,,,,,,,,,,,,,,,,,,,,,,,,,,,,,,,,,,,,,,,,,,,,,,,,,,,,,,,,,,,,,,,,,,,,
2,0.03484987,0.30221733,0.00401868,0.02253048,0.01317927,0.0150512,0.01299961,0.00794641,0.00815879,0.01284057,0.48741817,0.01138513,0.05495849,0.1502693,0.05353899,0.00755175,0.01137502,0.01127482,0.01025692,0.01218935,0.01310098,0.01440748,0.01236031,0.01157153,0.00836561,0.00971672,0.0111642,0.0091897,0.01230071,0.01279634,0.01095427,0.01095256,0.01000275,0.0077826,0.00959174,0.00914472,0.01072508,0.01712911,0.01145116,0.01101745,0.01142097,0.10241724,0.08593476,0.09919853,0.04709218,0.02095173,0.03972978,,,,,,,,,,,,,,,,,,,,,,,,,,,,,,,,,,,,,,,,,,,,,,,,,,,,,,,,,,,,,,,,,,,,,,,,,,,,,,,,,,,,,
2.2,0.02699312,0.19270534,0.00378105,0.01345299,0.01176923,0.01346676,0.01119309,0.00633701,0.00806095,0.01208176,0.3439004,0.01065352,0.04716478,0.11431318,0.04243126,0.00801769,0.00982159,0.00991728,0.01049232,0.01195041,0.01250717,0.01441394,0.01259918,0.01012975,0.00746412,0.00908674,0.01122981,0.00981597,0.01213221,0.0102328,0.00940453,0.00914796,0.0079737,0.00639588,0.00808852,0.01016658,0.01011644,0.01257569,0.01100157,0.00838446,0.0088917,0.066561,0.06145226,0.07756198,0.03622021,0.01733614,0.03178284,,,,,,,,,,,,,,,,,,,,,,,,,,,,,,,,,,,,,,,,,,,,,,,,,,,,,,,,,,,,,,,,,,,,,,,,,,,,,,,,,,,,,
2.4,0.02303568,0.18665743,0.00284287,0.01024672,0.01017583,0.01328635,0.00951922,0.00584703,0.00642926,0.01014002,0.31825708,0.00952585,0.03824202,0.09142187,0.03620159,0.00763685,0.0098282,0.00830458,0.00906845,0.01011644,0.00978366,0.0101654,0.01110529,0.00940594,0.00720143,0.00831417,0.00974734,0.00790918,0.01063014,0.00840373,0.00784755,0.00834951,0.0072354,0.00492893,0.00807634,0.00922491,0.00848997,0.01135095,0.00965561,0.00759591,0.00581527,0.0528896,0.04669583,0.06120783,0.02812296,0.01315423,0.02601547,,,,,,,,,,,,,,,,,,,,,,,,,,,,,,,,,,,,,,,,,,,,,,,,,,,,,,,,,,,,,,,,,,,,,,,,,,,,,,,,,,,,,
2.5,0.02059621,0.14526391,0.00292023,0.00857951,0.00927348,0.01241764,0.00883855,0.0059129,0.005482,0.00887014,0.26293087,0.0089822,0.03374982,0.08363657,0.03276579,0.0079741,0.00966807,0.0081634,0.00894192,0.00961357,0.00916308,0.00851093,0.00862258,0.00901458,0.00695765,0.00839439,0.00969733,0.0081172,0.00905578,0.00751912,0.00731758,0.00765418,0.00656358,0.00480456,0.00819629,0.00885009,0.00760857,0.00941787,0.00837145,0.00784998,0.00530443,0.04847338,0.0459746,0.05787869,0.02490061,0.01146854,0.02474564,,,,,,,,,,,,,,,,,,,,,,,,,,,,,,,,,,,,,,,,,,,,,,,,,,,,,,,,,,,,,,,,,,,,,,,,,,,,,,,,,,,,,
2.6,0.01898645,0.13153969,0.00274051,0.0075536,0.00860284,0.01131878,0.00820858,0.00551382,0.00491203,0.00747935,0.23906949,0.00842935,0.03019003,0.07793997,0.02873093,0.00769741,0.00945039,0.00764144,0.00853482,0.0090481,0.00871018,0.00833243,0.00786461,0.0084691,0.00624711,0.00833943,0.00955053,0.00760766,0.0078802,0.00669644,0.00659691,0.00669248,0.00619461,0.00464647,0.00779551,0.00804823,0.00655837,0.00750999,0.00753356,0.00704765,0.00491542,0.04414297,0.0475856,0.05424271,0.02212589,0.01022172,0.02352719,,,,,,,,,,,,,,,,,,,,,,,,,,,,,,,,,,,,,,,,,,,,,,,,,,,,,,,,,,,,,,,,,,,,,,,,,,,,,,,,,,,,,
2.8,0.01660982,0.11666493,0.00236477,0.00614838,0.00818734,0.00967069,0.00778947,0.00449368,0.00437771,0.00485571,0.21003981,0.00737066,0.02691238,0.06693319,0.02673249,0.0053823,0.00837435,0.0064172,0.00767045,0.00816133,0.00774367,0.00740359,0.00822114,0.00746069,0.00611406,0.00852399,0.00856492,0.00652818,0.00588259,0.00586444,0.00576588,0.00543626,0.00583807,0.00379996,0.0067536,0.00681902,0.00485327,0.00512586,0.00543903,0.00565359,0.00436191,0.03619719,0.05015202,0.04553837,0.01767025,0.00885452,0.02074882,,,,,,,,,,,,,,,,,,,,,,,,,,,,,,,,,,,,,,,,,,,,,,,,,,,,,,,,,,,,,,,,,,,,,,,,,,,,,,,,,,,,,
3,0.01466781,0.10528996,0.00204335,0.0051064,0.00779669,0.00935548,0.00745415,0.00340505,0.00434158,0.00373317,0.18763845,0.00619074,0.02374579,0.05670675,0.02244144,0.00449149,0.00755461,0.00517368,0.00697384,0.00759389,0.00733594,0.00693079,0.00797009,0.00698152,0.00668834,0.00856421,0.00727557,0.00538593,0.00504079,0.00578409,0.00524924,0.004678,0.00461151,0.00389558,0.00599566,0.00642187,0.00378606,0.00407444,0.00399642,0.0040489,0.00322976,0.0293914,0.05248572,0.03649749,0.01444427,0.00744818,0.01746883,,,,,,,,,,,,,,,,,,,,,,,,,,,,,,,,,,,,,,,,,,,,,,,,,,,,,,,,,,,,,,,,,,,,,,,,,,,,,,,,,,,,,
3.2,0.01244939,0.08248368,0.00187901,0.00446456,0.00618679,0.00777524,0.00594689,0.00307562,0.00390443,0.00291901,0.14947671,0.00570858,0.02057322,0.04782644,0.01780478,0.00359188,0.00610797,0.00397232,0.00608217,0.00597451,0.00619821,0.00598828,0.00722845,0.00580884,0.00567457,0.00674252,0.00549119,0.00481562,0.00450059,0.0050159,0.0050056,0.0038728,0.00401001,0.00401916,0.00536854,0.00493795,0.00320525,0.00354763,0.00343781,0.00300235,0.00266754,0.02700547,0.05262314,0.03223569,0.01218852,0.00658859,0.015202,,,,,,,,,,,,,,,,,,,,,,,,,,,,,,,,,,,,,,,,,,,,,,,,,,,,,,,,,,,,,,,,,,,,,,,,,,,,,,,,,,,,,
3.4,0.01088964,0.07443494,0.00159313,0.00390917,0.00456975,0.00611734,0.00466507,0.0027424,0.00344588,0.00229475,0.13065961,0.00529908,0.0176143,0.0403293,0.01646474,0.00294045,0.00460199,0.00321168,0.00517397,0.00479724,0.00473557,0.00488672,0.00641971,0.00471122,0.00442908,0.00500891,0.00429856,0.00394266,0.00367141,0.00381028,0.00395317,0.00351495,0.00382309,0.00425233,0.00488559,0.00378264,0.00285918,0.00301764,0.00291704,0.00249188,0.00218655,0.02512726,0.05363861,0.0280433,0.01040136,0.00577335,0.01372553,,,,,,,,,,,,,,,,,,,,,,,,,,,,,,,,,,,,,,,,,,,,,,,,,,,,,,,,,,,,,,,,,,,,,,,,,,,,,,,,,,,,,
3.5,0.0102299,0.07034171,0.00148775,0.00362958,0.00395565,0.00543525,0.00415158,0.00256404,0.00340561,0.00202699,0.12170498,0.00517171,0.01639612,0.03708521,0.01587303,0.00267708,0.00414166,0.00289478,0.00458233,0.00431916,0.00418731,0.0044212,0.00601784,0.00427374,0.00437361,0.00465993,0.0039583,0.00350669,0.00323817,0.00324676,0.00357726,0.00345445,0.00366639,0.00407049,0.00477594,0.00349594,0.00273188,0.00280934,0.00269488,0.00223536,0.00201066,0.02406131,0.0543361,0.02632536,0.0096466,0.00539034,0.01293509,,,,,,,,,,,,,,,,,,,,,,,,,,,,,,,,,,,,,,,,,,,,,,,,,,,,,,,,,,,,,,,,,,,,,,,,,,,,,,,,,,,,,
3.6,0.009658,0.06896638,0.0013525,0.00334461,0.00366599,0.00496711,0.00366054,0.00238687,0.00328259,0.00187664,0.11758682,0.0050346,0.01522902,0.03415519,0.01516841,0.00252126,0.00382425,0.00260716,0.00416035,0.00384982,0.00370928,0.00395611,0.00555145,0.00395708,0.00432162,0.0044885,0.00371395,0.00311532,0.00284303,0.00300749,0.00327266,0.00342081,0.00345057,0.00362386,0.00457555,0.00326524,0.00264143,0.00263769,0.00251903,0.00203074,0.00190491,0.02294255,0.05187203,0.02468308,0.00896892,0.005027,0.01213066,,,,,,,,,,,,,,,,,,,,,,,,,,,,,,,,,,,,,,,,,,,,,,,,,,,,,,,,,,,,,,,,,,,,,,,,,,,,,,,,,,,,,
3.8,0.00858357,0.06233223,0.00118201,0.00287846,0.00338168,0.00486139,0.00285669,0.0019649,0.00308824,0.0018313,0.10614237,0.00472786,0.01325611,0.02914188,0.01363489,0.00215519,0.00336149,0.00206734,0.00360121,0.00314957,0.00305527,0.00338121,0.0050034,0.00372942,0.00402197,0.00425302,0.00333093,0.00283883,0.00262031,0.00260383,0.00291,0.00314278,0.00288435,0.00350046,0.00400834,0.00309029,0.00245854,0.00236872,0.00217467,0.00182654,0.0017732,0.02062755,0.04550276,0.02174036,0.00780805,0.00438836,0.01053314,,,,,,,,,,,,,,,,,,,,,,,,,,,,,,,,,,,,,,,,,,,,,,,,,,,,,,,,,,,,,,,,,,,,,,,,,,,,,,,,,,,,,
4,0.00749353,0.05045607,0.00111291,0.00246638,0.00335707,0.00465884,0.00232989,0.0015438,0.00282705,0.00177737,0.08820321,0.00437958,0.01167284,0.02508863,0.01208021,0.00176228,0.00322846,0.00177115,0.00312063,0.00276239,0.00269195,0.00313075,0.00464577,0.0036109,0.00341661,0.00379475,0.00294518,0.0026681,0.00236108,0.00224293,0.00262855,0.00303773,0.00229645,0.00310765,0.00363681,0.00304501,0.00237878,0.00214137,0.00199583,0.00177429,0.00157019,0.0183312,0.04043933,0.01898349,0.00694244,0.00383136,0.00903695,,,,,,,,,,,,,,,,,,,,,,,,,,,,,,,,,,,,,,,,,,,,,,,,,,,,,,,,,,,,,,,,,,,,,,,,,,,,,,,,,,,,,
4.2,0.00669446,0.04313484,0.00103897,0.00208987,0.0031432,0.0041661,0.00202367,0.00146233,0.00242101,0.00164283,0.07639152,0.00403035,0.01066228,0.02181128,0.01061472,0.00173854,0.00304734,0.0016072,0.00278784,0.00248005,0.00253442,0.00300374,0.00433258,0.00317818,0.00317746,0.00381261,0.00251337,0.00243772,0.00215845,0.0019689,0.00256216,0.00291149,0.00179336,0.00307745,0.00371985,0.00281675,0.00223617,0.00191551,0.001758,0.00160024,0.00136367,0.01615045,0.03717978,0.01649015,0.00625426,0.0033561,0.00813339,,,,,,,,,,,,,,,,,,,,,,,,,,,,,,,,,,,,,,,,,,,,,,,,,,,,,,,,,,,,,,,,,,,,,,,,,,,,,,,,,,,,,
4.4,0.00591203,0.03530635,0.00098997,0.00176777,0.00300565,0.00394294,0.00184742,0.00132305,0.00197544,0.00144072,0.06354077,0.00376292,0.00968935,0.01914043,0.00927993,0.00166331,0.00278004,0.00152664,0.00244,0.00222366,0.00266588,0.00284992,0.00428735,0.00305469,0.00296043,0.00355173,0.00234708,0.00221676,0.00194101,0.0017665,0.00237725,0.00253001,0.00144011,0.00275286,0.00324439,0.00243314,0.00202497,0.00168362,0.00169699,0.00135807,0.00125335,0.01414706,0.03402954,0.01429589,0.00565872,0.00296798,0.00724404,,,,,,,,,,,,,,,,,,,,,,,,,,,,,,,,,,,,,,,,,,,,,,,,,,,,,,,,,,,,,,,,,,,,,,,,,,,,,,,,,,,,,
4.6,0.00515481,0.02808835,0.00094602,0.00152148,0.00278199,0.00365589,0.00170049,0.00120149,0.0016691,0.00124035,0.05141874,0.00350108,0.00877921,0.01694489,0.00808532,0.00152968,0.00256005,0.00141848,0.00206188,0.00197629,0.00271374,0.00263759,0.00412097,0.00277036,0.00271207,0.00332726,0.00211164,0.00202339,0.00173541,0.00159213,0.00212916,0.00221248,0.00122973,0.00222098,0.00267361,0.00211253,0.001764,0.00153449,0.00154273,0.001136,0.00112482,0.01259618,0.02980468,0.01273616,0.00514086,0.00266354,0.00639884,,,,,,,,,,,,,,,,,,,,,,,,,,,,,,,,,,,,,,,,,,,,,,,,,,,,,,,,,,,,,,,,,,,,,,,,,,,,,,,,,,,,,
4.8,0.00464337,0.02458112,0.00087713,0.00139546,0.00274986,0.00332791,0.00154905,0.00108053,0.0015319,0.00121073,0.04535042,0.00324545,0.00806512,0.01512396,0.00703754,0.00141849,0.00223115,0.00128903,0.00183418,0.00178708,0.0026531,0.00239332,0.00365657,0.00237904,0.00236449,0.00316332,0.00207973,0.0018734,0.00154611,0.00148901,0.00200795,0.00195777,0.00111909,0.00193955,0.00243602,0.00185797,0.00153334,0.00145421,0.00136516,0.00097868,0.00101294,0.01151997,0.02664508,0.01153131,0.00468848,0.00245563,0.00597929,,,,,,,,,,,,,,,,,,,,,,,,,,,,,,,,,,,,,,,,,,,,,,,,,,,,,,,,,,,,,,,,,,,,,,,,,,,,,,,,,,,,,
5,0.0041621,0.02135921,0.00081103,0.00126878,0.00250824,0.00297492,0.001382,0.0009733,0.00139097,0.00115501,0.03959507,0.00299527,0.00748428,0.01359941,0.00613362,0.00129953,0.0019241,0.00114883,0.0017144,0.00159778,0.00247071,0.00209851,0.00307856,0.00195477,0.0021371,0.00283047,0.00206941,0.00174593,0.00136009,0.00134906,0.0018647,0.0017418,0.00106625,0.00166463,0.00224665,0.00162109,0.00140421,0.00137493,0.00117825,0.00090061,0.00094194,0.01054084,0.02371553,0.01047494,0.00429184,0.00227219,0.00559171,,,,,,,,,,,,,,,,,,,,,,,,,,,,,,,,,,,,,,,,,,,,,,,,,,,,,,,,,,,,,,,,,,,,,,,,,,,,,,,,,,,,,
5.5,0.00322621,0.0157026,0.00066285,0.00101399,0.00202066,0.00240106,0.00114254,0.00072957,0.00092047,0.00097598,0.02894453,0.00246116,0.00617473,0.01072126,0.00442912,0.00089592,0.00133665,0.00099246,0.00132454,0.00121404,0.00208962,0.00157305,0.00193614,0.00155998,0.00153701,0.00203294,0.00182604,0.00161301,0.00107336,0.00102821,0.00127599,0.00132417,0.00095947,0.0013225,0.00172948,0.00113695,0.00105528,0.00116956,0.00103452,0.00069812,0.0007578,0.00856162,0.01853017,0.00836244,0.0034917,0.00186877,0.00470668,,,,,,,,,,,,,,,,,,,,,,,,,,,,,,,,,,,,,,,,,,,,,,,,,,,,,,,,,,,,,,,,,,,,,,,,,,,,,,,,,,,,,
6,0.00258907,0.01233299,0.00054353,0.00087484,0.00186005,0.00174917,0.00098261,0.00057036,0.00066466,0.00082844,0.02229242,0.00200218,0.00508685,0.00872634,0.00344808,0.00080674,0.00112908,0.00093107,0.00098254,0.00103104,0.00180583,0.00133395,0.00156284,0.00112579,0.00114225,0.00135239,0.00146543,0.00133622,0.00077061,0.00077333,0.00095819,0.00090514,0.0007598,0.00104087,0.0012261,0.00087055,0.00081705,0.00096821,0.00081852,0.00058069,0.00060226,0.00730499,0.01526087,0.00677542,0.0028933,0.00154488,0.00395723,,,,,,,,,,,,,,,,,,,,,,,,,,,,,,,,,,,,,,,,,,,,,,,,,,,,,,,,,,,,,,,,,,,,,,,,,,,,,,,,,,,,,
6.5,0.00213267,0.01040738,0.00043703,0.00073262,0.00144556,0.00129561,0.00080217,0.00047178,0.00051178,0.00072361,0.0183424,0.00162208,0.00421496,0.00727635,0.00282896,0.00061252,0.00088466,0.0008022,0.00084668,0.00088652,0.00145381,0.00104866,0.001266,0.00077301,0.00085491,0.00103117,0.00115368,0.0010502,0.00063981,0.00065324,0.00075189,0.00067535,0.00066618,0.00095343,0.00087835,0.00074089,0.00064578,0.00075549,0.00064923,0.00047852,0.00048714,0.00616863,0.0131093,0.00558799,0.00243533,0.00129043,0.00333868,,,,,,,,,,,,,,,,,,,,,,,,,,,,,,,,,,,,,,,,,,,,,,,,,,,,,,,,,,,,,,,,,,,,,,,,,,,,,,,,,,,,,
7,0.00177725,0.00854734,0.00036954,0.00062609,0.00110357,0.00117464,0.00063825,0.00040712,0.00040282,0.00063898,0.01480458,0.00136237,0.00352568,0.00618131,0.00242843,0.00053795,0.00072894,0.00065912,0.00068888,0.0007416,0.00109497,0.0008652,0.00096582,0.00065956,0.00075272,0.00082568,0.00087702,0.00080183,0.00055506,0.00054298,0.00064184,0.00061898,0.00062669,0.00080491,0.00070994,0.00066123,0.0005008,0.00066182,0.00053049,0.00039523,0.0004049,0.005209,0.01116372,0.0046762,0.00207766,0.00109124,0.00283324,,,,,,,,,,,,,,,,,,,,,,,,,,,,,,,,,,,,,,,,,,,,,,,,,,,,,,,,,,,,,,,,,,,,,,,,,,,,,,,,,,,,,
7.5,0.00151804,0.00738274,0.00031214,0.00055274,0.00093647,0.0010654,0.00051261,0.00035445,0.00031845,0.00056235,0.01292722,0.00115503,0.00298217,0.00532904,0.00210574,0.00048416,0.00061241,0.00052899,0.00055264,0.00061474,0.00081527,0.00070547,0.00078504,0.00056137,0.00066197,0.00068964,0.00067435,0.00062791,0.0004744,0.00046775,0.00057803,0.0005466,0.00056015,0.00071857,0.00059955,0.00058436,0.00041746,0.00057782,0.00053151,0.00035519,0.00034522,0.00448408,0.00932351,0.00396413,0.00179329,0.00093518,0.00242122,,,,,,,,,,,,,,,,,,,,,,,,,,,,,,,,,,,,,,,,,,,,,,,,,,,,,,,,,,,,,,,,,,,,,,,,,,,,,,,,,,,,,
8,0.00130614,0.00629172,0.00027115,0.00048477,0.0008292,0.00093384,0.00042057,0.00031192,0.00026484,0.00049197,0.01119949,0.00097757,0.00255157,0.00464883,0.0018418,0.00042927,0.00052942,0.00042433,0.00047486,0.00051139,0.00069103,0.00057282,0.00062884,0.00050269,0.00058242,0.00056886,0.00056806,0.00054301,0.00040326,0.00040047,0.00051155,0.0004724,0.00048431,0.00065817,0.00052242,0.00050866,0.00036871,0.00050023,0.00050189,0.00031949,0.00030022,0.00394087,0.00765782,0.00345903,0.00156359,0.00082894,0.00208469,,,,,,,,,,,,,,,,,,,,,,,,,,,,,,,,,,,,,,,,,,,,,,,,,,,,,,,,,,,,,,,,,,,,,,,,,,,,,,,,,,,,,
8.5,0.00113511,0.00541008,0.00023816,0.0004233,0.00076999,0.00086051,0.00034974,0.00027758,0.00023149,0.00042932,0.00980572,0.00082841,0.00220742,0.00409525,0.00162324,0.00039192,0.00047015,0.00037087,0.00043122,0.00043031,0.00062527,0.00046894,0.00051391,0.00046224,0.00049298,0.00049311,0.00049141,0.00047243,0.00034773,0.00034915,0.00043873,0.00040646,0.00041168,0.00053793,0.00046919,0.00044421,0.0003279,0.00043235,0.00045529,0.00028697,0.00026484,0.00348361,0.00629966,0.00304351,0.00137546,0.00074031,0.00181322,,,,,,,,,,,,,,,,,,,,,,,,,,,,,,,,,,,,,,,,,,,,,,,,,,,,,,,,,,,,,,,,,,,,,,,,,,,,,,,,,,,,,
9,0.00099087,0.00467752,0.0002099,0.00036914,0.00067274,0.0007195,0.00029896,0.00024806,0.00020748,0.00037539,0.00860687,0.00073092,0.00192938,0.00363748,0.00144039,0.00035638,0.00041827,0.0003329,0.00038178,0.00036747,0.00056044,0.0003909,0.00045316,0.00042109,0.0004101,0.00044062,0.00043302,0.00041323,0.00030602,0.00030672,0.00037116,0.00035217,0.00034799,0.00048647,0.00042047,0.0003767,0.00029281,0.0003746,0.00039832,0.0002574,0.00023598,0.00309706,0.00519422,0.00269193,0.00121947,0.00066483,0.00158814,,,,,,,,,,,,,,,,,,,,,,,,,,,,,,,,,,,,,,,,,,,,,,,,,,,,,,,,,,,,,,,,,,,,,,,,,,,,,,,,,,,,,
9.5,0.00086834,0.00407701,0.00018494,0.00032237,0.00056709,0.00054925,0.00026664,0.00022241,0.00018756,0.00033002,0.00757592,0.00063442,0.00170216,0.00325389,0.00128602,0.00030975,0.00037314,0.00029938,0.00033317,0.00032077,0.00049367,0.00033299,0.00041423,0.00038095,0.00037908,0.00039383,0.0003863,0.000361,0.00027023,0.00027192,0.00031567,0.00030879,0.00029496,0.00043128,0.00037638,0.00031854,0.00026257,0.00032613,0.00034106,0.00023078,0.00021182,0.00276873,0.00432027,0.00239335,0.00108869,0.00059994,0.00139994,,,,,,,,,,,,,,,,,,,,,,,,,,,,,,,,,,,,,,,,,,,,,,,,,,,,,,,,,,,,,,,,,,,,,,,,,,,,,,,,,,,,,
10,0.00076706,0.00357648,0.00016452,0.00028254,0.00049306,0.00044683,0.00023761,0.00020003,0.00017051,0.00029221,0.00669153,0.00054429,0.00151432,0.00292885,0.00115463,0.00027629,0.00033399,0.0002699,0.00028921,0.00028872,0.00042983,0.00028965,0.00037468,0.00034325,0.00035143,0.00035244,0.00034742,0.0003157,0.00024457,0.00024158,0.00026949,0.00027419,0.00025201,0.00038198,0.00033693,0.00028585,0.00023644,0.00028572,0.00028922,0.00020707,0.00019121,0.00248813,0.0036454,0.00213885,0.00097797,0.00054372,0.00124157,,,,,,,,,,,,,,,,,,,,,,,,,,,,,,,,,,,,,,,,,,,,,,,,,,,,,,,,,,,,,,,,,,,,,,,,,,,,,,,,,,,,,
11,0.00061544,0.00284085,0.00013333,0.00022393,0.00037229,0.00033377,0.0001898,0.00016336,0.00014597,0.00023446,0.00528819,0.00039855,0.00122464,0.00241082,0.00094475,0.00026803,0.00027053,0.00022128,0.00022653,0.000235,0.00032765,0.00022991,0.00030134,0.00027756,0.00029146,0.0002843,0.0002854,0.00024431,0.00020295,0.00019483,0.00021116,0.0002291,0.00019032,0.00029571,0.00027137,0.00022138,0.00019406,0.00022763,0.0002088,0.00016775,0.00015791,0.00203839,0.0028879,0.00173327,0.000808,0.0004518,0.00099322,,,,,,,,,,,,,,,,,,,,,,,,,,,,,,,,,,,,,,,,,,,,,,,,,,,,,,,,,,,,,,,,,,,,,,,,,,,,,,,,,,,,,
12,0.00050732,0.00231725,0.00011107,0.00019462,0.00027798,0.00029288,0.00015408,0.00013524,0.00012473,0.00019342,0.00425994,0.00030632,0.00101413,0.00201981,0.00078654,0.00023128,0.00022242,0.00018365,0.000195,0.00019348,0.00026451,0.00018996,0.00024083,0.00022549,0.00024403,0.00023237,0.00023773,0.00019403,0.00017277,0.00016301,0.0001781,0.00019364,0.00015069,0.00023463,0.00022118,0.00016703,0.0001617,0.00018781,0.00016705,0.00013757,0.00013234,0.00169859,0.00244043,0.00142971,0.00068008,0.00038061,0.0008108,,,,,,,,,,,,,,,,,,,,,,,,,,,,,,,,,,,,,,,,,,,,,,,,,,,,,,,,,,,,,,,,,,,,,,,,,,,,,,,,,,,,,
13,0.00042475,0.00191926,9.40E-05,0.00016978,0.00023473,0.00024371,0.00013104,0.00011351,0.00010538,0.00016306,0.00349755,0.00024785,0.0008558,0.00171711,0.0006646,0.00018223,0.00018547,0.00015429,0.00016668,0.00016151,0.00021202,0.00016051,0.00019351,0.00018524,0.00020351,0.00019274,0.00020016,0.00016637,0.00014859,0.00013934,0.00015118,0.00016343,0.0001242,0.00019281,0.00018295,0.0001424,0.00013658,0.00015751,0.00013998,0.00011443,0.00011234,0.0014364,0.00206214,0.00119798,0.00058035,0.00032453,0.00067361,,,,,,,,,,,,,,,,,,,,,,,,,,,,,,,,,,,,,,,,,,,,,,,,,,,,,,,,,,,,,,,,,,,,,,,,,,,,,,,,,,,,,
14,0.00036012,0.00161457,8.03E-05,0.00014863,0.0001982,0.00019906,0.00011306,9.65E-05,8.90E-05,0.00013972,0.00292196,0.00020905,0.00073328,0.00147785,0.00056876,0.00013969,0.00015668,0.00013114,0.00014241,0.00013766,0.00017376,0.00013763,0.00016015,0.00015426,0.00017053,0.00016217,0.00017018,0.0001442,0.00012878,0.00012011,0.00012995,0.00013826,0.00010548,0.00016015,0.00015362,0.00012421,0.00011678,0.00013397,0.00011871,9.66E-05,9.65E-05,0.00123025,0.0017498,0.00101766,0.00050109,0.0002797,0.00056819,,,,,,,,,,,,,,,,,,,,,,,,,,,,,,,,,,,,,,,,,,,,,,,,,,,,,,,,,,,,,,,,,,,,,,,,,,,,,,,,,,,,,
15,0.00030942,0.00137997,6.94E-05,0.00013063,0.00016539,0.00016269,9.95E-05,8.31E-05,7.56E-05,0.00012122,0.00247866,0.00018354,0.00063622,0.00128542,0.00049217,0.00011421,0.00013392,0.00011266,0.00012216,0.00011918,0.00014312,0.00011937,0.00013374,0.00013025,0.00014419,0.00013826,0.00014606,0.00012617,0.00011244,0.00010438,0.00011276,0.00011967,9.15E-05,0.00013456,0.00013083,0.00010882,0.00010093,0.00011533,0.00010179,8.25E-05,8.37E-05,0.00106539,0.00151146,0.00087488,0.00043704,0.00024337,0.0004856,,,,,,,,,,,,,,,,,,,,,,,,,,,,,,,,,,,,,,,,,,,,,,,,,,,,,,,,,,,,,,,,,,,,,,,,,,,,,,,,,,,,,
20,0.00016784,0.00073524,3.83E-05,7.84E-05,8.43E-05,9.00E-05,5.80E-05,4.51E-05,4.04E-05,6.74E-05,0.00130318,0.0001039,0.0003562,0.0007195,0.0002704,5.76E-05,7.01E-05,5.99E-05,6.34E-05,6.81E-05,7.07E-05,6.65E-05,7.12E-05,6.70E-05,7.39E-05,7.34E-05,7.70E-05,7.20E-05,6.31E-05,5.74E-05,6.12E-05,6.37E-05,5.26E-05,6.73E-05,7.12E-05,6.07E-05,5.59E-05,6.24E-05,5.39E-05,4.39E-05,4.63E-05,0.0005874,0.00080971,0.00048206,0.00024687,0.00013576,0.0002561,,,,,,,,,,,,,,,,,,,,,,,,,,,,,,,,,,,,,,,,,,,,,,,,,,,,,,,,,,,,,,,,,,,,,,,,,,,,,,,,,,,,,
,,,,,,,,,,,,,,,,,,,,,,,,,,,,,,,,,,,,,,,,,,,,,,,,,,,,,,,,,,,,,,,,,,,,,,,,,,,,,,,,,,,,,,,,,,,,,,,,,,,,,,,,,,,,,,,,,,,,,,,,,,,,,,,,,,,,
 -- Unscaled Horizontal & Vertical Spectra, as recorded --,,,,,,,,,,,,,,,,,,,,,,,,,,,,,,,,,,,,,,,,,,,,,,,,,,,,,,,,,,,,,,,,,,,,,,,,,,,,,,,,,,,,,,,,,,,,,,,,,,,,,,,,,,,,,,,,,,,,,,,,,,,,,,,,,,,
Period (sec),RSN-480 Horizontal-1 pSa (g),RSN-480 Horizontal-2 pSa (g),RSN-480 Vertical pSa (g),RSN-486 Horizontal-1 pSa (g),RSN-486 Horizontal-2 pSa (g),RSN-486 Vertical pSa (g),RSN-487 Horizontal-1 pSa (g),RSN-487 Horizontal-2 pSa (g),RSN-487 Vertical pSa (g),RSN-488 Horizontal-1 pSa (g),RSN-488 Horizontal-2 pSa (g),RSN-488 Vertical pSa (g),RSN-489 Horizontal-1 pSa (g),RSN-489 Horizontal-2 pSa (g),RSN-489 Vertical pSa (g),RSN-491 Horizontal-1 pSa (g),RSN-491 Horizontal-2 pSa (g),RSN-491 Vertical pSa (g),RSN-492 Horizontal-1 pSa (g),RSN-492 Horizontal-2 pSa (g),RSN-492 Vertical pSa (g),RSN-1141 Horizontal-1 pSa (g),RSN-1141 Horizontal-2 pSa (g),RSN-1141 Vertical pSa (g),RSN-1740 Horizontal-1 pSa (g),RSN-1740 Horizontal-2 pSa (g),RSN-1740 Vertical pSa (g),RSN-1750 Horizontal-1 pSa (g),RSN-1750 Horizontal-2 pSa (g),RSN-1750 Vertical pSa (g),RSN-1752 Horizontal-1 pSa (g),RSN-1752 Horizontal-2 pSa (g),RSN-1752 Vertical pSa (g),RSN-1754 Horizontal-1 pSa (g),RSN-1754 Horizontal-2 pSa (g),RSN-1754 Vertical pSa (g),RSN-3608 Horizontal-1 pSa (g),RSN-3608 Horizontal-2 pSa (g),RSN-3608 Vertical pSa (g),RSN-3609 Horizontal-1 pSa (g),RSN-3609 Horizontal-2 pSa (g),RSN-3609 Vertical pSa (g),RSN-3610 Horizontal-1 pSa (g),RSN-3610 Horizontal-2 pSa (g),RSN-3610 Vertical pSa (g),RSN-3611 Horizontal-1 pSa (g),RSN-3611 Horizontal-2 pSa (g),RSN-3611 Vertical pSa (g),RSN-3612 Horizontal-1 pSa (g),RSN-3612 Horizontal-2 pSa (g),RSN-3612 Vertical pSa (g),RSN-3613 Horizontal-1 pSa (g),RSN-3613 Horizontal-2 pSa (g),RSN-3613 Vertical pSa (g),RSN-3614 Horizontal-1 pSa (g),RSN-3614 Horizontal-2 pSa (g),RSN-3614 Vertical pSa (g),RSN-3615 Horizontal-1 pSa (g),RSN-3615 Horizontal-2 pSa (g),RSN-3615 Vertical pSa (g),RSN-3616 Horizontal-1 pSa (g),RSN-3616 Horizontal-2 pSa (g),RSN-3616 Vertical pSa (g),RSN-3617 Horizontal-1 pSa (g),RSN-3617 Horizontal-2 pSa (g),RSN-3617 Vertical pSa (g),RSN-3618 Horizontal-1 pSa (g),RSN-3618 Horizontal-2 pSa (g),RSN-3618 Vertical pSa (g),RSN-3619 Horizontal-1 pSa (g),RSN-3619 Horizontal-2 pSa (g),RSN-3619 Vertical pSa (g),RSN-3620 Horizontal-1 pSa (g),RSN-3620 Horizontal-2 pSa (g),RSN-3620 Vertical pSa (g),RSN-3621 Horizontal-1 pSa (g),RSN-3621 Horizontal-2 pSa (g),RSN-3621 Vertical pSa (g),RSN-3622 Horizontal-1 pSa (g),RSN-3622 Horizontal-2 pSa (g),RSN-3622 Vertical pSa (g),RSN-3623 Horizontal-1 pSa (g),RSN-3623 Horizontal-2 pSa (g),RSN-3623 Vertical pSa (g),RSN-3624 Horizontal-1 pSa (g),RSN-3624 Horizontal-2 pSa (g),RSN-3624 Vertical pSa (g),RSN-3625 Horizontal-1 pSa (g),RSN-3625 Horizontal-2 pSa (g),RSN-3625 Vertical pSa (g),RSN-3626 Horizontal-1 pSa (g),RSN-3626 Horizontal-2 pSa (g),RSN-3626 Vertical pSa (g),RSN-3627 Horizontal-1 pSa (g),RSN-3627 Horizontal-2 pSa (g),RSN-3627 Vertical pSa (g),RSN-3628 Horizontal-1 pSa (g),RSN-3628 Horizontal-2 pSa (g),RSN-3628 Vertical pSa (g),RSN-3629 Horizontal-1 pSa (g),RSN-3629 Horizontal-2 pSa (g),RSN-3629 Vertical pSa (g),RSN-3630 Horizontal-1 pSa (g),RSN-3630 Horizontal-2 pSa (g),RSN-3630 Vertical pSa (g),RSN-3631 Horizontal-1 pSa (g),RSN-3631 Horizontal-2 pSa (g),RSN-3631 Vertical pSa (g),RSN-3632 Horizontal-1 pSa (g),RSN-3632 Horizontal-2 pSa (g),RSN-3632 Vertical pSa (g),RSN-3633 Horizontal-1 pSa (g),RSN-3633 Horizontal-2 pSa (g),RSN-3633 Vertical pSa (g),RSN-4337 Horizontal-1 pSa (g),RSN-4337 Horizontal-2 pSa (g),RSN-4337 Vertical pSa (g),RSN-4348 Horizontal-1 pSa (g),RSN-4348 Horizontal-2 pSa (g),RSN-4348 Vertical pSa (g),RSN-4349 Horizontal-1 pSa (g),RSN-4349 Horizontal-2 pSa (g),RSN-4349 Vertical pSa (g),RSN-4364 Horizontal-1 pSa (g),RSN-4364 Horizontal-2 pSa (g),RSN-4364 Vertical pSa (g),RSN-4385 Horizontal-1 pSa (g),RSN-4385 Horizontal-2 pSa (g),RSN-4385 Vertical pSa (g),RSN-4391 Horizontal-1 pSa (g),RSN-4391 Horizontal-2 pSa (g),RSN-4391 Vertical pSa (g)
0.01,0.06443831,0.06808218,0.0263,0.08041683,0.05346931,0.0211,0.1473056,0.07578786,0.0242,0.05027387,0.03721941,0.0145,0.03044846,0.04876703,0.0166,0.06334341,0.05053673,0.0154,0.06475669,0.05121003,0.0162,0.3269454,0.2788247,0.141,0.1312378,0.2133662,0.0834,0.1266138,0.1460374,0.0826,0.3041007,0.2769709,0.393,0.1890498,0.2417267,0.14,0.1355497,0.06360613,0.0481,0.07357723,0.05972974,0.0213,0.1537466,0.06435639,0.0366,0.0946326,0.0492229,0.0374,0.06960823,0.0364421,0.0225,0.05295917,0.04057157,0.0175,0.06133243,0.04121955,0.0393,0.1154522,0.03974664,0.0393,0.1114487,0.04090805,0.0242,0.09264692,0.0657135,0.0222,0.04125543,0.04862928,0.0124,0.1308418,0.1011725,0.0361,0.07791214,0.04928017,0.0173,0.05289859,0.06514653,0.0206,0.07466898,0.03664465,0.0159,0.05568503,0.04440916,0.0149,0.09638852,0.07397288,0.032,0.04234959,0.08433906,0.0296,0.0549695,0.04017058,0.0113,0.0388312,0.03089237,0.0141,0.06148227,0.04178455,0.0143,0.04010981,0.04160854,0.0157,0.1199605,0.08264704,0.0162,0.02831609,0.05756185,0.0106,0.03697923,0.0412579,0.017,0.03100995,0.02539822,0.0137,0.3029529,0.340243,0.365,0.1055013,0.1725487,0.0527,0.2020388,0.1986131,0.161,0.1070681,0.1307358,0.0826,0.06704842,0.09283246,0.0538,0.2280484,0.1224876,0.08
0.02,0.06445031,0.06830281,0.0268,0.07964345,0.05311134,0.0207,0.1447047,0.07476702,0.0241,0.04965395,0.03666495,0.0145,0.03044025,0.04790446,0.0184,0.0621516,0.04916413,0.0168,0.06421878,0.05063672,0.0166,0.328548,0.2796846,0.145,0.135114,0.2180104,0.0871,0.1272976,0.1481428,0.0824,0.3054243,0.2793922,0.392,0.1899327,0.2439056,0.14,0.1337426,0.06269509,0.0475,0.07247669,0.05946558,0.0209,0.1518493,0.06503028,0.0364,0.09364892,0.04969982,0.0372,0.06887672,0.03614215,0.0223,0.05213502,0.04051591,0.0172,0.06104618,0.04107022,0.0386,0.1147065,0.03892941,0.0397,0.1106447,0.04027882,0.0241,0.0911095,0.06457604,0.0235,0.04080627,0.04809165,0.0124,0.1292294,0.09970082,0.0363,0.07698978,0.04860727,0.0172,0.05212224,0.06493419,0.0205,0.07330041,0.03610028,0.0159,0.05506781,0.04407085,0.015,0.09446552,0.07249992,0.0339,0.0426741,0.08259352,0.0289,0.05412881,0.04003619,0.0111,0.03842966,0.03044796,0.0139,0.06074367,0.0411127,0.0149,0.04002605,0.04092792,0.0157,0.1176077,0.08064267,0.0163,0.02791137,0.05682064,0.0107,0.0362842,0.04096719,0.0169,0.03056018,0.02499647,0.0134,0.387165,0.3624842,0.393,0.1061066,0.1736504,0.0536,0.2242456,0.1984657,0.166,0.108016,0.1326687,0.0873,0.0676876,0.09363568,0.0544,0.23002,0.1230065,0.0804
0.022,0.06462879,0.06883769,0.0268,0.07965438,0.05333626,0.021,0.1454221,0.07497398,0.0244,0.04984764,0.03676063,0.0145,0.03079166,0.04769642,0.0187,0.0624957,0.0497018,0.0174,0.06417114,0.0506207,0.0167,0.3288562,0.2799121,0.15,0.1363439,0.2196435,0.0886,0.1368211,0.154992,0.0907,0.3114541,0.2804807,0.424,0.1963526,0.2460178,0.148,0.1340477,0.06283831,0.0476,0.07266311,0.05965272,0.0208,0.1524836,0.0654052,0.0364,0.0937942,0.05000301,0.0372,0.06887205,0.03617596,0.0224,0.05226137,0.04051835,0.0172,0.06123975,0.04107052,0.0388,0.1148488,0.03916555,0.0399,0.1107381,0.04027729,0.0243,0.0913287,0.06473895,0.024,0.0409282,0.04831058,0.0125,0.1300814,0.09966651,0.0363,0.0770767,0.04887363,0.0174,0.0520121,0.06508313,0.0204,0.07344197,0.03608578,0.0158,0.05508575,0.04400618,0.0152,0.09412798,0.0726356,0.034,0.0428049,0.08276793,0.0291,0.05432228,0.0400502,0.0114,0.0384838,0.0306757,0.0142,0.06092633,0.0413224,0.015,0.04007467,0.04097698,0.0157,0.1180825,0.08080606,0.0165,0.0279386,0.0570122,0.0107,0.03641865,0.0410776,0.0171,0.03061994,0.0252738,0.0135,0.4794586,0.3712623,0.386,0.1063732,0.1742705,0.0543,0.2420047,0.1987591,0.169,0.1099584,0.1368007,0.0855,0.06786018,0.09289428,0.0543,0.2308908,0.1249414,0.0806
0.025,0.06502332,0.06892093,0.0267,0.07946462,0.05306254,0.0207,0.146575,0.07523712,0.0246,0.05018781,0.03694994,0.0146,0.0313907,0.04809683,0.0185,0.06286327,0.05054354,0.0181,0.06420433,0.05121765,0.0166,0.3296677,0.2803173,0.15,0.138798,0.2224742,0.0921,0.1432178,0.162397,0.111,0.3203326,0.2811624,0.528,0.1894975,0.2471861,0.141,0.1347636,0.06301007,0.0481,0.07310741,0.05977241,0.021,0.1529346,0.06595974,0.0363,0.09422708,0.05085322,0.0377,0.06907723,0.03627963,0.0225,0.05254862,0.04055352,0.0171,0.06166911,0.04087151,0.0392,0.114783,0.03948001,0.0401,0.111379,0.04078901,0.0244,0.09171775,0.0650548,0.0244,0.04102996,0.04890572,0.0123,0.1312191,0.1001061,0.0364,0.0772707,0.04910394,0.0174,0.05190379,0.06539802,0.0206,0.07357718,0.03604355,0.0159,0.05520543,0.044237,0.0154,0.09468697,0.07329232,0.0345,0.04333804,0.08344551,0.0297,0.05450026,0.04005852,0.0119,0.03869791,0.03054755,0.0144,0.06089302,0.04152064,0.0152,0.04021922,0.04125182,0.0158,0.1190744,0.08136044,0.0168,0.02794567,0.05731689,0.0108,0.03674629,0.04143718,0.0173,0.03070532,0.02547493,0.0135,0.6334978,0.3710852,0.376,0.1070238,0.1753652,0.0542,0.2539476,0.2076351,0.172,0.1149524,0.1382498,0.0878,0.06823878,0.09426304,0.0545,0.2315279,0.1252491,0.0809
0.029,0.06507264,0.06892248,0.0266,0.08081388,0.05376967,0.0224,0.1490745,0.07553591,0.0258,0.05051748,0.03724441,0.0147,0.03077269,0.04926029,0.0195,0.06356779,0.05125668,0.0191,0.06551402,0.05040496,0.017,0.3304184,0.2812113,0.16,0.1437488,0.2290943,0.105,0.1503664,0.1630732,0.151,0.3230794,0.2881986,0.538,0.1975446,0.2692522,0.182,0.1357062,0.06280108,0.0487,0.07380768,0.06055903,0.0221,0.1551265,0.06698225,0.0373,0.09464245,0.0516341,0.038,0.06985012,0.03634755,0.0226,0.0528338,0.04090996,0.0175,0.06244537,0.04183497,0.0397,0.1161088,0.04024784,0.0404,0.1121558,0.04096232,0.0255,0.09258744,0.0656281,0.0253,0.04183251,0.04922488,0.013,0.1325476,0.1011904,0.0371,0.07737517,0.04913786,0.0173,0.05160775,0.06576274,0.0202,0.07438947,0.03646463,0.0159,0.05534103,0.04491486,0.0156,0.09473853,0.07428011,0.0358,0.0439223,0.08465864,0.0306,0.05519805,0.0402829,0.0122,0.03896898,0.03107979,0.0146,0.06104597,0.04142981,0.0155,0.04059784,0.04182172,0.0158,0.1198931,0.08214012,0.0174,0.0280213,0.05791477,0.0112,0.03725333,0.04177907,0.0171,0.03082339,0.02505166,0.0143,0.6038341,0.3527083,0.38,0.1076943,0.1732931,0.0551,0.3492891,0.2152573,0.204,0.1210416,0.1395455,0.0891,0.06835449,0.09575345,0.0536,0.2338967,0.125934,0.08
0.03,0.06543618,0.06954403,0.0268,0.08085973,0.05429909,0.0231,0.1493121,0.07563468,0.026,0.0507292,0.03736552,0.0148,0.03032977,0.04988604,0.0197,0.06373874,0.05134709,0.0197,0.06582057,0.0510142,0.0175,0.330924,0.2813401,0.163,0.1452104,0.2309717,0.106,0.1465574,0.162247,0.139,0.3220809,0.2785764,0.465,0.1988967,0.259615,0.165,0.1359719,0.06264519,0.0489,0.07423085,0.06113815,0.0227,0.1564081,0.0670414,0.0377,0.09466888,0.0511665,0.0377,0.07026822,0.03632877,0.0229,0.0530717,0.04091827,0.0177,0.06251173,0.04221796,0.04,0.1162397,0.04033473,0.0404,0.1121693,0.04105075,0.026,0.0925347,0.06572799,0.0261,0.04225803,0.0492721,0.0138,0.132963,0.1014964,0.037,0.07723073,0.04931092,0.0179,0.051893,0.06576686,0.0202,0.07452361,0.03652515,0.0161,0.05522363,0.04517958,0.0157,0.0954819,0.07448978,0.0356,0.04443264,0.08499699,0.0302,0.05529783,0.04039041,0.0123,0.03893467,0.03115421,0.0149,0.06119186,0.04123596,0.0158,0.04074587,0.04198017,0.0159,0.1208066,0.08229501,0.0179,0.02803013,0.05809028,0.0114,0.03755419,0.04197898,0.0172,0.03080527,0.02530492,0.0144,0.5822861,0.3604667,0.406,0.10758,0.1727622,0.0558,0.3496685,0.2229461,0.212,0.1194559,0.1369411,0.0957,0.0680152,0.09469797,0.0542,0.2345637,0.1272267,0.0795
0.032,0.06544099,0.07075425,0.0272,0.08145916,0.05496238,0.0242,0.1493015,0.07637128,0.0269,0.0514141,0.0373724,0.015,0.03159098,0.05014825,0.02,0.06433757,0.05151007,0.0211,0.06619516,0.05168796,0.0174,0.3317553,0.2816292,0.166,0.143965,0.2365847,0.127,0.1517854,0.1621772,0.134,0.3131333,0.2783212,0.477,0.1974809,0.2620807,0.155,0.1372559,0.06266513,0.0497,0.07547296,0.06212235,0.0235,0.1584672,0.06739821,0.0382,0.09436833,0.05323535,0.0375,0.07050422,0.03644068,0.0233,0.05363429,0.04102759,0.018,0.06259849,0.04323791,0.0403,0.1163222,0.04110406,0.041,0.1123157,0.04180473,0.0264,0.09260752,0.06621613,0.0272,0.04239593,0.05023425,0.0149,0.1335937,0.1023859,0.0361,0.07738104,0.04958528,0.0188,0.05299586,0.06548388,0.0202,0.07469174,0.03708756,0.0161,0.05558629,0.04478795,0.0161,0.09626269,0.07433888,0.036,0.04456587,0.08531795,0.0293,0.05555176,0.040614,0.0129,0.03899916,0.03107462,0.0155,0.06130767,0.0413771,0.0165,0.04091714,0.04222727,0.0167,0.1225012,0.08288474,0.0188,0.02816339,0.05823765,0.0116,0.038146,0.04209953,0.0178,0.03084131,0.02540927,0.0142,0.4649459,0.3461976,0.47,0.1087821,0.1725427,0.0587,0.3344809,0.2334215,0.207,0.120608,0.1373625,0.102,0.06915175,0.09230942,0.0548,0.2355745,0.12938,0.0824
0.035,0.06619286,0.07195938,0.0274,0.08181465,0.05525585,0.0256,0.1479662,0.07712314,0.0282,0.05194636,0.03792636,0.0152,0.03153842,0.04882896,0.0204,0.06496251,0.05240627,0.0217,0.06847806,0.05148068,0.019,0.332578,0.2820609,0.167,0.1530563,0.2375026,0.141,0.1383588,0.1574641,0.132,0.3074154,0.2828117,0.43,0.1969372,0.269576,0.164,0.1380163,0.06304976,0.0502,0.07678615,0.0642947,0.0241,0.161859,0.06929428,0.0374,0.0926055,0.05543241,0.0375,0.06959291,0.03628051,0.0234,0.05428742,0.04158719,0.019,0.06341062,0.04354846,0.0405,0.1155988,0.04126425,0.0418,0.1129807,0.04158571,0.0273,0.09312464,0.06719696,0.0306,0.04177013,0.04969034,0.0165,0.1355763,0.1033332,0.0361,0.07884041,0.05028928,0.02,0.05431321,0.0665361,0.0206,0.07395764,0.03780482,0.0168,0.05697026,0.04476531,0.0161,0.09594849,0.07621218,0.0398,0.04445863,0.08615065,0.0306,0.05597256,0.04128177,0.0137,0.039438,0.03149714,0.0164,0.06122196,0.04145795,0.0177,0.04227557,0.04290946,0.0177,0.1238603,0.08501631,0.0181,0.02814916,0.05871201,0.0117,0.03919713,0.04315498,0.0187,0.0311623,0.02587347,0.0153,0.4079042,0.3666129,0.562,0.1079073,0.1743567,0.0599,0.3006615,0.2500768,0.254,0.1234522,0.1432801,0.107,0.07153693,0.09489395,0.0543,0.2363962,0.1396029,0.0865
0.036,0.0660379,0.07229876,0.0274,0.08184408,0.05545136,0.0258,0.1482151,0.07678422,0.0286,0.05166883,0.0380263,0.0151,0.0311421,0.04826492,0.0205,0.06486038,0.05218333,0.0221,0.06873246,0.05167997,0.019,0.3334247,0.2821419,0.172,0.1567416,0.244049,0.136,0.1358384,0.1586529,0.127,0.3138006,0.2880117,0.422,0.1960436,0.2681606,0.175,0.138365,0.06312139,0.0504,0.07741278,0.06418293,0.0245,0.1641683,0.06956195,0.0369,0.09230672,0.05487121,0.0387,0.06948908,0.03655262,0.0236,0.05468788,0.04163689,0.0188,0.0639504,0.04303754,0.0407,0.1150018,0.04082046,0.042,0.1131062,0.04146525,0.0269,0.09348135,0.06763135,0.0319,0.04135242,0.05013758,0.0168,0.1357052,0.1032842,0.0366,0.0794111,0.05085368,0.02,0.05412275,0.06738484,0.0214,0.07433973,0.03792144,0.0175,0.05715072,0.04467612,0.0165,0.09593569,0.07484484,0.0413,0.04518959,0.08611222,0.031,0.05564477,0.04146752,0.0145,0.0389758,0.03207733,0.0169,0.06109384,0.04169515,0.0177,0.042566,0.04320465,0.0178,0.1235967,0.08569646,0.0181,0.02793244,0.05905299,0.0118,0.03982151,0.04337016,0.0189,0.03118186,0.02559743,0.0154,0.4256722,0.3686896,0.607,0.1080179,0.1748571,0.0596,0.3222434,0.240017,0.274,0.120645,0.146469,0.105,0.07221186,0.0948835,0.0536,0.236329,0.1413947,0.0879
0.04,0.06573353,0.07193064,0.0283,0.07985497,0.0556305,0.0274,0.1472731,0.07934175,0.036,0.0518861,0.03860226,0.015,0.03403157,0.04885933,0.0248,0.06656737,0.05249262,0.0245,0.06723404,0.05621394,0.0216,0.3357174,0.2824852,0.209,0.1636435,0.2359471,0.134,0.1248476,0.1561951,0.13,0.3180713,0.2899276,0.417,0.1890593,0.2506031,0.189,0.1386113,0.06557058,0.0559,0.07724154,0.06067048,0.0294,0.1711923,0.07291037,0.0378,0.0921731,0.05419469,0.0426,0.07049251,0.03740337,0.0243,0.05653194,0.04213051,0.0198,0.06658331,0.04274896,0.0419,0.1125543,0.0389244,0.0427,0.1132956,0.04358257,0.0334,0.09744255,0.06808499,0.0353,0.04341878,0.05113035,0.0174,0.1369857,0.1028489,0.0396,0.07889211,0.05090226,0.0207,0.05370487,0.06661014,0.0251,0.07521912,0.03790428,0.0197,0.0574502,0.04402254,0.0182,0.09574152,0.08321148,0.0464,0.04527788,0.0848183,0.0327,0.05471808,0.04222531,0.0161,0.04298329,0.0327305,0.016,0.06189754,0.04345174,0.0187,0.04242043,0.04554423,0.0198,0.1269754,0.08644263,0.0191,0.02861109,0.06013241,0.0128,0.04100268,0.04323771,0.0226,0.03107937,0.02571907,0.019,0.4454285,0.3871984,0.796,0.1062205,0.1773534,0.0635,0.3667037,0.2271067,0.305,0.1258014,0.1413804,0.106,0.07309947,0.09715664,0.0566,0.2386845,0.1465886,0.09
0.042,0.06497078,0.07240828,0.0294,0.07985765,0.05398038,0.0284,0.1483172,0.08212239,0.0445,0.05291893,0.03895634,0.0147,0.03498721,0.04865559,0.0274,0.06869927,0.05128621,0.0294,0.06515355,0.05822013,0.0212,0.3383937,0.2825429,0.235,0.1523756,0.2332072,0.129,0.1281534,0.1624442,0.141,0.3140005,0.2885196,0.464,0.1909577,0.262765,0.208,0.1396313,0.06596102,0.0561,0.07545217,0.06013193,0.0293,0.1687788,0.07380535,0.0388,0.09340114,0.05352981,0.0449,0.07009713,0.0371384,0.0251,0.05675906,0.04262523,0.0204,0.06650478,0.04657671,0.0423,0.1129374,0.04010188,0.0441,0.1129883,0.04453469,0.035,0.09777508,0.06837508,0.0373,0.04308903,0.04885389,0.0202,0.1383307,0.1050448,0.041,0.07834215,0.05150769,0.0221,0.05700139,0.06832536,0.0274,0.07519239,0.03715037,0.0199,0.05729754,0.04472551,0.0205,0.09734907,0.09031286,0.0481,0.04814106,0.08426385,0.0346,0.05511372,0.04168766,0.0148,0.04406582,0.0329938,0.0173,0.06239389,0.04414627,0.0212,0.04350642,0.04593885,0.02,0.1291133,0.08755823,0.0191,0.02913745,0.05994983,0.0126,0.04119688,0.04395388,0.0236,0.0312188,0.02607316,0.0205,0.417292,0.3895951,0.865,0.1075326,0.177269,0.062,0.393044,0.2480947,0.333,0.1264608,0.1445346,0.117,0.06985469,0.0977214,0.0582,0.2408498,0.1516043,0.0916
0.044,0.06546357,0.07288143,0.0299,0.08086983,0.05376292,0.0279,0.1471599,0.08357901,0.049,0.05388509,0.03922372,0.0158,0.03637259,0.04796951,0.0316,0.07008361,0.05121961,0.0321,0.06360216,0.05960835,0.0222,0.3406239,0.2830267,0.261,0.1534244,0.2339969,0.152,0.1348957,0.1609214,0.15,0.3213927,0.2836085,0.468,0.1970554,0.2803057,0.23,0.1410012,0.06645779,0.0564,0.07525828,0.0609464,0.0274,0.1711381,0.07188495,0.0397,0.09484991,0.0533226,0.046,0.07029422,0.03666823,0.026,0.05671866,0.04186808,0.0221,0.06554078,0.04887219,0.0429,0.114598,0.04554297,0.0455,0.1113817,0.04661987,0.0355,0.09804472,0.06926227,0.0406,0.04445341,0.0522307,0.0221,0.1416177,0.1091425,0.0413,0.07767022,0.05245706,0.0222,0.05913862,0.07105814,0.0287,0.0744379,0.03755636,0.0185,0.0563196,0.04610047,0.0215,0.09936122,0.09537147,0.047,0.0520901,0.08478182,0.0372,0.0568701,0.04065518,0.0135,0.04349969,0.03508206,0.0173,0.06245072,0.04511385,0.0232,0.04471722,0.0457519,0.02,0.129023,0.08622952,0.0203,0.02946984,0.05992157,0.0121,0.04120553,0.04476688,0.023,0.03134071,0.0262538,0.0203,0.4064526,0.4189457,0.916,0.1094977,0.1802891,0.0642,0.3900478,0.2556457,0.366,0.1208291,0.1525469,0.145,0.06979243,0.09819455,0.0615,0.2439779,0.1539977,0.0956
0.045,0.06540956,0.07311673,0.0301,0.08081139,0.05380241,0.0273,0.1459874,0.0848094,0.0485,0.0535028,0.03927272,0.0162,0.0364737,0.04974937,0.0329,0.07113332,0.05174178,0.0322,0.06390828,0.05921803,0.0247,0.3406033,0.2834725,0.293,0.1546289,0.2343237,0.165,0.1373036,0.1583005,0.154,0.3358428,0.2897261,0.512,0.1986454,0.2816677,0.225,0.1414243,0.06684789,0.0576,0.07520469,0.06245812,0.0273,0.172861,0.07152611,0.0413,0.0952047,0.05218026,0.0464,0.06991346,0.03647868,0.0266,0.05662484,0.04110099,0.0227,0.06529072,0.0497667,0.0433,0.1174543,0.04732963,0.0458,0.1112909,0.04688962,0.0363,0.09848487,0.07044329,0.0443,0.04684261,0.05380974,0.0219,0.143517,0.1107573,0.0416,0.07822174,0.05249847,0.0239,0.05961686,0.07140785,0.0293,0.0746588,0.03811845,0.018,0.0563745,0.04663286,0.0214,0.09997324,0.09649225,0.0473,0.05285695,0.08543526,0.0371,0.05793383,0.04003772,0.0138,0.04337586,0.03623425,0.0171,0.06227709,0.04549968,0.0241,0.04470611,0.04512237,0.0204,0.1288953,0.08460397,0.0206,0.02949719,0.06005316,0.0124,0.04131448,0.04519548,0.0226,0.03150943,0.02670458,0.0213,0.40375,0.4330556,0.958,0.1095128,0.1821103,0.065,0.3885414,0.2579748,0.388,0.1240477,0.1550243,0.161,0.07080447,0.0975955,0.0623,0.2458887,0.1531788,0.0955
0.046,0.06522593,0.0738145,0.0303,0.08066193,0.05411172,0.0264,0.1428297,0.0859872,0.0476,0.05288216,0.03926224,0.0165,0.03553342,0.0506912,0.0336,0.0720375,0.05243919,0.0336,0.06401218,0.06143343,0.0263,0.3408934,0.2838678,0.329,0.1540639,0.2344765,0.173,0.1392537,0.157639,0.167,0.3465104,0.2982602,0.569,0.2009443,0.2822849,0.223,0.1416792,0.06723389,0.0586,0.07530397,0.06362755,0.0271,0.1745861,0.0720377,0.0425,0.09579973,0.05011415,0.0463,0.06914291,0.03628766,0.0264,0.05686442,0.04129147,0.0231,0.06576019,0.05095014,0.0431,0.1206579,0.04890782,0.0463,0.1118192,0.04683976,0.0375,0.09937859,0.07258238,0.0488,0.04897339,0.0557225,0.0217,0.1453414,0.1104646,0.0418,0.07872145,0.05257446,0.0249,0.05922491,0.07037584,0.0302,0.07458345,0.0389955,0.0173,0.05760338,0.04674627,0.0212,0.1010199,0.096526,0.0478,0.05326626,0.08520296,0.0374,0.05887337,0.03961036,0.0144,0.04398344,0.03623729,0.0172,0.06194399,0.04527011,0.0254,0.04348105,0.04454479,0.0219,0.1296067,0.08445608,0.0204,0.0295807,0.06022461,0.0135,0.04131071,0.0457289,0.0228,0.03158206,0.02687719,0.0219,0.3915119,0.4313591,0.996,0.1102256,0.1832972,0.0685,0.3786717,0.2622876,0.403,0.1293564,0.1543199,0.172,0.0710808,0.09646269,0.062,0.2477049,0.1560352,0.0947
0.048,0.06562391,0.07482548,0.0297,0.08011348,0.05526144,0.0274,0.1539601,0.08582547,0.0457,0.05253907,0.03998665,0.0169,0.03416315,0.05187345,0.0334,0.07276997,0.05473967,0.0368,0.06610163,0.06237394,0.0285,0.3412502,0.2846164,0.378,0.1499725,0.2420558,0.175,0.1498411,0.1622871,0.168,0.3364419,0.3075082,0.653,0.2073527,0.2770344,0.232,0.1416018,0.06859242,0.0582,0.07529469,0.06636237,0.0275,0.178094,0.07487334,0.0418,0.09860089,0.04784148,0.0463,0.0695217,0.03695133,0.027,0.05831974,0.04149695,0.0227,0.06667028,0.05173301,0.0424,0.1273121,0.04981907,0.0485,0.1133976,0.04612436,0.0421,0.1008709,0.07780947,0.0566,0.05293202,0.057432,0.0203,0.1595297,0.1112053,0.0423,0.07890703,0.05356782,0.0259,0.0595781,0.06683566,0.0302,0.0754704,0.04107606,0.0179,0.05989196,0.04588946,0.0192,0.1023717,0.09724444,0.052,0.05521666,0.08171913,0.0364,0.0589859,0.04186274,0.0163,0.04757671,0.03581377,0.0168,0.06151641,0.04502542,0.0273,0.04574292,0.04690957,0.0237,0.1326165,0.08899932,0.0212,0.03037797,0.06060814,0.0152,0.04171688,0.04669798,0.0229,0.0314681,0.02635773,0.0229,0.4008549,0.4212036,1.04,0.1137416,0.1856716,0.0769,0.3475811,0.2747102,0.402,0.144485,0.1738155,0.188,0.07367662,0.09391741,0.0609,0.2503902,0.1592422,0.0977
0.05,0.0657151,0.07528291,0.0285,0.07977549,0.05488684,0.0314,0.1660911,0.08347081,0.0453,0.05234206,0.04045707,0.0167,0.03520593,0.05550177,0.0364,0.07048479,0.05635336,0.0356,0.0665637,0.0614685,0.0278,0.3445904,0.2853083,0.378,0.1655527,0.2481838,0.16,0.1662384,0.1699177,0.164,0.3201857,0.3147044,0.715,0.2114469,0.2731564,0.239,0.1424565,0.06730941,0.0577,0.0805031,0.06628361,0.033,0.1786739,0.07750493,0.0445,0.1029001,0.05264856,0.0476,0.07459071,0.03762259,0.0266,0.05943047,0.04274206,0.023,0.06767975,0.05166898,0.0405,0.132851,0.04847582,0.0522,0.1156417,0.04571949,0.0457,0.1006689,0.08011505,0.0628,0.05611847,0.05974967,0.0215,0.1759493,0.1161359,0.0464,0.07866935,0.05454935,0.0258,0.05980615,0.06774706,0.0293,0.07933603,0.04244509,0.0193,0.06074241,0.04497467,0.0221,0.1090291,0.103914,0.0588,0.05905582,0.08761057,0.0421,0.05751333,0.04300965,0.0167,0.05176286,0.03641678,0.0167,0.06129406,0.04643289,0.0264,0.04586637,0.05203364,0.0248,0.1370831,0.09372748,0.0235,0.03058529,0.06093117,0.0166,0.04205872,0.04760017,0.0241,0.0313603,0.02612253,0.0252,0.3881766,0.420295,1.07,0.1164085,0.1874508,0.0791,0.3303574,0.2938166,0.417,0.1436247,0.2013878,0.184,0.0753744,0.09116729,0.0642,0.251485,0.1588176,0.102
0.055,0.07181933,0.07789074,0.0306,0.09065693,0.05809434,0.0331,0.1875265,0.08239914,0.0577,0.05459628,0.0421901,0.0175,0.04144449,0.06679098,0.0445,0.07886428,0.06425203,0.0382,0.06516032,0.06346487,0.0278,0.3443201,0.2879393,0.287,0.1676608,0.2866704,0.155,0.1899401,0.1731854,0.217,0.4014037,0.3266872,0.782,0.2228705,0.2894796,0.275,0.1436811,0.07401863,0.0693,0.08417128,0.0620717,0.0334,0.1717884,0.07861544,0.0592,0.12035,0.05748035,0.0572,0.08071663,0.03952748,0.0285,0.06132639,0.04351911,0.0245,0.07050263,0.0543417,0.0479,0.1404148,0.04604033,0.0677,0.1274734,0.05240287,0.0524,0.1009071,0.0827746,0.0822,0.06157063,0.06002252,0.0253,0.2050455,0.1341788,0.0557,0.0772376,0.05506137,0.0273,0.06129485,0.06919727,0.0319,0.0861486,0.042961,0.0223,0.06124593,0.04999542,0.027,0.126773,0.1027596,0.0709,0.06297009,0.1102468,0.0476,0.05953908,0.04489169,0.0178,0.04823653,0.03520628,0.0269,0.06260239,0.04516527,0.023,0.04604569,0.06001098,0.029,0.1436787,0.1188241,0.0313,0.03257178,0.06428749,0.0235,0.04679606,0.05216557,0.0236,0.03427264,0.02887969,0.0278,0.4344576,0.4245438,1.12,0.1149973,0.1857956,0.0798,0.3845436,0.3538782,0.515,0.2062255,0.2184064,0.278,0.09018237,0.1037624,0.0669,0.2527658,0.1417247,0.107
0.06,0.06787103,0.07839767,0.0316,0.1004663,0.06989487,0.033,0.1961854,0.08732865,0.0679,0.05630107,0.04441559,0.0196,0.05727435,0.06086767,0.059,0.08018835,0.06529947,0.0415,0.07062989,0.07073267,0.0255,0.3408912,0.2873176,0.298,0.200657,0.3133582,0.2,0.1694748,0.1919907,0.288,0.3332852,0.358284,0.868,0.2499392,0.2950707,0.331,0.1642344,0.08266753,0.0688,0.09508265,0.07304676,0.0419,0.155809,0.0709296,0.0612,0.1283327,0.06814268,0.0561,0.09581801,0.04050489,0.0354,0.05688941,0.04132584,0.0285,0.06856938,0.05096692,0.0491,0.1591417,0.06143744,0.0757,0.1376481,0.06399964,0.0602,0.09366804,0.1014764,0.0894,0.06255154,0.06250179,0.0323,0.2037984,0.1590966,0.0562,0.08309136,0.05336953,0.0325,0.06058979,0.0769983,0.0348,0.08654853,0.04409877,0.0224,0.05515528,0.05392694,0.0319,0.1447563,0.0904702,0.0731,0.06861116,0.1236434,0.0682,0.06863382,0.05136368,0.0249,0.05300868,0.04449224,0.0265,0.06322145,0.04679897,0.0214,0.05360348,0.06118661,0.0348,0.1245783,0.1399971,0.0328,0.03582064,0.06470775,0.0261,0.05676666,0.05707849,0.0262,0.03508086,0.03227663,0.032,0.4069209,0.4922516,1.01,0.1194443,0.1883917,0.0935,0.399691,0.4233429,0.552,0.2052791,0.3055347,0.248,0.1042733,0.1139363,0.0633,0.2598812,0.1470609,0.108
0.065,0.06987031,0.07601048,0.0321,0.1082168,0.07208358,0.0341,0.208152,0.1088368,0.0747,0.05437569,0.0451525,0.0221,0.04996214,0.06326263,0.0446,0.08873159,0.06535037,0.043,0.07973144,0.07021736,0.0263,0.3368222,0.2909369,0.275,0.1900964,0.3208074,0.199,0.2118753,0.1950358,0.314,0.3962934,0.3611433,1.03,0.2585321,0.334355,0.371,0.1780817,0.0895167,0.0798,0.09492303,0.09443563,0.0363,0.1528522,0.06854422,0.0563,0.1303564,0.07327443,0.0617,0.1060006,0.0414128,0.0326,0.06274515,0.04232331,0.0361,0.07558689,0.04740717,0.0489,0.1573479,0.07184675,0.0881,0.1501371,0.07563531,0.0729,0.11955,0.11287,0.0927,0.06087057,0.06355695,0.0408,0.181141,0.1640191,0.0495,0.09883254,0.05548799,0.0299,0.06245714,0.07543632,0.0348,0.08779033,0.03922152,0.0247,0.05784668,0.05265838,0.0314,0.1567246,0.1224465,0.0642,0.07500277,0.125365,0.103,0.07330411,0.05406397,0.0286,0.05540095,0.05495976,0.0222,0.06480882,0.05156048,0.0265,0.05725312,0.05948887,0.0301,0.1389494,0.1535888,0.0362,0.03778491,0.06845778,0.0244,0.06564167,0.06387883,0.0326,0.0422964,0.03217675,0.0328,0.369128,0.4450532,0.911,0.1250157,0.1941848,0.123,0.3442829,0.3600937,0.576,0.1968094,0.3643173,0.224,0.09894627,0.1079222,0.0753,0.2649205,0.1452848,0.12
0.067,0.07377149,0.07591465,0.0318,0.114996,0.0726743,0.0354,0.2051234,0.116176,0.0678,0.05815069,0.04549329,0.0242,0.0552133,0.0608436,0.0435,0.09247167,0.06713799,0.0435,0.07720453,0.07087171,0.0277,0.3323033,0.2906648,0.28,0.1921787,0.3106008,0.217,0.2236296,0.2066456,0.285,0.4119655,0.3667785,1.08,0.2725424,0.3580542,0.341,0.1796709,0.09411678,0.0844,0.09597591,0.1012089,0.0346,0.1653137,0.07186456,0.0574,0.132221,0.07514116,0.0631,0.106146,0.04374937,0.0345,0.06462205,0.04288438,0.0373,0.08068483,0.04435779,0.0511,0.1612717,0.07559835,0.0873,0.1474807,0.07407636,0.0719,0.130142,0.1246579,0.0991,0.05787431,0.06714658,0.0402,0.1824992,0.1590868,0.0485,0.1058447,0.05599286,0.0293,0.06254168,0.08418143,0.0428,0.0908175,0.03899891,0.0243,0.05977844,0.05189541,0.0336,0.161054,0.1254565,0.0645,0.07716989,0.1184752,0.1,0.07770526,0.05390635,0.0291,0.05620249,0.06269007,0.0252,0.06350522,0.05362432,0.0287,0.05979989,0.06044003,0.0252,0.1516617,0.1543982,0.0344,0.04011173,0.06896786,0.024,0.06996715,0.06489049,0.035,0.04581592,0.03255617,0.0303,0.3704711,0.4268966,0.838,0.12715,0.1923723,0.12,0.3815202,0.3494813,0.546,0.1885159,0.3748475,0.21,0.1025203,0.1140825,0.0781,0.2612939,0.152494,0.116
0.07,0.07577273,0.07845976,0.0345,0.1298423,0.07116231,0.0386,0.1971028,0.1300611,0.0719,0.06407669,0.04887068,0.0282,0.0573895,0.06462827,0.0471,0.1039469,0.07268641,0.0444,0.07502244,0.07553907,0.0271,0.3274611,0.2970167,0.288,0.1877801,0.3200372,0.237,0.2284052,0.2186196,0.268,0.4111188,0.4035731,1.2,0.2890869,0.394287,0.342,0.1860224,0.09856906,0.0872,0.1057742,0.1054924,0.0339,0.1827008,0.07502007,0.057,0.1299436,0.07884223,0.0671,0.1074073,0.04471254,0.038,0.06800035,0.04385113,0.0345,0.08437352,0.04768502,0.063,0.1684701,0.08293369,0.0796,0.1441155,0.07882508,0.0631,0.138483,0.132312,0.094,0.05596023,0.07802003,0.0397,0.1793253,0.1507315,0.0516,0.110368,0.05556426,0.0324,0.06909606,0.09937418,0.0495,0.0929772,0.03967403,0.0269,0.06243401,0.04853659,0.0366,0.1705112,0.1263549,0.0663,0.08273205,0.1227281,0.0861,0.08071133,0.05924065,0.0285,0.05542861,0.07084932,0.0244,0.0691287,0.05632456,0.0324,0.06700794,0.06224341,0.0256,0.1676723,0.1529686,0.0302,0.04241468,0.06668531,0.0223,0.07140126,0.06670224,0.0327,0.04900282,0.04058968,0.0307,0.4073495,0.4521285,0.669,0.1306992,0.1907195,0.122,0.4451931,0.4048504,0.544,0.2275532,0.3651418,0.196,0.1088448,0.1114417,0.0729,0.2544088,0.1525608,0.135
0.075,0.07795706,0.08085368,0.0394,0.1286047,0.06697623,0.0421,0.2057056,0.1333338,0.0765,0.07092234,0.04773116,0.0271,0.0615436,0.06393448,0.0427,0.1254435,0.08577783,0.0489,0.09267142,0.08724488,0.0306,0.3480937,0.3024383,0.393,0.22046,0.3516934,0.249,0.2400379,0.2258668,0.225,0.329376,0.4420712,1.78,0.3237156,0.4464922,0.288,0.2022369,0.09401957,0.0914,0.135437,0.1047926,0.0375,0.2065413,0.1004292,0.0575,0.1334614,0.08733464,0.0658,0.1066428,0.04345499,0.0416,0.07108359,0.04655736,0.0344,0.0859947,0.0506206,0.0595,0.1773176,0.0848636,0.08,0.1406024,0.08081306,0.0632,0.1346879,0.1499952,0.0711,0.06662426,0.09627099,0.0444,0.2131063,0.1434663,0.0652,0.1172394,0.05923905,0.0336,0.08341115,0.1176401,0.0617,0.09578151,0.03963068,0.0357,0.06669482,0.05216527,0.0369,0.1800069,0.1413834,0.0574,0.07957196,0.1179995,0.0784,0.07735159,0.0644258,0.0315,0.05804215,0.07489692,0.0282,0.07881098,0.06012984,0.0304,0.07045171,0.06947399,0.0248,0.1762969,0.1386852,0.0376,0.04660011,0.06942248,0.0252,0.0681551,0.06737512,0.0358,0.0458727,0.04741921,0.0311,0.4185419,0.454093,0.693,0.1399728,0.1927701,0.144,0.5708905,0.3894155,0.401,0.2371252,0.3438521,0.147,0.1167588,0.1069355,0.087,0.2483289,0.1801155,0.163
0.08,0.08572494,0.08623794,0.039,0.1261284,0.06504842,0.0416,0.2177113,0.1282738,0.0701,0.07071403,0.0450897,0.0232,0.06105488,0.06603591,0.0449,0.1368708,0.09742992,0.0526,0.1017098,0.09116326,0.0396,0.3490123,0.3054371,0.475,0.1960556,0.347855,0.24,0.2594616,0.293835,0.239,0.3569483,0.4110435,1.73,0.3166045,0.4918965,0.301,0.2150995,0.09492669,0.0846,0.1353624,0.09858746,0.0408,0.2107607,0.0978413,0.0627,0.1288804,0.08922161,0.0624,0.1076077,0.0463508,0.0489,0.06980807,0.04360847,0.0397,0.08202222,0.05545899,0.0505,0.1664092,0.07132713,0.0904,0.1279806,0.07645897,0.0573,0.1265207,0.1758619,0.0711,0.07624635,0.1164936,0.0515,0.1982156,0.1476758,0.0611,0.1215451,0.05831818,0.0343,0.09043894,0.100379,0.059,0.0978571,0.04373249,0.0303,0.07101786,0.05555918,0.0385,0.1785127,0.1463909,0.0561,0.08757109,0.107259,0.0676,0.06319666,0.07445009,0.0288,0.08060669,0.07389483,0.0365,0.08395731,0.05999483,0.037,0.07633413,0.07447642,0.0293,0.1741334,0.1258024,0.0398,0.04949678,0.06908879,0.0251,0.06247829,0.05670207,0.0412,0.04396417,0.05227612,0.0321,0.4223782,0.5312145,0.713,0.1400944,0.1972584,0.144,0.5463877,0.4340761,0.365,0.2293396,0.2730277,0.165,0.1150488,0.106737,0.105,0.2577924,0.174888,0.16
0.085,0.08266181,0.08504897,0.0327,0.1353148,0.07132842,0.0421,0.2144075,0.1560411,0.0738,0.07359692,0.03805733,0.0231,0.06350629,0.07475666,0.0504,0.153609,0.09714029,0.046,0.1067795,0.1013556,0.0422,0.378879,0.3216956,0.427,0.1818835,0.3382022,0.223,0.2179201,0.3038945,0.172,0.3710798,0.3568952,1.27,0.3345175,0.5118695,0.39,0.1956921,0.09036262,0.0951,0.124148,0.09087309,0.0433,0.2071182,0.09561309,0.065,0.1275333,0.08758266,0.0673,0.1097834,0.05468942,0.0532,0.07293363,0.04862139,0.0544,0.08117522,0.06282821,0.0533,0.1565966,0.07915273,0.0887,0.130373,0.0783274,0.0617,0.1224419,0.2013662,0.0592,0.0699024,0.1127938,0.0538,0.2161108,0.1378242,0.0651,0.1228313,0.06082795,0.0385,0.08434542,0.1073971,0.0486,0.1028016,0.05193059,0.03,0.08136132,0.05611942,0.036,0.1636215,0.1758148,0.0544,0.07754142,0.1190971,0.0712,0.07312819,0.07400155,0.0283,0.08561812,0.06394612,0.0425,0.09931481,0.06435134,0.0427,0.08287503,0.08124341,0.0264,0.1740131,0.1261325,0.0398,0.05616371,0.07375847,0.0282,0.06273445,0.05857452,0.0389,0.04173601,0.0438506,0.0331,0.4288346,0.5897763,0.681,0.1546541,0.1975015,0.138,0.5384685,0.4610491,0.377,0.2414366,0.2262238,0.136,0.1082986,0.1214378,0.106,0.274627,0.1868393,0.181
0.09,0.07772775,0.07783099,0.0409,0.1271161,0.08587819,0.0487,0.1932276,0.1783395,0.0708,0.0688948,0.03835756,0.0269,0.07440497,0.07915832,0.0543,0.1391408,0.09858958,0.0436,0.1150636,0.1151112,0.044,0.4074008,0.3331866,0.344,0.2208677,0.3317266,0.231,0.226953,0.3274253,0.145,0.4037455,0.3523722,0.893,0.3537984,0.4881439,0.381,0.1755891,0.1130909,0.103,0.1138935,0.09235115,0.0458,0.1885024,0.1119496,0.0693,0.1179942,0.08891381,0.0811,0.1155391,0.06583805,0.0552,0.06566732,0.04921724,0.063,0.07804882,0.06542906,0.0528,0.1494392,0.07680554,0.0778,0.1389228,0.07356554,0.0644,0.1313742,0.1851286,0.0528,0.06945708,0.102718,0.0492,0.2651758,0.1457014,0.0732,0.1156038,0.06813178,0.0406,0.08810499,0.1163758,0.0547,0.1086208,0.06071839,0.0369,0.07421924,0.06528831,0.0409,0.1328565,0.2013256,0.0694,0.07615098,0.1153122,0.0664,0.0758764,0.06325553,0.0273,0.08201225,0.06423512,0.0323,0.1115203,0.07511178,0.0423,0.08578571,0.07908579,0.0243,0.1580515,0.1377689,0.0402,0.05847022,0.078899,0.0261,0.06689426,0.07512658,0.0349,0.03914859,0.04365497,0.0329,0.3791827,0.5466314,0.617,0.1801737,0.2018693,0.137,0.5724073,0.4644756,0.379,0.2385305,0.2147492,0.13,0.1115045,0.1264355,0.118,0.2837799,0.2147769,0.186
0.095,0.07677923,0.09766552,0.0421,0.1069011,0.1053353,0.0589,0.1819943,0.1540911,0.0659,0.06353341,0.04794967,0.032,0.09358384,0.09637344,0.0555,0.1084231,0.0981463,0.0383,0.1212799,0.1235098,0.0377,0.410053,0.3420607,0.287,0.2566333,0.3368418,0.264,0.2231581,0.3198495,0.152,0.4969449,0.369679,0.693,0.3188343,0.5123643,0.381,0.1994139,0.1288182,0.111,0.119637,0.09471669,0.062,0.1878136,0.1253435,0.0914,0.1284877,0.07494968,0.103,0.114444,0.07830104,0.0704,0.05676754,0.05295223,0.069,0.08390398,0.06113741,0.0574,0.1451634,0.0729478,0.071,0.1463142,0.07260318,0.0714,0.1332978,0.1422181,0.0538,0.07415212,0.1232777,0.0545,0.3095892,0.1616552,0.0732,0.1162906,0.06980701,0.047,0.09515824,0.1148207,0.0558,0.112587,0.06494027,0.0407,0.0774295,0.08116949,0.0408,0.1511675,0.2067849,0.0671,0.08662671,0.132955,0.0637,0.07372629,0.07276275,0.0261,0.08610509,0.07015644,0.0275,0.110204,0.08462646,0.0392,0.07749175,0.07808352,0.0224,0.1471042,0.1399832,0.0386,0.0612665,0.0955182,0.0255,0.06994332,0.08526216,0.0399,0.03963647,0.04634339,0.0303,0.3826118,0.4973331,0.542,0.2066322,0.2198567,0.14,0.5177307,0.4482054,0.392,0.2350438,0.2395462,0.176,0.1209295,0.1435313,0.127,0.3015724,0.2301882,0.185
0.1,0.08691767,0.1097613,0.0487,0.102166,0.1203737,0.0585,0.2166843,0.1564442,0.0694,0.05695247,0.05254791,0.0404,0.08809669,0.1112113,0.043,0.1111993,0.09953533,0.0357,0.1237323,0.1271744,0.0424,0.3907967,0.3704009,0.314,0.2409292,0.4090871,0.254,0.2241833,0.3155281,0.175,0.502605,0.4552048,0.657,0.3275924,0.4991373,0.428,0.2209079,0.1292733,0.128,0.1257887,0.09461507,0.062,0.1968098,0.1261878,0.0923,0.1449863,0.06172182,0.101,0.1169902,0.08018558,0.0854,0.05916848,0.05708719,0.0737,0.08970157,0.06027292,0.0649,0.1635506,0.07854236,0.0712,0.1670158,0.07423471,0.0672,0.1517673,0.127416,0.0521,0.07494473,0.1245113,0.0448,0.3133545,0.200818,0.0839,0.1200853,0.0779554,0.0384,0.113357,0.1212165,0.061,0.1125283,0.06306864,0.0461,0.07295128,0.08836042,0.0458,0.1591118,0.1731266,0.0667,0.09722432,0.1624185,0.0547,0.08393197,0.08074351,0.023,0.07086619,0.07324724,0.0368,0.1011282,0.1074636,0.044,0.07075232,0.09937931,0.0245,0.16197,0.1463522,0.0403,0.07115915,0.1058621,0.0237,0.07519274,0.07870516,0.046,0.04855547,0.04255691,0.034,0.3464344,0.5077387,0.469,0.2055501,0.2294607,0.13,0.4469659,0.3322717,0.352,0.1963369,0.2281644,0.175,0.1190138,0.1360497,0.109,0.3092954,0.2567065,0.175
0.11,0.09039865,0.09752497,0.0548,0.1098626,0.119267,0.0612,0.2580654,0.2127398,0.0811,0.08070742,0.06016174,0.0411,0.07697988,0.1094643,0.0418,0.1618979,0.1017697,0.0329,0.1611203,0.1755809,0.0538,0.3931248,0.4375153,0.359,0.261825,0.5061455,0.294,0.2624548,0.3020718,0.175,0.5026342,0.4658969,0.803,0.3468646,0.4829403,0.436,0.2148036,0.1142167,0.13,0.1288193,0.09851482,0.0587,0.239889,0.119134,0.0931,0.1730181,0.07954962,0.0891,0.149943,0.0730186,0.106,0.07882398,0.06419617,0.0686,0.09737489,0.07572053,0.0637,0.1703014,0.09638582,0.07,0.1579905,0.08196687,0.0775,0.1664151,0.1342922,0.0663,0.09691986,0.1325853,0.0328,0.2612,0.243869,0.0955,0.1528931,0.09251566,0.0419,0.1162373,0.1101495,0.0672,0.1536454,0.07735312,0.0463,0.09085216,0.07405673,0.0569,0.1712546,0.1480875,0.0666,0.107462,0.1698074,0.0634,0.0830733,0.1012637,0.0222,0.07483342,0.06847867,0.0378,0.1243571,0.1251936,0.0398,0.08401091,0.1115661,0.0264,0.1943499,0.1996112,0.0433,0.08789225,0.133917,0.0219,0.09199532,0.08890413,0.0538,0.06485666,0.0460428,0.0349,0.3582199,0.5249303,0.408,0.2330125,0.2440418,0.132,0.3516041,0.3245519,0.397,0.1890739,0.1872769,0.166,0.09552392,0.1164612,0.119,0.2869728,0.3271795,0.229
0.12,0.1000638,0.08974344,0.0619,0.1329409,0.1535155,0.0619,0.2889266,0.1977953,0.102,0.09129579,0.07670354,0.0378,0.1142189,0.1256488,0.0598,0.1330238,0.08546958,0.0339,0.1781442,0.1818774,0.0463,0.4217176,0.4234425,0.344,0.3500456,0.5314606,0.328,0.3253943,0.2916267,0.166,0.5401522,0.4641216,0.484,0.3715206,0.4772063,0.35,0.2484173,0.1381369,0.127,0.1107537,0.1248297,0.0579,0.2651561,0.1249582,0.106,0.1856587,0.08105991,0.0714,0.1496101,0.07886543,0.0951,0.09830322,0.06506497,0.0542,0.1104216,0.07044621,0.0746,0.2274594,0.09021708,0.0986,0.2251916,0.100805,0.0802,0.2096347,0.1370335,0.0574,0.1222992,0.2049734,0.0322,0.3456786,0.2813538,0.108,0.1521147,0.09392094,0.0392,0.137393,0.1017889,0.0447,0.1811362,0.09992655,0.0405,0.1052507,0.06549767,0.0575,0.1939251,0.2050414,0.0768,0.109533,0.1769513,0.074,0.07767243,0.123141,0.0215,0.09547669,0.08259634,0.0436,0.1051997,0.1172364,0.0398,0.101089,0.1249211,0.0245,0.2278064,0.2062168,0.0416,0.1134009,0.1509524,0.0247,0.1037644,0.08785099,0.0556,0.07587405,0.05824442,0.0291,0.3725123,0.535204,0.389,0.2677734,0.2756858,0.144,0.3518839,0.3637717,0.311,0.1756324,0.1888189,0.175,0.09284274,0.1338602,0.125,0.3175483,0.418718,0.248
0.13,0.1206424,0.1134273,0.0508,0.1409733,0.1647995,0.0631,0.3465413,0.190562,0.0887,0.08893913,0.09766813,0.0337,0.1253483,0.1371391,0.0654,0.1780763,0.09057019,0.0571,0.2283469,0.1935335,0.0513,0.5240999,0.4792791,0.373,0.3824096,0.6999926,0.24,0.3513867,0.2524268,0.147,0.6361693,0.4501808,0.455,0.3722163,0.4309793,0.262,0.3232295,0.1748912,0.154,0.1588841,0.1606125,0.0679,0.3111427,0.135242,0.137,0.181111,0.06648887,0.0896,0.1715804,0.1107088,0.0876,0.1020404,0.07228108,0.0552,0.1224369,0.07704497,0.0683,0.2792039,0.09238346,0.12,0.2797163,0.1357114,0.0829,0.2546398,0.1073315,0.0505,0.15023,0.2521178,0.0373,0.486527,0.3106585,0.106,0.1575649,0.1061672,0.0391,0.1367659,0.1021015,0.0398,0.1715131,0.08460499,0.0425,0.1169067,0.06612632,0.0572,0.2077501,0.25161,0.105,0.1093023,0.1985806,0.073,0.08229999,0.1398215,0.0191,0.1008191,0.08378696,0.0287,0.1087136,0.11816,0.0417,0.1098888,0.1294627,0.0307,0.2666502,0.2241716,0.0439,0.09510864,0.1544518,0.0264,0.1118782,0.1173779,0.0547,0.0809119,0.07919748,0.0385,0.3543724,0.5519286,0.481,0.2703637,0.3043602,0.157,0.3146686,0.3799638,0.252,0.1737853,0.1613722,0.191,0.1068843,0.1644094,0.112,0.3754979,0.4690938,0.24
0.133,0.1297865,0.1187714,0.0488,0.1481793,0.1683017,0.0646,0.3744146,0.2038954,0.0835,0.0895822,0.09863765,0.0344,0.1203228,0.1414361,0.065,0.1857096,0.09484503,0.062,0.233256,0.2030199,0.0496,0.5445726,0.4824938,0.345,0.4040037,0.7423929,0.208,0.3590045,0.2491823,0.146,0.6650935,0.4964866,0.426,0.3874316,0.4281558,0.249,0.3616731,0.1873293,0.162,0.1683587,0.1712543,0.0749,0.3380826,0.1330715,0.158,0.1990708,0.07045843,0.088,0.1770178,0.1144247,0.0958,0.09997271,0.07186896,0.0543,0.1251401,0.082647,0.0741,0.3016214,0.08690058,0.125,0.289598,0.1435418,0.085,0.2503851,0.1133465,0.0446,0.1497268,0.2429858,0.0387,0.5186287,0.3192008,0.117,0.1662363,0.1125471,0.0419,0.1265998,0.1194851,0.0425,0.1717262,0.08209881,0.0442,0.1211393,0.0693333,0.0548,0.2084327,0.2520708,0.108,0.1222116,0.2158325,0.0833,0.08930678,0.1426699,0.0205,0.09700502,0.09063114,0.0268,0.1114534,0.1234684,0.0401,0.1137562,0.136739,0.0324,0.2733893,0.2338342,0.0456,0.09649532,0.1616824,0.0273,0.1118139,0.1324107,0.0572,0.08297103,0.08578347,0.0402,0.357894,0.5768321,0.558,0.2699603,0.3005609,0.162,0.3042644,0.3908504,0.254,0.1734696,0.1741363,0.203,0.1233606,0.1887389,0.0973,0.4019854,0.4894715,0.221
0.14,0.1493812,0.1254749,0.051,0.1781385,0.1992481,0.0694,0.3902546,0.2335408,0.0875,0.09401291,0.1059084,0.0418,0.1027033,0.1464076,0.0672,0.2040001,0.108909,0.0583,0.2182566,0.2060834,0.0361,0.5456859,0.5395318,0.314,0.4535932,0.8066357,0.208,0.4109722,0.2721416,0.132,0.620736,0.5572359,0.3,0.5007769,0.4074218,0.221,0.4271975,0.2154305,0.172,0.1841361,0.1825373,0.0831,0.3920887,0.1417139,0.177,0.2595943,0.08125577,0.109,0.1909043,0.1205133,0.12,0.1023971,0.08010203,0.0588,0.1471362,0.09607657,0.0829,0.3331364,0.08549654,0.139,0.3281127,0.1477953,0.0776,0.2117169,0.1429321,0.0302,0.1245494,0.2019127,0.0359,0.5591562,0.3421042,0.13,0.1901795,0.1345768,0.0375,0.1191193,0.1453955,0.0473,0.1876652,0.07899496,0.0449,0.1363984,0.07710217,0.0446,0.222532,0.2301293,0.123,0.1550834,0.2498172,0.115,0.1056889,0.1481102,0.0246,0.08621083,0.1041088,0.0227,0.1087154,0.1376771,0.0425,0.1248778,0.1511435,0.0364,0.2899378,0.2383033,0.0495,0.09431012,0.184066,0.0292,0.09824708,0.1502379,0.0632,0.08495225,0.09287039,0.0374,0.377017,0.6747814,0.651,0.2990757,0.3181607,0.172,0.3199585,0.4466349,0.301,0.1821448,0.2054633,0.206,0.1623832,0.2213868,0.1,0.4726156,0.4557423,0.195
0.15,0.1709193,0.1550256,0.0484,0.2074425,0.2211511,0.0628,0.4078951,0.3168487,0.0808,0.1068021,0.1052855,0.0435,0.07822499,0.1510841,0.0654,0.2143468,0.1442755,0.0575,0.1826704,0.1749976,0.0385,0.5041491,0.6500601,0.435,0.491332,0.8014877,0.208,0.4882108,0.3488646,0.155,0.5931541,0.5612093,0.307,0.4258201,0.3865462,0.195,0.4730143,0.2305023,0.183,0.1873235,0.2283346,0.0814,0.4178303,0.1674571,0.172,0.2887401,0.09059105,0.133,0.2035109,0.1286041,0.123,0.1060119,0.1017292,0.0473,0.1706971,0.1087484,0.0942,0.3759495,0.1130765,0.127,0.360762,0.1477037,0.0598,0.2133464,0.1481107,0.0392,0.1183418,0.1648535,0.0406,0.5379009,0.3544309,0.125,0.2173132,0.1613771,0.0518,0.1170751,0.133945,0.0468,0.2009876,0.08233429,0.0448,0.1309616,0.0943212,0.0374,0.238395,0.2040873,0.135,0.1615721,0.2637857,0.145,0.1317087,0.1549204,0.022,0.1022862,0.1160041,0.0205,0.1259979,0.1311344,0.0451,0.1303272,0.1452964,0.0425,0.2957881,0.2514207,0.0585,0.07178517,0.1915875,0.0361,0.1049325,0.1626856,0.0671,0.09612919,0.0889457,0.0389,0.4126949,0.8900486,0.704,0.3577732,0.323711,0.178,0.343695,0.5984301,0.35,0.2231766,0.2310553,0.234,0.1818983,0.2354118,0.133,0.5603667,0.4621264,0.174
0.16,0.1554307,0.1702387,0.0638,0.2235667,0.2143187,0.0655,0.4351298,0.2861534,0.0741,0.1264478,0.1097344,0.0477,0.0817113,0.1686013,0.0437,0.2184394,0.1909231,0.0577,0.187055,0.1661129,0.0493,0.6225824,0.7110452,0.422,0.4742353,0.7089635,0.174,0.5155023,0.3518345,0.132,0.7005497,0.5114703,0.289,0.3408653,0.4069503,0.172,0.4286067,0.2602046,0.172,0.1947477,0.233133,0.0679,0.4951282,0.1938197,0.167,0.3032296,0.0999185,0.151,0.230279,0.1295311,0.118,0.1116524,0.07997357,0.0572,0.1720673,0.1040885,0.115,0.3417795,0.1137821,0.105,0.3772852,0.133352,0.0533,0.2769719,0.1809583,0.04,0.1570228,0.1560428,0.0352,0.4818337,0.3204257,0.113,0.2402843,0.1664876,0.0629,0.1246655,0.1226098,0.0494,0.2145189,0.085761,0.0589,0.1286357,0.09023394,0.0373,0.2773617,0.1713426,0.116,0.139936,0.2837549,0.146,0.1652186,0.1507808,0.0174,0.1043715,0.1011351,0.0196,0.1661106,0.1378861,0.0461,0.1266095,0.138291,0.0363,0.2792354,0.2477024,0.0577,0.08758948,0.1918158,0.0356,0.1102946,0.1437796,0.0505,0.09835242,0.0827999,0.046,0.4679565,0.9768735,0.608,0.3482095,0.2949211,0.145,0.3458952,0.7606612,0.341,0.2269667,0.2471007,0.19,0.1869274,0.2198666,0.143,0.6532674,0.4833372,0.18
0.17,0.1580649,0.1731038,0.0685,0.2397778,0.1739104,0.0613,0.3876795,0.3095292,0.0566,0.138491,0.09276868,0.0458,0.08579767,0.1252546,0.03,0.2039323,0.2264356,0.042,0.16857,0.1538897,0.0498,0.686561,0.7437111,0.45,0.4291886,0.6014388,0.189,0.5242047,0.3753907,0.132,0.7737893,0.5165224,0.203,0.3347852,0.4602138,0.185,0.3647609,0.2544423,0.15,0.1658243,0.2123197,0.0541,0.512656,0.2124398,0.167,0.297756,0.1097587,0.164,0.2449121,0.1169214,0.0853,0.1275623,0.0805147,0.063,0.1736974,0.1213221,0.122,0.3481871,0.1247661,0.0886,0.3045729,0.1227378,0.0596,0.2841387,0.1853559,0.0335,0.1632634,0.1519688,0.029,0.4148625,0.2710094,0.122,0.2270091,0.1796113,0.0486,0.1429557,0.132421,0.0503,0.2218927,0.09558011,0.0671,0.1393171,0.09713557,0.0503,0.3129547,0.1765992,0.0915,0.1431124,0.2539756,0.1,0.1842515,0.1568359,0.0168,0.1179352,0.09634476,0.0221,0.1926545,0.1485949,0.0383,0.1381279,0.1295383,0.0345,0.2743464,0.2349593,0.049,0.1142137,0.1782069,0.0338,0.109689,0.1173858,0.0317,0.09158656,0.06139893,0.044,0.5187793,0.9401842,0.589,0.322638,0.2830109,0.176,0.3923083,0.725675,0.355,0.1832524,0.2517268,0.186,0.1933259,0.1860576,0.128,0.6994321,0.4803659,0.192
0.18,0.1206212,0.1720065,0.0649,0.2191893,0.1364611,0.056,0.3163143,0.2178838,0.0659,0.1326677,0.0806656,0.0466,0.08966114,0.1001807,0.0232,0.1804435,0.2346427,0.0373,0.163656,0.1182196,0.0466,0.6737527,0.7369139,0.426,0.4307492,0.5346032,0.194,0.543848,0.5081976,0.131,0.7391147,0.5520802,0.218,0.3909676,0.4720806,0.171,0.3226357,0.2058114,0.125,0.153191,0.173555,0.0444,0.4238932,0.2222201,0.148,0.2665652,0.1124279,0.161,0.2281685,0.1007673,0.0717,0.1193969,0.08904213,0.0605,0.1649131,0.1148739,0.111,0.3245394,0.09156919,0.102,0.2489388,0.1195867,0.0523,0.262364,0.1723336,0.0328,0.1194602,0.1249338,0.0348,0.4355712,0.2437126,0.129,0.2350389,0.205699,0.032,0.1363335,0.1577705,0.0594,0.2035519,0.09529804,0.0621,0.1358704,0.1144591,0.0449,0.2954673,0.1785613,0.0751,0.147346,0.2012623,0.0645,0.1881601,0.1455871,0.016,0.121279,0.08839267,0.0234,0.2177272,0.1682816,0.0306,0.1480727,0.1202439,0.0301,0.2568887,0.2216316,0.0435,0.1257753,0.164594,0.0274,0.1013129,0.09120752,0.0315,0.09404465,0.0688678,0.0364,0.526652,1.087356,0.623,0.2872395,0.3024034,0.156,0.4231474,0.7361524,0.378,0.1728338,0.2459312,0.222,0.1773397,0.1959918,0.111,0.7536862,0.4703711,0.146
0.19,0.1483747,0.1828513,0.0548,0.2180791,0.1409111,0.066,0.3148166,0.1901777,0.0672,0.11494,0.07310882,0.0425,0.07661083,0.09777457,0.0223,0.1628984,0.2397716,0.0323,0.1489296,0.09805498,0.043,0.698885,0.7389416,0.376,0.457485,0.5356185,0.224,0.5740044,0.5909057,0.146,0.7968267,0.6110161,0.216,0.4781837,0.5538493,0.164,0.3260565,0.1612655,0.109,0.1809501,0.1448788,0.0498,0.3729428,0.1767243,0.124,0.238853,0.09742027,0.163,0.1933418,0.09108913,0.0645,0.1036773,0.08653326,0.0564,0.1434085,0.1056034,0.127,0.2986294,0.09870667,0.127,0.2247599,0.1497074,0.0556,0.2721807,0.2090851,0.0365,0.108766,0.09646032,0.0377,0.4078365,0.2515861,0.112,0.2318527,0.1724947,0.0359,0.1380184,0.2083696,0.076,0.1885511,0.08653179,0.043,0.1202861,0.1199994,0.039,0.2738285,0.171652,0.066,0.1412903,0.1984439,0.0583,0.182524,0.1352146,0.0169,0.1173597,0.1010255,0.025,0.2392431,0.166493,0.0312,0.1250128,0.1281681,0.033,0.2473461,0.2055234,0.0535,0.09988519,0.1495385,0.0194,0.08549346,0.09446583,0.0388,0.0843735,0.07571845,0.031,0.3911958,0.8931199,0.615,0.2408794,0.2842829,0.121,0.415368,0.7706714,0.396,0.1939607,0.243913,0.219,0.1494994,0.1807583,0.111,0.7868187,0.4386504,0.133
0.2,0.1848709,0.1519046,0.0564,0.2251831,0.1418221,0.0649,0.3105474,0.1985617,0.0643,0.09801399,0.06222029,0.0325,0.06314895,0.1179162,0.0219,0.152475,0.2256133,0.0269,0.1208403,0.08578262,0.0335,0.7367277,0.7614168,0.352,0.48774,0.4711571,0.228,0.5312776,0.6890349,0.148,0.9031662,0.6681101,0.216,0.5527797,0.6255372,0.186,0.3131137,0.1160061,0.0996,0.1838083,0.1237335,0.0532,0.3644295,0.1362724,0.0979,0.2174588,0.0883713,0.172,0.1611568,0.08803167,0.0587,0.09994785,0.09685782,0.0443,0.1340536,0.08848191,0.12,0.2878159,0.09901676,0.144,0.2192968,0.1601462,0.0589,0.260281,0.1808212,0.0356,0.09519011,0.08624101,0.0327,0.3679279,0.2566809,0.102,0.2345446,0.124069,0.0338,0.1403372,0.2225625,0.0769,0.1654383,0.07492515,0.0369,0.09935471,0.1180337,0.0369,0.2552279,0.1631103,0.0645,0.1654409,0.2194713,0.0627,0.1588595,0.1265204,0.014,0.1109636,0.1097976,0.0268,0.2126116,0.1413489,0.0314,0.118535,0.1416124,0.0346,0.2375488,0.2048799,0.0512,0.07917438,0.1375219,0.0161,0.08680443,0.09412059,0.0391,0.07950629,0.07636338,0.0321,0.4044467,0.8549711,0.58,0.206233,0.26648,0.107,0.393535,0.6010537,0.403,0.1979099,0.2170348,0.179,0.1580642,0.149849,0.129,0.7987223,0.3993404,0.115
0.22,0.1427374,0.1826006,0.0491,0.2290493,0.1213908,0.0523,0.3474178,0.1776275,0.0715,0.09602451,0.04589124,0.037,0.07436983,0.1090683,0.026,0.1369157,0.1524379,0.0211,0.104589,0.05888743,0.0206,1.014112,0.8285056,0.234,0.3765271,0.4147922,0.183,0.4406742,0.7734894,0.158,0.8679127,0.8179512,0.25,0.6134364,0.6542481,0.196,0.2705681,0.114271,0.0696,0.1675025,0.08489464,0.0617,0.3400381,0.1400599,0.0536,0.1831321,0.08863782,0.162,0.147884,0.06931981,0.0499,0.1148535,0.09879637,0.0451,0.1368925,0.09889147,0.127,0.2905077,0.09095492,0.175,0.2052761,0.1093974,0.0685,0.2006121,0.129663,0.0349,0.09640908,0.1080202,0.0244,0.2829196,0.2230222,0.078,0.1815916,0.1361285,0.0254,0.1882399,0.1690805,0.057,0.1316161,0.06640643,0.0335,0.09028346,0.08772372,0.041,0.254661,0.2181417,0.053,0.1403325,0.2247761,0.0455,0.1355431,0.1125186,0.0122,0.1018363,0.09447485,0.0308,0.1499108,0.1217345,0.0312,0.128929,0.1381161,0.0281,0.2451743,0.1897613,0.0481,0.05895398,0.1012541,0.0158,0.09335635,0.09867982,0.0393,0.09616489,0.08388036,0.0248,0.4791327,0.6274871,0.539,0.2052206,0.2937798,0.0981,0.4300022,0.382729,0.399,0.2949274,0.2206446,0.168,0.1817086,0.132621,0.169,0.6572348,0.3089818,0.109
0.24,0.1253041,0.1416209,0.0687,0.2050299,0.1259381,0.0452,0.2525682,0.1391921,0.0649,0.08197267,0.0439136,0.0289,0.08915295,0.1001464,0.0242,0.08835532,0.09397562,0.014,0.0756001,0.04810593,0.0179,1.125195,0.9975489,0.167,0.3583945,0.4445286,0.175,0.3184672,0.618737,0.163,0.6024518,0.7468649,0.311,0.5583437,0.7227324,0.179,0.2415486,0.1165383,0.0638,0.1490785,0.09965599,0.0572,0.2904482,0.1428842,0.0373,0.1447666,0.1020037,0.126,0.126771,0.0567614,0.0605,0.115176,0.09339111,0.0441,0.1210188,0.09447701,0.118,0.2711252,0.091743,0.134,0.216121,0.06473116,0.0672,0.1390605,0.1147126,0.0357,0.0889037,0.1083025,0.0291,0.2246797,0.1770064,0.0567,0.1588626,0.1216752,0.0277,0.211825,0.1612719,0.0516,0.1106797,0.06905239,0.0245,0.07008544,0.06829629,0.0267,0.2883486,0.1884564,0.0386,0.1009994,0.2092244,0.0408,0.1172994,0.1058692,0.0153,0.0834434,0.07643978,0.0264,0.1581577,0.09493258,0.0248,0.1000728,0.1227368,0.0186,0.2635038,0.1928426,0.0411,0.06649261,0.06724258,0.015,0.07936069,0.08395033,0.0284,0.08570616,0.07595542,0.0164,0.715147,0.4918094,0.426,0.2232708,0.3092756,0.0971,0.516221,0.3891322,0.398,0.3428494,0.1899063,0.159,0.1627704,0.1904222,0.165,0.4663136,0.225672,0.084
0.25,0.1390083,0.1480029,0.0613,0.1834002,0.127704,0.0554,0.2515221,0.1014734,0.0561,0.07973076,0.04073836,0.0321,0.09627238,0.08670537,0.0228,0.08819675,0.08700887,0.0147,0.07290941,0.056056,0.0171,1.180672,0.8700927,0.169,0.3493616,0.4856195,0.164,0.277962,0.5879418,0.166,0.5326614,0.8179141,0.305,0.5568404,0.7477678,0.174,0.2315905,0.1090143,0.059,0.1420273,0.08642199,0.0508,0.2445989,0.1424374,0.0381,0.1322286,0.09587125,0.0979,0.119308,0.05056032,0.0621,0.1156419,0.1026988,0.0424,0.1192753,0.0956447,0.124,0.2485959,0.09065206,0.108,0.2071067,0.06616017,0.066,0.1286671,0.1160459,0.0341,0.0957459,0.09169714,0.0269,0.1984261,0.1614676,0.0537,0.166757,0.1319769,0.0239,0.1936953,0.1482596,0.0464,0.09943413,0.07028994,0.0209,0.06453189,0.07125738,0.0262,0.2695214,0.1610529,0.0488,0.1121726,0.2027383,0.0408,0.1030353,0.09641752,0.019,0.07525005,0.06849776,0.0233,0.1380023,0.1134903,0.0234,0.08606308,0.1083485,0.0179,0.2517163,0.2016596,0.0386,0.05448443,0.06424022,0.0154,0.06433117,0.06781673,0.0246,0.07286951,0.0724816,0.0151,0.7145631,0.5288266,0.41,0.261286,0.329827,0.1,0.4626358,0.3731759,0.381,0.3235336,0.1927166,0.187,0.1630764,0.2009806,0.148,0.3805718,0.2104161,0.0856
0.26,0.1450377,0.1451283,0.0612,0.1655778,0.1247082,0.0565,0.2399455,0.09742822,0.0514,0.07499179,0.03655476,0.0334,0.09729556,0.07414338,0.0234,0.08925414,0.08486512,0.0137,0.07595117,0.05894882,0.0156,1.173141,0.737606,0.162,0.3451174,0.537229,0.176,0.28319,0.5517719,0.16,0.5067953,0.8271644,0.283,0.5809429,0.7479942,0.17,0.2172482,0.09632611,0.0526,0.1338084,0.07156517,0.0417,0.2187545,0.1419769,0.0413,0.1227173,0.08910801,0.0747,0.1080672,0.05390355,0.0536,0.1131138,0.1082878,0.0414,0.1161309,0.1106754,0.129,0.2276762,0.08446921,0.0885,0.189832,0.06015993,0.0604,0.1335724,0.1212151,0.0329,0.09715088,0.09068239,0.0223,0.1809077,0.1433183,0.0482,0.1468526,0.1442542,0.0248,0.1603183,0.1303389,0.0412,0.08955596,0.0711554,0.0201,0.07180182,0.07154448,0.0274,0.2505152,0.1448127,0.0508,0.1185736,0.2035604,0.0424,0.09090129,0.08029296,0.0171,0.07145579,0.07541878,0.0194,0.1235265,0.11042,0.0185,0.06737091,0.09218945,0.0167,0.2154132,0.1975462,0.0342,0.04429976,0.06582987,0.0153,0.05210409,0.06512146,0.0215,0.06565899,0.07363486,0.0126,0.7162061,0.5861848,0.511,0.2589205,0.3445788,0.0813,0.4366056,0.3447858,0.33,0.2961367,0.2251675,0.181,0.1580493,0.1982017,0.148,0.3122641,0.2170972,0.0906
0.28,0.1405188,0.1307542,0.0495,0.1470801,0.1145782,0.0571,0.2364516,0.1069604,0.051,0.0748916,0.0472642,0.0345,0.08076473,0.07107327,0.022,0.06904033,0.07248904,0.0113,0.06873445,0.05494418,0.015,1.202032,0.7582819,0.178,0.3252177,0.5945578,0.202,0.26154,0.4683426,0.162,0.5546569,0.9055755,0.215,0.5183144,0.6675492,0.14,0.2017218,0.09433857,0.0437,0.1146842,0.08547559,0.0501,0.1804509,0.1247836,0.0413,0.1156522,0.07717556,0.0477,0.122581,0.06039865,0.0425,0.1229043,0.08992656,0.0413,0.1162828,0.0925721,0.105,0.1961585,0.07644858,0.0642,0.1700022,0.0612756,0.0618,0.1192897,0.1172546,0.025,0.09417339,0.08828038,0.0228,0.1183342,0.1031915,0.0326,0.09847492,0.1189216,0.0184,0.1551285,0.1121913,0.0452,0.08930327,0.07124404,0.0156,0.06751058,0.06077521,0.0191,0.2182213,0.1273389,0.0371,0.1091758,0.1874063,0.0379,0.0734677,0.07352438,0.0143,0.06855047,0.07254803,0.0133,0.1100601,0.08151311,0.0133,0.05759141,0.0694158,0.0178,0.1529706,0.168061,0.0305,0.0502388,0.0625388,0.0118,0.05498483,0.06541833,0.0171,0.06628706,0.09676898,0.0158,0.606166,0.6510688,0.458,0.2273435,0.3436997,0.101,0.431576,0.3882078,0.258,0.2271058,0.2925597,0.115,0.1619605,0.2168604,0.145,0.2813447,0.1872269,0.0945
0.29,0.1467267,0.1262249,0.0517,0.1373541,0.1016705,0.0572,0.2117148,0.1165749,0.0501,0.07409238,0.04546485,0.0332,0.07639564,0.07919608,0.0194,0.06941464,0.06545508,0.0119,0.06343305,0.0561665,0.0136,1.242268,0.8814763,0.191,0.3096056,0.5800654,0.191,0.2338004,0.4405041,0.152,0.6032293,0.9502103,0.202,0.487082,0.6591461,0.119,0.1770122,0.09487958,0.0387,0.09886645,0.07932453,0.0464,0.1597912,0.1019152,0.0341,0.1101794,0.07157272,0.0406,0.1181799,0.05482171,0.0371,0.1229838,0.08324534,0.0412,0.1137108,0.08030631,0.0878,0.1833678,0.06920432,0.0568,0.1601492,0.06467788,0.0619,0.1130607,0.1210625,0.0233,0.07835697,0.07982566,0.0216,0.09911417,0.1184234,0.0272,0.09940711,0.1072833,0.0184,0.1429711,0.1028585,0.0423,0.08989479,0.06779984,0.0189,0.06458573,0.0552256,0.0155,0.2104477,0.1185428,0.0308,0.1100972,0.1664567,0.0374,0.06457255,0.07710667,0.0119,0.07665542,0.06812637,0.0137,0.1033747,0.09127969,0.0151,0.06135434,0.06674409,0.0183,0.1479638,0.1487547,0.0314,0.04637175,0.05728907,0.0123,0.05676695,0.07043977,0.0157,0.06926886,0.0880571,0.0173,0.6122098,0.6559904,0.373,0.2411516,0.3064196,0.107,0.3736679,0.4159489,0.265,0.2120596,0.3098792,0.104,0.1588584,0.2158767,0.123,0.2892084,0.1617361,0.0973
0.3,0.1810298,0.1049828,0.0566,0.1315085,0.09379131,0.0516,0.1826713,0.1213315,0.0503,0.07165853,0.04976737,0.0297,0.07500975,0.09138437,0.0181,0.06727523,0.05729119,0.0113,0.06655628,0.0583289,0.0137,1.295181,1.047534,0.213,0.279664,0.5552278,0.173,0.2610259,0.4395287,0.148,0.5633072,0.9471221,0.201,0.4557269,0.6418582,0.108,0.1493563,0.1046153,0.0316,0.09500224,0.07828701,0.0431,0.1379889,0.08234986,0.0296,0.09981185,0.06887481,0.0328,0.1086392,0.05618574,0.0346,0.1167161,0.0820493,0.0396,0.1118286,0.07502031,0.0742,0.167475,0.05872873,0.0482,0.1462905,0.06839569,0.0569,0.104772,0.1157006,0.0227,0.06939573,0.06925403,0.0217,0.09000146,0.1065527,0.0263,0.1066069,0.09615077,0.0188,0.1195638,0.1104193,0.0357,0.08823393,0.06460802,0.0213,0.07117289,0.05250437,0.0154,0.2009756,0.107617,0.0249,0.1034963,0.1451375,0.0395,0.06096317,0.07236648,0.00994,0.08469623,0.0692067,0.0141,0.09692531,0.0923451,0.0166,0.07009888,0.06169916,0.0192,0.155756,0.1431058,0.0307,0.04615839,0.05525081,0.0131,0.06158995,0.07676629,0.0169,0.0763934,0.07976472,0.017,0.7000622,0.7832575,0.376,0.2519097,0.300231,0.106,0.346226,0.4097502,0.282,0.2126594,0.3383082,0.0977,0.1851234,0.202183,0.135,0.294334,0.1569293,0.099
0.32,0.1729462,0.09443809,0.0512,0.1168253,0.08313315,0.0413,0.1632594,0.1056312,0.0374,0.07230852,0.06140002,0.0276,0.07309478,0.09413582,0.0206,0.0706017,0.05638005,0.0141,0.08317791,0.06921612,0.0155,1.272215,1.083834,0.181,0.2200114,0.438155,0.147,0.2749133,0.4573347,0.127,0.5724605,0.7817922,0.238,0.4037271,0.5985128,0.102,0.1200386,0.1132302,0.0244,0.09197268,0.08596215,0.0353,0.115479,0.08178859,0.0283,0.08414233,0.08093762,0.0278,0.09485289,0.06028218,0.0304,0.1020916,0.1032883,0.0295,0.1115552,0.09054121,0.0607,0.1467231,0.06040638,0.0342,0.1374436,0.06833159,0.0495,0.1212164,0.1074558,0.0216,0.07716116,0.06707522,0.021,0.08134595,0.114394,0.0218,0.1215992,0.0957557,0.0222,0.105349,0.1428,0.028,0.09931161,0.06625336,0.0206,0.07865437,0.05263981,0.0205,0.1817672,0.101123,0.0258,0.0947924,0.1445095,0.0367,0.06999992,0.06475455,0.0101,0.09367745,0.07082834,0.014,0.08674903,0.06940232,0.0165,0.06573613,0.06769912,0.0193,0.1742523,0.1386216,0.0318,0.04867106,0.06866391,0.0147,0.07242631,0.07834013,0.0141,0.09737261,0.07831916,0.016,0.8943115,0.9051584,0.493,0.2505563,0.3270128,0.101,0.2940931,0.353354,0.274,0.2256149,0.2899897,0.11,0.2000509,0.1854715,0.138,0.3043091,0.1511844,0.1
0.34,0.1893528,0.1078131,0.0639,0.1211272,0.09938511,0.0376,0.1768924,0.09144859,0.0318,0.09053999,0.07339343,0.0368,0.07845701,0.07515424,0.0198,0.06178939,0.05473839,0.0151,0.1041476,0.08320671,0.0153,1.115689,1.285849,0.156,0.168579,0.3479781,0.0957,0.2450843,0.3934971,0.118,0.5425678,0.5647073,0.245,0.3602433,0.608285,0.111,0.1150277,0.1069637,0.0222,0.09501293,0.09636422,0.0323,0.124371,0.0832075,0.0296,0.08729841,0.08766738,0.0252,0.09396015,0.0710384,0.0253,0.1043675,0.1233246,0.0333,0.118976,0.1056476,0.0623,0.1409511,0.06484617,0.033,0.1438949,0.05444572,0.0447,0.1372659,0.1347622,0.0198,0.09892502,0.06743514,0.0269,0.07775299,0.1055209,0.0175,0.1246892,0.1136478,0.0229,0.119031,0.1651963,0.0224,0.1331199,0.08110676,0.019,0.08894912,0.06352504,0.0199,0.1774893,0.1045277,0.028,0.08843418,0.1555138,0.0388,0.08164711,0.06992812,0.00964,0.09688145,0.06847066,0.0179,0.07997119,0.07727148,0.0193,0.06866549,0.0681679,0.0243,0.1932392,0.1641829,0.0379,0.04579522,0.06608164,0.0168,0.08236606,0.09264719,0.0153,0.08248226,0.07458363,0.0137,1.041726,0.739152,0.43,0.2628979,0.3548274,0.0914,0.2916808,0.3659327,0.256,0.2443176,0.1979156,0.102,0.1765315,0.128689,0.115,0.3159559,0.1852521,0.095
0.35,0.2068325,0.1118328,0.0725,0.1351234,0.1019382,0.0397,0.1802796,0.08676926,0.0294,0.1012896,0.07179596,0.0413,0.07468068,0.06649223,0.0196,0.06202031,0.05449844,0.0154,0.1059022,0.08965635,0.0144,1.008012,1.266262,0.149,0.1541576,0.3406832,0.0846,0.2258916,0.3942517,0.116,0.5348359,0.607003,0.234,0.3566844,0.6146896,0.123,0.1078497,0.1148705,0.0212,0.1041369,0.1118142,0.032,0.1325399,0.08285018,0.028,0.100446,0.08824568,0.0252,0.09370448,0.07173839,0.0273,0.1154799,0.1238602,0.0372,0.1311799,0.1077886,0.0608,0.1371331,0.06633789,0.0342,0.1437297,0.05876709,0.0458,0.1298303,0.1368704,0.02,0.1139685,0.0626408,0.0257,0.06825186,0.1052527,0.0172,0.1303548,0.1124752,0.0227,0.1334128,0.1697507,0.0225,0.1487315,0.08942805,0.0234,0.09359868,0.06815317,0.0173,0.1739454,0.1018337,0.0251,0.08809654,0.1468148,0.0335,0.08211137,0.07193296,0.0106,0.09444829,0.07842456,0.0172,0.08537106,0.08896643,0.0194,0.0703005,0.06837869,0.0276,0.2088534,0.1805237,0.0393,0.04903358,0.06225917,0.0186,0.08725272,0.11043,0.0154,0.082984,0.06569633,0.0129,1.058984,0.5928282,0.387,0.2638756,0.3659595,0.0996,0.3380109,0.3888257,0.268,0.2349331,0.1782112,0.101,0.1862017,0.1168667,0.125,0.3172141,0.2034501,0.0936
0.36,0.2170252,0.1112076,0.0714,0.1503462,0.1121313,0.0385,0.1790898,0.08633217,0.0272,0.1129622,0.06832645,0.0454,0.06751255,0.06027533,0.0176,0.06515326,0.0583787,0.0161,0.102119,0.09207176,0.0149,0.8862002,1.167333,0.161,0.1509626,0.3347889,0.0717,0.220693,0.3732701,0.104,0.5499139,0.6663397,0.228,0.3560294,0.569153,0.118,0.104076,0.122367,0.0215,0.09969058,0.1199891,0.0329,0.1355597,0.08139165,0.028,0.1093523,0.08905211,0.0246,0.1027697,0.07839407,0.0281,0.1262793,0.1221112,0.0433,0.1415308,0.107457,0.056,0.1292869,0.06371487,0.0394,0.1353151,0.05814458,0.0436,0.1265763,0.1224765,0.0198,0.1183521,0.06350423,0.0225,0.07395656,0.1077033,0.0158,0.1278729,0.1046273,0.0214,0.1448001,0.1756914,0.023,0.1538284,0.09475494,0.0258,0.09647018,0.06930192,0.0163,0.1632405,0.097453,0.0206,0.08493496,0.1367712,0.0294,0.08166525,0.07401074,0.0127,0.09141103,0.08721653,0.0162,0.09198169,0.1021408,0.0196,0.07646249,0.07212269,0.0313,0.2249596,0.1927701,0.0389,0.05197103,0.05634241,0.0183,0.102267,0.1206419,0.0163,0.07455487,0.06212668,0.0129,1.021062,0.5030932,0.368,0.2646005,0.3771236,0.107,0.3947879,0.3944642,0.285,0.21506,0.174072,0.0981,0.1848442,0.1142918,0.133,0.316397,0.2213874,0.0898
0.38,0.1839295,0.1003822,0.0614,0.1815052,0.1138031,0.0334,0.1698738,0.09398933,0.0223,0.1364055,0.07385794,0.047,0.05771621,0.06593402,0.019,0.07166999,0.06217099,0.0173,0.08997396,0.08729666,0.0163,0.6500596,0.9412721,0.15,0.14748,0.3205988,0.0617,0.2108136,0.3030428,0.0784,0.5586655,0.7101581,0.234,0.3382434,0.492892,0.0879,0.09065389,0.1174691,0.0223,0.1013102,0.1161423,0.0383,0.1269624,0.07745576,0.0274,0.113078,0.09232941,0.0198,0.1211617,0.08035791,0.0289,0.1452457,0.1247134,0.0463,0.1539862,0.1113531,0.0468,0.1221051,0.06221851,0.041,0.1150045,0.06261788,0.0394,0.1424077,0.1010419,0.0179,0.09352996,0.06816779,0.0182,0.08008751,0.09134402,0.0143,0.1231708,0.1023624,0.0182,0.1533763,0.1835639,0.0252,0.1518474,0.1007764,0.025,0.0987425,0.07138549,0.0185,0.1382535,0.09760901,0.0168,0.07508178,0.1187126,0.0274,0.07782266,0.07223585,0.0125,0.09555514,0.1026573,0.0161,0.11089,0.1141425,0.0175,0.07789198,0.08360341,0.0381,0.2476602,0.2136185,0.0349,0.05677097,0.05506566,0.0144,0.1354496,0.1053994,0.0198,0.06386092,0.05934124,0.0122,0.8505211,0.5226539,0.393,0.2762225,0.4011607,0.107,0.42284,0.3363999,0.305,0.167938,0.1669538,0.103,0.1781244,0.1011,0.117,0.3144278,0.2509117,0.0992
0.4,0.1451574,0.09449302,0.0508,0.1796604,0.1129469,0.027,0.1337903,0.09609148,0.0205,0.147126,0.07845147,0.0394,0.07034797,0.07009816,0.0274,0.07799482,0.0823168,0.016,0.08375325,0.08213118,0.0156,0.7103205,0.8883951,0.136,0.1499322,0.2993307,0.0545,0.236153,0.2451608,0.0603,0.4998467,0.6163597,0.228,0.3033406,0.4918621,0.0764,0.07731124,0.08554286,0.0214,0.08356134,0.08935766,0.0369,0.1360895,0.08776744,0.0236,0.1239961,0.1050785,0.0188,0.1354864,0.07067141,0.0255,0.153053,0.1294519,0.0438,0.1679843,0.1103346,0.051,0.103837,0.06170752,0.0366,0.09576253,0.06218281,0.0439,0.1500931,0.1018057,0.0233,0.09686843,0.08471582,0.0197,0.0850298,0.09856471,0.0182,0.1213312,0.1139195,0.0208,0.1389767,0.1835336,0.0236,0.1801801,0.1019507,0.0222,0.1002722,0.06890063,0.0173,0.1124537,0.1075183,0.0167,0.06480236,0.1210788,0.0253,0.06543347,0.06848028,0.0106,0.09370271,0.1131121,0.0198,0.1245339,0.1092868,0.0158,0.07684365,0.09941088,0.0425,0.2444528,0.2225905,0.0361,0.05699068,0.05725362,0.016,0.1165593,0.0850254,0.0193,0.06371827,0.08011689,0.0115,0.7342173,0.5324111,0.44,0.2709271,0.4211805,0.0915,0.3542226,0.2489147,0.285,0.1403747,0.160513,0.0992,0.1391386,0.07698001,0.0977,0.3164687,0.2666798,0.106
0.42,0.1179003,0.09063541,0.0526,0.1603309,0.1262894,0.023,0.1202632,0.110703,0.0206,0.1376774,0.08773876,0.032,0.08498603,0.07275219,0.031,0.08399028,0.08166316,0.014,0.08191134,0.07758538,0.0163,0.7780808,0.9126649,0.146,0.1640251,0.2730566,0.0425,0.2659822,0.262269,0.045,0.4356396,0.4982085,0.204,0.2860581,0.4624875,0.0688,0.08471098,0.09071637,0.0175,0.09096473,0.1031729,0.0288,0.1278776,0.1069025,0.0226,0.1105724,0.1195306,0.0163,0.1232739,0.08634783,0.0234,0.1445179,0.1289179,0.0414,0.1572129,0.1126378,0.0425,0.08164769,0.06507468,0.031,0.07469273,0.07036251,0.0435,0.1585427,0.0854409,0.0283,0.1185867,0.08135661,0.0174,0.06449545,0.09777825,0.0203,0.1082234,0.1134289,0.0239,0.1197975,0.1748234,0.0261,0.1817247,0.09980053,0.0188,0.09164312,0.06426236,0.0159,0.08443321,0.1063382,0.0198,0.07109414,0.119872,0.0234,0.05325754,0.06079615,0.0095,0.08017062,0.1082975,0.0202,0.1223253,0.1191293,0.016,0.08865301,0.1044185,0.0431,0.2096651,0.2147305,0.0378,0.06781377,0.05402428,0.0185,0.09483192,0.07567007,0.0205,0.06952004,0.09073572,0.0146,0.6932827,0.439703,0.511,0.2436661,0.4341618,0.0902,0.3176615,0.2392783,0.243,0.1318168,0.1546805,0.0926,0.113916,0.07907632,0.112,0.318571,0.2819085,0.109
0.44,0.1053801,0.08568197,0.0558,0.1319926,0.1365312,0.0209,0.1079847,0.1074156,0.0198,0.1228946,0.09249748,0.0279,0.08859366,0.07007541,0.0283,0.08327978,0.07568256,0.0121,0.08011014,0.07365207,0.0164,0.815199,0.7630776,0.133,0.1712712,0.251704,0.0372,0.2869159,0.2805339,0.0401,0.3803513,0.4979869,0.18,0.2382682,0.4291728,0.0606,0.08684032,0.09453391,0.019,0.1042822,0.1044191,0.0222,0.1226263,0.1226134,0.0183,0.09430229,0.127213,0.0171,0.1124783,0.1012914,0.024,0.1261589,0.127284,0.0361,0.1399731,0.1043634,0.0314,0.06844151,0.06489553,0.0261,0.07739368,0.07566106,0.0397,0.1680838,0.09884589,0.0289,0.1050773,0.0722317,0.0145,0.06673514,0.0907824,0.0187,0.09730714,0.1143058,0.0253,0.104164,0.161512,0.026,0.146077,0.08780488,0.0213,0.0802858,0.05858998,0.0181,0.07281272,0.09858348,0.0211,0.07140125,0.1251712,0.0224,0.05719363,0.06255644,0.0104,0.07603982,0.1081795,0.0176,0.1211404,0.1272942,0.0142,0.09538478,0.1002571,0.0429,0.1799995,0.2002878,0.0318,0.07047345,0.0564799,0.0163,0.07430356,0.06011553,0.0205,0.06224195,0.09059522,0.0158,0.6026457,0.3772054,0.511,0.2943535,0.4421812,0.105,0.2954937,0.228234,0.215,0.1246622,0.1494929,0.0854,0.09785465,0.08138952,0.123,0.3173566,0.2895057,0.112
0.45,0.1115445,0.08574119,0.0594,0.1219187,0.1367594,0.0194,0.1000129,0.1003195,0.0191,0.1178418,0.09352054,0.0256,0.0863138,0.07420918,0.0287,0.07351841,0.07282012,0.011,0.07836127,0.07537311,0.015,0.8092871,0.6481964,0.124,0.1676118,0.2587656,0.0372,0.2938692,0.2781974,0.0382,0.4159698,0.4979334,0.17,0.2404052,0.4408423,0.0597,0.08466715,0.09329832,0.0188,0.106319,0.1030444,0.0199,0.1252926,0.124557,0.0162,0.09094613,0.1276387,0.0173,0.1080778,0.1063922,0.0239,0.1183985,0.1246187,0.0331,0.1375434,0.09797148,0.0287,0.06602408,0.06240413,0.0238,0.07434653,0.07493909,0.0375,0.1888227,0.1073238,0.0302,0.1006001,0.06543133,0.0156,0.06999798,0.08714495,0.0182,0.09072868,0.1102108,0.0251,0.1069467,0.1554816,0.0244,0.1344741,0.07801632,0.0215,0.07421619,0.05705855,0.0175,0.07368926,0.0925535,0.0224,0.06928395,0.1239358,0.0209,0.05867457,0.06382354,0.0105,0.08085782,0.1061046,0.0174,0.1198623,0.1300382,0.0139,0.09742828,0.09793919,0.0427,0.1712598,0.1894636,0.0275,0.06979584,0.06300432,0.0165,0.06506427,0.0551429,0.0201,0.05390219,0.08529369,0.0164,0.5603876,0.3697659,0.475,0.3317279,0.4435981,0.105,0.2787843,0.2200996,0.204,0.1215654,0.1469572,0.0822,0.08969168,0.07951602,0.122,0.3162197,0.2836449,0.12
0.46,0.1172169,0.0946128,0.0588,0.1139433,0.1337762,0.0177,0.09361142,0.09772394,0.0185,0.1143394,0.09397059,0.023,0.08213762,0.07621905,0.0304,0.0614889,0.06852843,0.00975,0.07663653,0.07802305,0.0136,0.7905993,0.5364867,0.133,0.1641404,0.2616474,0.0387,0.3047533,0.2724058,0.0381,0.4375165,0.4828404,0.159,0.2455549,0.4377589,0.0579,0.0815307,0.09010445,0.0183,0.1080601,0.1016539,0.0175,0.1266841,0.1229944,0.0145,0.08914915,0.1271221,0.0164,0.1040169,0.1082453,0.0229,0.1120346,0.1206193,0.0307,0.1326882,0.09458219,0.027,0.06630278,0.05942114,0.0218,0.0711161,0.07227391,0.0351,0.1937974,0.1087974,0.0314,0.1009313,0.07326943,0.0161,0.06590211,0.08173515,0.0176,0.08660199,0.1036348,0.0243,0.1077547,0.1478741,0.0229,0.1346931,0.08496117,0.022,0.06819989,0.05904628,0.0196,0.07402358,0.08634719,0.0228,0.06626537,0.1182804,0.0197,0.06019145,0.06730392,0.0105,0.08273602,0.103036,0.0186,0.1182765,0.1287433,0.0154,0.09958961,0.09701778,0.0421,0.1654733,0.1776422,0.0238,0.06560889,0.06602247,0.0175,0.06421574,0.05003018,0.0199,0.05682553,0.07742152,0.0172,0.5390632,0.3623705,0.428,0.3574409,0.4435897,0.0991,0.2582815,0.2171312,0.191,0.1204904,0.1445313,0.0873,0.08245138,0.07749622,0.118,0.3151076,0.2736866,0.127
0.48,0.1070074,0.09237723,0.0559,0.1046636,0.1277078,0.0143,0.087047,0.09255648,0.0182,0.1088994,0.09223219,0.0183,0.07224909,0.07164539,0.0338,0.05363679,0.06511787,0.00942,0.07410317,0.08257365,0.0124,0.7296238,0.4650409,0.177,0.1561373,0.2604989,0.0409,0.3061055,0.2629363,0.0345,0.4611223,0.4809766,0.14,0.2079451,0.3603383,0.0471,0.07842442,0.08248373,0.0177,0.117282,0.09421053,0.0135,0.121064,0.1125059,0.0111,0.09436895,0.1215707,0.0128,0.1164991,0.1089755,0.0187,0.1068189,0.1087403,0.0266,0.1211112,0.08643783,0.0233,0.07008509,0.05764831,0.0173,0.08057161,0.0647267,0.034,0.2004819,0.1060394,0.0308,0.1167505,0.08416616,0.0174,0.06315683,0.06710326,0.0164,0.0999972,0.08448301,0.0227,0.1095897,0.1344997,0.0224,0.1550283,0.1034781,0.0217,0.06177135,0.06961621,0.0209,0.08751959,0.07561461,0.0226,0.05743641,0.1031599,0.0237,0.05582195,0.06379326,0.00971,0.08059794,0.0910104,0.021,0.12884,0.1227252,0.0161,0.09462176,0.09466735,0.0397,0.1600366,0.1555197,0.0204,0.06307871,0.05949455,0.0186,0.0648965,0.05118438,0.0195,0.05250287,0.07128933,0.0184,0.4754845,0.3475125,0.356,0.3962444,0.4370265,0.115,0.2083421,0.2114954,0.184,0.1192737,0.1399303,0.0946,0.06963892,0.08706473,0.111,0.3143217,0.2510618,0.138
0.5,0.08692103,0.07782557,0.0446,0.1198294,0.1177368,0.0121,0.09853877,0.09130508,0.0194,0.09738272,0.08295754,0.0153,0.06329671,0.06612227,0.0331,0.05877968,0.06305525,0.0088,0.07415593,0.08344754,0.0125,0.6602502,0.495191,0.193,0.1428982,0.2697755,0.0449,0.2836626,0.2476014,0.0302,0.4666627,0.5199415,0.128,0.1763305,0.3307454,0.0397,0.08774049,0.07271543,0.0188,0.1355616,0.08436754,0.0108,0.1410694,0.1010027,0.0107,0.1051961,0.1109832,0.0109,0.1167234,0.0994233,0.0155,0.09838149,0.09385879,0.0212,0.1036532,0.07320697,0.0198,0.07127619,0.05846064,0.0134,0.09836655,0.05911402,0.029,0.1806708,0.101082,0.0274,0.1325248,0.08165859,0.0185,0.0770548,0.05997962,0.0162,0.09790468,0.06674556,0.021,0.09846614,0.1222606,0.0228,0.1677569,0.1128763,0.0193,0.05383164,0.07041824,0.0185,0.07835234,0.06641247,0.0219,0.04703473,0.08921841,0.0265,0.0438778,0.07072892,0.00974,0.0744001,0.0662596,0.0199,0.1424316,0.1214056,0.0168,0.08655655,0.08891249,0.0366,0.1575018,0.1394263,0.0224,0.05983254,0.0548468,0.0189,0.05071082,0.05518506,0.0199,0.04118159,0.05960461,0.0197,0.4227353,0.3316512,0.342,0.4019625,0.4227552,0.123,0.1931301,0.2391827,0.19,0.1150538,0.1369097,0.0969,0.07224891,0.1046512,0.106,0.3156029,0.234073,0.147
0.55,0.107315,0.0583127,0.0457,0.09001356,0.0820204,0.0121,0.09453301,0.0677392,0.0158,0.07317179,0.05247961,0.0108,0.04490289,0.05584037,0.0203,0.06261159,0.05497789,0.00984,0.07849468,0.0764277,0.0115,0.5603642,0.3835616,0.153,0.1163713,0.2658312,0.0625,0.2099952,0.1655975,0.0289,0.502363,0.5840843,0.127,0.1852278,0.3486063,0.0334,0.07503365,0.06105984,0.0128,0.1049943,0.06245882,0.0103,0.09479241,0.06958649,0.00992,0.07009183,0.07314127,0.00919,0.08154142,0.06305186,0.0117,0.0753173,0.05891467,0.0116,0.07739148,0.06032818,0.0171,0.06389128,0.05174911,0.0111,0.08285139,0.04813879,0.015,0.1396092,0.07496094,0.02,0.0949293,0.0500168,0.0158,0.06794331,0.04871816,0.0135,0.08347738,0.04970665,0.0144,0.08374749,0.09023572,0.0166,0.1157598,0.0687359,0.0179,0.04102736,0.05982609,0.0162,0.06216871,0.04716557,0.0121,0.04287693,0.05751298,0.0168,0.05184391,0.06280145,0.0081,0.06025212,0.05582134,0.0138,0.1062641,0.07008688,0.016,0.06437926,0.06313574,0.0236,0.1299513,0.1170427,0.0233,0.05439114,0.06027976,0.0139,0.04504386,0.04370949,0.0123,0.03624479,0.0378336,0.0133,0.3704702,0.3940607,0.329,0.2189968,0.3741584,0.122,0.2036611,0.2660055,0.181,0.1502893,0.1652346,0.121,0.06082414,0.1084038,0.0861,0.3206326,0.2084718,0.165
0.6,0.09978419,0.0739838,0.0363,0.06596359,0.05795885,0.0116,0.07689232,0.05727149,0.0135,0.0685427,0.05193056,0.00999,0.02849479,0.03932467,0.0142,0.05430674,0.04384315,0.00864,0.07817405,0.06613617,0.01,0.5205827,0.3891019,0.132,0.08143745,0.2393206,0.0537,0.1961475,0.1664924,0.0238,0.5563728,0.5605032,0.127,0.1734966,0.2833601,0.026,0.05674588,0.05077019,0.00975,0.07163673,0.05494176,0.0125,0.07601355,0.05734204,0.0103,0.05418207,0.06204016,0.012,0.06958532,0.0538618,0.0127,0.06852979,0.06251832,0.0111,0.06899641,0.06010675,0.0127,0.0530608,0.05165184,0.0107,0.06937628,0.04037514,0.0153,0.1092012,0.05229091,0.0172,0.07372803,0.0502142,0.0126,0.05148064,0.04034175,0.0134,0.07869302,0.04224149,0.012,0.08347481,0.08088547,0.0137,0.08005856,0.04421216,0.0148,0.040295,0.05296714,0.0133,0.05278644,0.04179268,0.0123,0.04007448,0.05899141,0.0134,0.05480376,0.0511164,0.00846,0.05216078,0.05656522,0.0136,0.06403223,0.04450483,0.0115,0.05749717,0.04958595,0.0153,0.1105941,0.08485764,0.0217,0.04880228,0.05250261,0.0108,0.04317833,0.0408028,0.0107,0.03293788,0.03120351,0.0119,0.2676723,0.3717257,0.302,0.2079406,0.3292436,0.0765,0.2266459,0.3382454,0.194,0.1772188,0.1433611,0.0891,0.06155125,0.1421464,0.0937,0.3369234,0.1758311,0.17
0.65,0.08493564,0.08019187,0.0435,0.06399213,0.05447989,0.0092,0.06154341,0.05209459,0.0129,0.06875835,0.04643483,0.00828,0.02450292,0.0335969,0.0104,0.05310443,0.03490319,0.00563,0.06828419,0.05344654,0.00856,0.5623203,0.4198756,0.17,0.07196124,0.2033114,0.0298,0.1890771,0.1914821,0.0188,0.5344755,0.5251582,0.112,0.2199841,0.227912,0.0227,0.04462452,0.03938745,0.00888,0.06135396,0.04255766,0.011,0.06954411,0.0431688,0.00965,0.057234,0.05142931,0.0106,0.06577269,0.04741492,0.0136,0.06706411,0.05998284,0.00958,0.06530343,0.05845844,0.00886,0.05098768,0.04657113,0.0117,0.05156866,0.03445873,0.0126,0.09244606,0.05298865,0.0121,0.0596221,0.04583254,0.0108,0.04333197,0.04204413,0.0132,0.07428923,0.05169038,0.0116,0.08174732,0.07354239,0.0148,0.06730384,0.04423006,0.0142,0.03855522,0.05008979,0.0131,0.04534942,0.04026912,0.0114,0.03315908,0.04608232,0.00889,0.05201983,0.04323122,0.00679,0.0317033,0.03633703,0.00805,0.05614308,0.04519588,0.0111,0.05698148,0.04679996,0.0111,0.09613463,0.07122017,0.0175,0.03193051,0.05201462,0.00974,0.03789598,0.04057652,0.0113,0.02427016,0.02715804,0.00723,0.3089628,0.2764857,0.196,0.1639342,0.3068683,0.0575,0.2792141,0.4116665,0.243,0.1757894,0.149285,0.0798,0.06922818,0.1591878,0.0773,0.3402983,0.1330789,0.165
0.667,0.07934693,0.07578225,0.0427,0.06463619,0.04959421,0.00982,0.06178505,0.05011654,0.0124,0.06914193,0.04145302,0.00775,0.02557209,0.03312854,0.00957,0.04696034,0.03591527,0.00563,0.06495996,0.04995177,0.00817,0.603899,0.4373406,0.175,0.0657678,0.190698,0.0278,0.1805764,0.1927077,0.0169,0.5220464,0.5243838,0.106,0.2168475,0.2283688,0.0213,0.04350769,0.03711304,0.00812,0.05630273,0.03818386,0.0101,0.06908712,0.03795571,0.00892,0.05831451,0.04698087,0.00943,0.06620701,0.04267534,0.0126,0.06704845,0.0548692,0.01,0.0656985,0.05343337,0.00932,0.05224372,0.04979457,0.0116,0.05214919,0.03822388,0.0114,0.08919828,0.05090624,0.011,0.05690193,0.04959382,0.00997,0.04422909,0.04230037,0.0123,0.07417261,0.05545134,0.00964,0.08097266,0.06950973,0.0149,0.06727902,0.04267771,0.014,0.04062846,0.05576881,0.0146,0.04509584,0.03684447,0.0135,0.03589031,0.04184268,0.00822,0.05034515,0.0377845,0.00669,0.03286291,0.03395354,0.00893,0.05064647,0.03941635,0.0107,0.05688603,0.04549605,0.00928,0.09543656,0.06466849,0.0161,0.03086811,0.0565027,0.0109,0.03789618,0.03809438,0.013,0.02523409,0.02708637,0.00738,0.3126368,0.265002,0.174,0.1404589,0.2914715,0.0549,0.2813091,0.3832455,0.244,0.17723,0.1502522,0.0732,0.07515837,0.1640926,0.0754,0.343976,0.116084,0.161
0.7,0.07712791,0.06651103,0.038,0.06532351,0.04050599,0.00942,0.06471054,0.06078726,0.012,0.06890547,0.03217464,0.00865,0.02974311,0.03590794,0.00876,0.03566553,0.03203929,0.00638,0.06066947,0.04361668,0.00666,0.5391944,0.4418475,0.174,0.0505903,0.1676887,0.0255,0.1630768,0.1830818,0.0175,0.4929675,0.5244259,0.097,0.1879604,0.2173003,0.0187,0.04696681,0.03518993,0.0083,0.05427403,0.03596134,0.0101,0.06909658,0.03353864,0.00922,0.05965701,0.03971501,0.00751,0.06657699,0.03372558,0.0101,0.06688836,0.04477952,0.0109,0.06697055,0.05172881,0.0109,0.05406203,0.050091,0.0124,0.0561911,0.05105606,0.0136,0.08035675,0.05516708,0.0104,0.04807868,0.05210036,0.00891,0.04806364,0.04251837,0.0106,0.07284447,0.06402984,0.00795,0.07930003,0.05884888,0.0142,0.06675819,0.0439132,0.0156,0.0465631,0.06293038,0.0176,0.04558242,0.0299664,0.0172,0.03890576,0.03550111,0.00797,0.04583552,0.02956711,0.00723,0.03468834,0.0349537,0.0103,0.05897749,0.03985336,0.00937,0.05572613,0.0439663,0.00905,0.0974494,0.0591448,0.0163,0.03767451,0.05704189,0.0133,0.04756747,0.0365292,0.016,0.02493941,0.03154732,0.00928,0.3755635,0.3492229,0.155,0.1557984,0.2409468,0.0537,0.265613,0.2983925,0.234,0.1920771,0.1506438,0.0727,0.09854718,0.1837699,0.0725,0.3325204,0.08515192,0.152
0.75,0.08566644,0.06477375,0.0369,0.06003211,0.0359042,0.0108,0.06883163,0.06124449,0.00974,0.06388142,0.0329219,0.0111,0.032517,0.03314919,0.00786,0.03766544,0.035016,0.00785,0.05781141,0.03731003,0.00507,0.4075276,0.5596649,0.191,0.04286741,0.1467355,0.0249,0.1435988,0.1569839,0.0184,0.4232706,0.5931368,0.08,0.1186724,0.2007186,0.0142,0.04158707,0.03782309,0.00774,0.0508104,0.03865344,0.0112,0.06258927,0.03593327,0.01,0.06812996,0.03962955,0.00881,0.06627994,0.03449585,0.0106,0.062422,0.0442728,0.0122,0.0641763,0.04479482,0.0116,0.06032893,0.04672976,0.0128,0.06143703,0.04852078,0.015,0.07251931,0.04621521,0.0107,0.03946399,0.05431022,0.00817,0.05493128,0.044137,0.00999,0.06957755,0.06051161,0.00726,0.0709861,0.04290126,0.0133,0.06194141,0.04762414,0.0179,0.05017268,0.07733351,0.02,0.04471152,0.03665693,0.023,0.03806499,0.03384172,0.00973,0.03475298,0.03033839,0.00809,0.04530761,0.03244563,0.0107,0.05103579,0.0401834,0.011,0.06424402,0.05525431,0.01,0.09354343,0.05353983,0.0151,0.04677946,0.06046868,0.015,0.05282836,0.03536612,0.0159,0.02486902,0.02614904,0.0107,0.4020967,0.4107534,0.174,0.1715668,0.2201182,0.05,0.2413694,0.2556463,0.173,0.2032717,0.1680904,0.0694,0.1354681,0.2253488,0.0893,0.2887705,0.07607936,0.132
0.8,0.08084776,0.06077244,0.038,0.04830705,0.03513452,0.00901,0.05488635,0.04170382,0.00777,0.05364522,0.03542699,0.00994,0.02435849,0.02943349,0.00704,0.039365,0.03842202,0.0109,0.05217577,0.03013566,0.00604,0.4855035,0.6674259,0.195,0.03617853,0.1283072,0.0263,0.1400577,0.134911,0.016,0.3488091,0.6132889,0.0745,0.1092184,0.1985625,0.0143,0.03676794,0.03513084,0.00657,0.0432407,0.0349197,0.00862,0.0571053,0.04266717,0.00823,0.06320141,0.046418,0.00986,0.05954202,0.03921767,0.0118,0.05189425,0.03671646,0.013,0.05366664,0.03801052,0.0123,0.03990005,0.02980752,0.0139,0.04131931,0.03308821,0.0155,0.05677922,0.03978907,0.0106,0.03496898,0.06125291,0.00703,0.05242355,0.03974866,0.00937,0.06828363,0.0463387,0.00661,0.0582173,0.03523336,0.0134,0.05273203,0.05348876,0.0163,0.04323895,0.05718916,0.0161,0.03362999,0.03384524,0.0198,0.02624492,0.03316227,0.0107,0.03515578,0.02667375,0.00869,0.03849297,0.02644026,0.0113,0.04503823,0.03032146,0.0113,0.05454996,0.04045595,0.0141,0.07746574,0.0458676,0.0173,0.04837483,0.05928054,0.0132,0.03763124,0.03080484,0.0122,0.03005714,0.02338545,0.011,0.3859039,0.4691508,0.193,0.1247643,0.1809501,0.0608,0.2339901,0.3309092,0.153,0.2151426,0.1981546,0.0482,0.1716017,0.2319932,0.0703,0.264767,0.08267298,0.112
0.85,0.06344251,0.06449261,0.0347,0.03974999,0.03801287,0.00634,0.04699058,0.04274677,0.00874,0.04710611,0.03762206,0.00724,0.02036305,0.02959329,0.00694,0.04327932,0.03012881,0.0106,0.04219255,0.02192645,0.00692,0.4766949,0.7567019,0.162,0.0290673,0.1103563,0.032,0.1437358,0.1216465,0.0139,0.2727356,0.6150944,0.0719,0.09726293,0.1424194,0.0112,0.03405709,0.04126485,0.00646,0.04210857,0.04252924,0.00842,0.05072035,0.04995532,0.0081,0.0510407,0.04908561,0.00756,0.05026503,0.04610262,0.0103,0.04041756,0.03764433,0.00958,0.04080112,0.03178035,0.00919,0.03555091,0.03154463,0.0112,0.0377522,0.02659653,0.0128,0.04872504,0.03512419,0.011,0.04252817,0.0491156,0.00655,0.0463636,0.04054286,0.00969,0.06197124,0.03808909,0.00572,0.05131361,0.04486415,0.0149,0.04316372,0.04062112,0.0123,0.03552478,0.04352513,0.0108,0.02818298,0.03196187,0.015,0.02616112,0.02911342,0.00769,0.03165949,0.02808753,0.00797,0.03109009,0.02422767,0.00816,0.04208627,0.02730276,0.0108,0.04349191,0.02948958,0.0158,0.06144572,0.04506452,0.0159,0.03558703,0.03881516,0.00962,0.03635781,0.02917284,0.00871,0.03154828,0.0271971,0.011,0.3661563,0.5544372,0.194,0.1314298,0.1591803,0.0548,0.2303837,0.4385162,0.133,0.2273839,0.2293769,0.0338,0.1949774,0.2065877,0.0674,0.2406362,0.09125733,0.0963
0.9,0.0535649,0.05272469,0.0281,0.03703314,0.0381843,0.00628,0.04880852,0.03602906,0.00923,0.04402261,0.03438235,0.00808,0.02239798,0.02941273,0.00589,0.03755232,0.02384456,0.00857,0.03342167,0.01740891,0.00677,0.5186131,0.6426969,0.159,0.02397187,0.09441354,0.029,0.1426523,0.1157095,0.0117,0.2003413,0.5797545,0.0806,0.08455007,0.1497408,0.012,0.03582047,0.03065224,0.00799,0.04435876,0.03427196,0.00909,0.05432506,0.04214571,0.00826,0.04937934,0.03978983,0.00631,0.04575961,0.04236967,0.0104,0.03808131,0.03076467,0.00857,0.03520154,0.0320223,0.00767,0.03816617,0.0309246,0.00857,0.0401642,0.02486183,0.00872,0.04923447,0.02653315,0.0107,0.04719666,0.03548979,0.00671,0.04077518,0.03541065,0.00867,0.05444261,0.03935649,0.00676,0.04650973,0.05360111,0.0152,0.04259905,0.04258221,0.00995,0.03084876,0.04397339,0.0114,0.03158793,0.02444755,0.0111,0.02783396,0.03093121,0.00851,0.02295098,0.02857216,0.00724,0.03216753,0.02209933,0.00718,0.04002479,0.02393558,0.00944,0.0353235,0.03115518,0.0134,0.05030688,0.04665146,0.0137,0.0283424,0.03692207,0.00769,0.03531648,0.02409375,0.00713,0.02496661,0.02614396,0.00978,0.3040645,0.5840861,0.183,0.1101743,0.1588215,0.0544,0.2557847,0.4998401,0.123,0.2311762,0.2538599,0.0306,0.19229,0.2292964,0.0638,0.2077058,0.1071401,0.0839
0.95,0.05749765,0.05376318,0.0271,0.03742664,0.03824328,0.0079,0.04916589,0.03365434,0.00963,0.03943539,0.03234037,0.0104,0.02611029,0.02889019,0.00453,0.02555511,0.02057341,0.00635,0.02943098,0.01377771,0.00584,0.5658135,0.4636438,0.207,0.02064332,0.08767257,0.0277,0.1359047,0.107462,0.0106,0.1665825,0.5254222,0.0843,0.07435994,0.1615068,0.0134,0.03213421,0.02774659,0.00823,0.03647516,0.0301341,0.00804,0.04448261,0.03711237,0.00734,0.03788546,0.03518488,0.00693,0.040844,0.04047221,0.01,0.03372094,0.03122312,0.0106,0.03384374,0.03714903,0.0066,0.03759193,0.03693784,0.00945,0.04081817,0.02581172,0.00807,0.04688855,0.02343187,0.00824,0.04826095,0.03051272,0.00625,0.03768172,0.02847283,0.00881,0.04746587,0.03827956,0.00573,0.04126945,0.05311942,0.0153,0.04087738,0.0432055,0.01,0.03188572,0.04621643,0.0106,0.03314736,0.02582276,0.0128,0.02618082,0.02933182,0.00772,0.0231589,0.02723485,0.00626,0.03203144,0.01748798,0.0062,0.03596768,0.02188041,0.0079,0.02838824,0.03169229,0.0123,0.04993216,0.03831798,0.0165,0.02438939,0.03748931,0.00645,0.03538006,0.02424864,0.00642,0.02280363,0.020099,0.00807,0.2578439,0.5275811,0.158,0.1075432,0.2141605,0.0461,0.2684712,0.4898585,0.124,0.2279082,0.2624428,0.0281,0.1496538,0.2379175,0.049,0.1703905,0.1154009,0.0735
1,0.05505225,0.05649582,0.0244,0.03320609,0.03560576,0.00855,0.04135838,0.03616055,0.00772,0.03442806,0.03748605,0.0101,0.02513715,0.02711366,0.00447,0.01845268,0.02358816,0.00513,0.02830173,0.0116968,0.00492,0.600615,0.3550494,0.213,0.02257513,0.07700033,0.0246,0.1258236,0.09461671,0.00869,0.1423203,0.4882228,0.0877,0.08372489,0.1397249,0.0139,0.02686553,0.02817368,0.00654,0.03212192,0.02995146,0.00718,0.03962731,0.03929684,0.00676,0.03243379,0.04050105,0.00698,0.03581947,0.04293799,0.00891,0.02922713,0.03359912,0.0104,0.0301149,0.03331095,0.00668,0.03432857,0.03408672,0.00818,0.03705331,0.02616506,0.00725,0.03967854,0.02437692,0.00642,0.04145882,0.02659323,0.0058,0.03669513,0.02677396,0.00736,0.04018553,0.0342815,0.00621,0.03485579,0.04624071,0.0144,0.03701432,0.03965356,0.0084,0.0373178,0.04518547,0.0094,0.03183234,0.02875681,0.0139,0.02148405,0.02688798,0.0075,0.02302228,0.02518573,0.00538,0.02755497,0.01936655,0.00638,0.03426858,0.02140401,0.00602,0.02427133,0.02695642,0.0113,0.05168384,0.02982645,0.019,0.0232942,0.03388102,0.00545,0.03768931,0.02991321,0.00467,0.01957506,0.01826083,0.00736,0.2617848,0.4018629,0.119,0.1422249,0.216532,0.0456,0.281967,0.4516722,0.127,0.2186529,0.2616845,0.0258,0.1133096,0.2122279,0.0386,0.1502983,0.1157987,0.0688
1.1,0.04130249,0.04492539,0.0156,0.02242024,0.02910606,0.00752,0.02962114,0.03127561,0.0068,0.02566505,0.02473172,0.00976,0.01841676,0.02537217,0.00429,0.01866264,0.02243908,0.005,0.02489476,0.00960352,0.00347,0.5808377,0.2634114,0.231,0.02722617,0.06171356,0.0197,0.1040097,0.06943739,0.00723,0.1147473,0.4289591,0.088,0.08074601,0.0932167,0.0142,0.01950867,0.02539787,0.00485,0.02646467,0.02739549,0.00522,0.03165257,0.026666,0.00669,0.02696471,0.02837555,0.00702,0.0285224,0.02833329,0.00999,0.02376029,0.02887156,0.00926,0.0236904,0.0353956,0.00686,0.02250134,0.02647195,0.00683,0.02377966,0.02267233,0.00665,0.0265673,0.02527296,0.00555,0.022484,0.02193633,0.00747,0.02766843,0.02595601,0.00473,0.03224403,0.02236697,0.00869,0.02517565,0.02833805,0.0172,0.02643935,0.0308109,0.00959,0.02413999,0.0330121,0.0115,0.02795315,0.02823001,0.0101,0.01677294,0.0226423,0.00556,0.02488848,0.02417348,0.00506,0.02572582,0.01801017,0.00572,0.02904859,0.02060245,0.00617,0.01779236,0.02220465,0.00902,0.03448482,0.02654798,0.0195,0.02222872,0.02328992,0.00493,0.02290294,0.02334566,0.00501,0.01624273,0.01894858,0.00585,0.2582721,0.2694852,0.088,0.1504415,0.2068545,0.0353,0.3157459,0.2517869,0.13,0.1875904,0.2400356,0.0224,0.1184022,0.1214338,0.0363,0.1437417,0.1002321,0.0604
1.2,0.03907121,0.03140786,0.0114,0.01953584,0.02626844,0.00781,0.02461549,0.02954723,0.00701,0.02224554,0.02178914,0.0077,0.0121719,0.02144926,0.00376,0.01632734,0.02141151,0.00421,0.01914105,0.00734906,0.00272,0.6650783,0.1953712,0.218,0.02911994,0.04577957,0.0152,0.08838187,0.05411527,0.00709,0.1009147,0.3549885,0.0887,0.08088956,0.08461023,0.0137,0.01433918,0.02464299,0.00551,0.02134879,0.02501472,0.00523,0.02676453,0.02211771,0.00463,0.01853778,0.02601125,0.00547,0.02129986,0.02531733,0.00748,0.01934114,0.02582787,0.00928,0.01913644,0.02803297,0.00956,0.01596531,0.02202722,0.00861,0.02007302,0.02029125,0.00865,0.02324117,0.02439104,0.00614,0.02200915,0.02089165,0.00772,0.02159776,0.02385618,0.00623,0.02558275,0.02597962,0.00874,0.02056767,0.02995492,0.0201,0.02254859,0.01781668,0.0135,0.01703551,0.0195855,0.0106,0.01874423,0.0184704,0.0102,0.01457904,0.02406531,0.00861,0.02295086,0.02200787,0.00596,0.02238737,0.01671787,0.00639,0.02188749,0.01783018,0.00926,0.01239559,0.02182079,0.00611,0.0233245,0.02460615,0.0161,0.01770405,0.01967974,0.00592,0.01863023,0.02643222,0.00679,0.01332945,0.01946441,0.00675,0.2431663,0.2847381,0.0709,0.1245065,0.1935081,0.0419,0.2822161,0.2331083,0.107,0.1540339,0.1965366,0.0193,0.1120946,0.07531747,0.03,0.113675,0.09458046,0.0528
1.3,0.03163794,0.0290482,0.0106,0.01678161,0.02434841,0.00912,0.01997801,0.02432785,0.00616,0.01887746,0.02036076,0.00933,0.0106398,0.02077037,0.00262,0.02204053,0.01930445,0.00394,0.01498117,0.00539687,0.00209,0.6382183,0.2287685,0.16,0.02016256,0.03395828,0.0111,0.07922609,0.04610416,0.0056,0.0924896,0.2986916,0.0813,0.07024413,0.1183941,0.0126,0.01336148,0.02045002,0.00553,0.01654725,0.02211373,0.00508,0.02192653,0.01936598,0.00495,0.01645283,0.02283482,0.00683,0.0173613,0.02234291,0.0082,0.0163702,0.02128027,0.0126,0.01576828,0.02137089,0.0131,0.01337237,0.01865907,0.0135,0.01619982,0.01741888,0.0133,0.02397231,0.02172113,0.0053,0.02225168,0.0180747,0.00596,0.01631227,0.02412314,0.00668,0.01972944,0.0249238,0.00921,0.02805595,0.02604767,0.0199,0.02121966,0.01703856,0.0162,0.01356725,0.01680073,0.0116,0.01194117,0.01920229,0.0134,0.01239208,0.02370878,0.00961,0.02112045,0.01914442,0.00795,0.02555389,0.01242016,0.00622,0.01815705,0.01454993,0.00942,0.00889969,0.02572183,0.00758,0.01651387,0.03175155,0.0156,0.01797218,0.01325393,0.00836,0.01765643,0.02346759,0.00738,0.01724329,0.01993835,0.00729,0.2595486,0.2467148,0.0512,0.1019975,0.2064514,0.05,0.2214575,0.210361,0.0873,0.1185741,0.1494891,0.0166,0.08777297,0.06117912,0.0197,0.08523484,0.08973795,0.0461
1.4,0.0307269,0.02903299,0.00969,0.01426739,0.01943861,0.0075,0.01636011,0.01851346,0.0064,0.01603842,0.02260928,0.0109,0.01296193,0.01391661,0.00263,0.02040861,0.01593359,0.00345,0.01226334,0.0042427,0.00165,0.5421744,0.2624735,0.124,0.0147637,0.02465128,0.00743,0.07227729,0.04254501,0.00613,0.0974297,0.2599329,0.069,0.05719857,0.09347649,0.0113,0.01391486,0.01615064,0.00476,0.01862984,0.0174636,0.00711,0.01975598,0.02013068,0.00666,0.0157693,0.01856523,0.00622,0.01435809,0.02058344,0.00873,0.01377735,0.02138244,0.0127,0.01357406,0.01878528,0.0126,0.01199288,0.01458016,0.0137,0.01273195,0.0135293,0.0135,0.01925431,0.01560716,0.0042,0.02803725,0.01432497,0.00579,0.01730768,0.02169344,0.00644,0.01535722,0.02031822,0.00814,0.02066877,0.02014652,0.0151,0.02096079,0.02226502,0.0146,0.01399038,0.01392539,0.0142,0.01093714,0.01367292,0.0161,0.0103388,0.01798792,0.0103,0.01997411,0.01217736,0.0102,0.03196586,0.0103233,0.00534,0.01442442,0.01463971,0.00744,0.00907687,0.01724712,0.00723,0.01452686,0.02215522,0.0135,0.01176892,0.01070942,0.00872,0.01415246,0.01623569,0.00801,0.01483617,0.01368195,0.00624,0.2516931,0.1963704,0.0523,0.08108819,0.1333917,0.0579,0.1606688,0.1808353,0.0695,0.09665035,0.1155086,0.0148,0.06014078,0.04831667,0.0153,0.0585705,0.08004879,0.04
1.5,0.02515784,0.02425291,0.00886,0.01194287,0.01723458,0.00648,0.01373987,0.01859212,0.00527,0.01339398,0.02145103,0.0102,0.01165419,0.01309875,0.00231,0.01746201,0.0110761,0.00428,0.01092029,0.00359348,0.0013,0.4316352,0.223898,0.109,0.01257064,0.01907042,0.0062,0.07118113,0.04064411,0.00656,0.1079763,0.2232679,0.0557,0.04112532,0.09100881,0.0105,0.01091812,0.01494616,0.00385,0.01225981,0.01327261,0.00622,0.01466083,0.01581826,0.00734,0.01051343,0.0148651,0.00592,0.01177897,0.01967423,0.00909,0.01132309,0.02146663,0.0103,0.01184346,0.0186372,0.00941,0.00967451,0.01240777,0.0106,0.01088508,0.01340289,0.00986,0.01700088,0.01296782,0.00488,0.02152524,0.00983179,0.00545,0.01795841,0.01726026,0.00643,0.01205704,0.01490632,0.00807,0.01437391,0.0153922,0.013,0.01718194,0.01997791,0.0114,0.01484621,0.01460048,0.0111,0.00998381,0.00945853,0.0164,0.00835979,0.01654735,0.00956,0.02046267,0.01062153,0.0104,0.02727498,0.01195273,0.0056,0.01303924,0.01340275,0.00705,0.00964711,0.01240895,0.00514,0.01347076,0.02456882,0.0118,0.01063321,0.0104623,0.00874,0.0122432,0.01290177,0.00617,0.01518846,0.00948849,0.00683,0.233691,0.1561528,0.0475,0.08063977,0.09052759,0.0617,0.1195312,0.1593601,0.0612,0.0766009,0.0923887,0.0138,0.04359747,0.03617099,0.0168,0.04565594,0.06540944,0.0345
1.6,0.02621872,0.02452817,0.00825,0.00973655,0.01313701,0.00634,0.0112723,0.01433763,0.00412,0.01075359,0.01342143,0.00756,0.00894527,0.01271952,0.00175,0.01359997,0.00874996,0.00523,0.01116302,0.00316162,0.00103,0.342196,0.2522171,0.113,0.01061813,0.01585522,0.00544,0.06616548,0.03822459,0.00529,0.1216829,0.1909761,0.047,0.03432798,0.08376569,0.00894,0.00680707,0.01129373,0.00297,0.00911158,0.01171603,0.0061,0.01255627,0.014208,0.00811,0.0076405,0.01326695,0.00624,0.00935033,0.01433373,0.00746,0.0096518,0.01243555,0.00871,0.01007507,0.01192357,0.00868,0.00950807,0.01202299,0.00735,0.01000337,0.01094878,0.00766,0.01269873,0.01233562,0.00367,0.01396384,0.00825027,0.00563,0.0119328,0.0123233,0.0074,0.01022256,0.0128297,0.00632,0.00985445,0.01367164,0.0104,0.01258086,0.01229128,0.00929,0.01419409,0.01333105,0.00864,0.00902477,0.01006162,0.0123,0.00734546,0.01172551,0.00678,0.01441081,0.01085304,0.00724,0.01829655,0.01386121,0.00604,0.01135563,0.01012254,0.00586,0.00826379,0.01088626,0.00388,0.01245517,0.02027211,0.00793,0.01053642,0.01148959,0.00783,0.01237903,0.01065502,0.00525,0.01320559,0.00711302,0.00652,0.1960723,0.1261254,0.0374,0.07348677,0.09225935,0.0552,0.1074925,0.1355671,0.055,0.05981543,0.07575887,0.0123,0.03113294,0.02756164,0.019,0.03757998,0.05337701,0.0295
1.7,0.02324409,0.02448228,0.00789,0.00840096,0.01253449,0.00628,0.01116791,0.01315123,0.00332,0.00943159,0.01258837,0.00632,0.00616025,0.01044946,0.00136,0.00923501,0.00721217,0.00507,0.01213968,0.00279085,0.000819,0.3167171,0.2881567,0.124,0.00803331,0.01359463,0.00488,0.06345254,0.03440103,0.00393,0.1183675,0.1656552,0.0408,0.0284801,0.07353096,0.0078,0.00606389,0.01122722,0.00304,0.00812035,0.01264409,0.00454,0.01083248,0.0138684,0.00613,0.00654848,0.01278424,0.0051,0.00742199,0.01319649,0.00568,0.00810675,0.01145694,0.00745,0.00929777,0.00930274,0.00751,0.009037,0.01070014,0.00543,0.01006277,0.00985975,0.0055,0.00834163,0.01180901,0.00303,0.00961792,0.00943849,0.00484,0.00835855,0.01091899,0.00483,0.00868401,0.00967897,0.00449,0.00881456,0.01333534,0.00758,0.01289407,0.01032072,0.00926,0.00983503,0.01073415,0.00678,0.00832418,0.00868934,0.008,0.00610062,0.00831991,0.00625,0.008657,0.0089771,0.00716,0.01253572,0.01421013,0.00503,0.01032207,0.00889769,0.00448,0.00699836,0.00942951,0.00439,0.01004016,0.01473605,0.00588,0.01083139,0.01071495,0.00691,0.01006822,0.01048541,0.00386,0.00956871,0.00668267,0.00589,0.161164,0.1034685,0.0274,0.0697971,0.1071948,0.0456,0.09117769,0.1143569,0.0477,0.04790344,0.06149258,0.0104,0.02367593,0.02070791,0.018,0.03064815,0.05246574,0.025
1.8,0.01786922,0.02419705,0.00816,0.00896374,0.01005691,0.00633,0.01162252,0.01096961,0.00278,0.00958037,0.01089744,0.00524,0.00573579,0.00734437,0.00107,0.00757381,0.00652472,0.00429,0.01293483,0.0024761,0.000653,0.3887397,0.2610823,0.128,0.00661687,0.01206788,0.00474,0.05998956,0.02949732,0.00403,0.1141448,0.1445993,0.036,0.02431718,0.06485273,0.00682,0.0064674,0.00846174,0.00364,0.00856374,0.01059021,0.00343,0.00930634,0.01139563,0.00462,0.00722361,0.00953453,0.00398,0.0070495,0.01006053,0.00456,0.00852469,0.00989496,0.00618,0.00933323,0.00760284,0.00698,0.00889383,0.00925878,0.00488,0.00893146,0.00800632,0.0048,0.00772248,0.01051325,0.00344,0.00800305,0.00995432,0.00427,0.00893196,0.00794672,0.00357,0.00774607,0.0084015,0.00322,0.0081856,0.01124088,0.00486,0.01179822,0.01008878,0.0101,0.00877026,0.00927936,0.00657,0.00782185,0.00833159,0.00623,0.0055539,0.00930106,0.0048,0.00651587,0.00611862,0.00818,0.00974026,0.01210921,0.00402,0.00733939,0.00773142,0.0039,0.00525699,0.00935658,0.00487,0.01110057,0.01434441,0.00659,0.01083027,0.00944725,0.00656,0.0084283,0.0089252,0.0043,0.00911492,0.00647939,0.00522,0.1364245,0.08388673,0.0265,0.05287844,0.1103087,0.0418,0.07980776,0.09207351,0.0401,0.04116903,0.04949005,0.00858,0.01972651,0.01682859,0.0142,0.02746874,0.04647318,0.0209
1.9,0.01621174,0.0220294,0.00793,0.01077027,0.00815063,0.0052,0.01361379,0.00815281,0.00259,0.01007223,0.00914783,0.00401,0.00639731,0.00573946,0.000832,0.00690255,0.00634221,0.00314,0.01314085,0.00219047,0.000559,0.4605507,0.2239658,0.116,0.00509846,0.0110524,0.00466,0.05478706,0.0266945,0.00403,0.10963,0.1260532,0.032,0.02109485,0.0577317,0.00621,0.00597144,0.00618722,0.00348,0.01012921,0.00761154,0.00265,0.00791399,0.00941276,0.00335,0.00817644,0.00686532,0.00303,0.0085575,0.00812617,0.00373,0.01060104,0.00772537,0.00487,0.01101403,0.00822919,0.00581,0.01068403,0.00722383,0.0046,0.01095505,0.00606494,0.00415,0.00712185,0.00755516,0.0035,0.00743612,0.00823779,0.00414,0.00962802,0.00650535,0.00377,0.00618246,0.00765194,0.00375,0.00696885,0.01024872,0.00526,0.00998891,0.00938354,0.00882,0.00763727,0.01011659,0.00665,0.00801002,0.00777584,0.00605,0.00549187,0.00990497,0.00544,0.00631978,0.00559969,0.00664,0.00858977,0.00850088,0.0036,0.006542,0.00739808,0.00408,0.00458984,0.00898359,0.00527,0.01362932,0.01408541,0.00668,0.00776476,0.00941525,0.00608,0.00752797,0.00811669,0.00466,0.00965205,0.00708218,0.00395,0.1100583,0.06791586,0.023,0.03478016,0.09840742,0.0425,0.07300948,0.08462173,0.033,0.03539636,0.0405102,0.00692,0.01711502,0.01559478,0.0106,0.02481697,0.03878754,0.024
2,0.01445055,0.01728595,0.00738,0.01066403,0.00774414,0.00341,0.01307326,0.00745845,0.00234,0.00983491,0.00850084,0.00262,0.00567139,0.00556603,0.00082,0.00542764,0.00609152,0.00233,0.01269051,0.00195735,0.000511,0.4235501,0.241209,0.0949,0.00473138,0.01035545,0.00463,0.04943001,0.0240231,0.00398,0.10257,0.1098192,0.0286,0.01824534,0.05033419,0.00575,0.00524679,0.00543139,0.00231,0.00955353,0.00617423,0.0025,0.00708322,0.00877208,0.00269,0.00802199,0.00639156,0.00253,0.00872197,0.00851514,0.00317,0.01106776,0.00701002,0.00346,0.01133224,0.00889696,0.00372,0.01022921,0.00693834,0.00379,0.01014476,0.00556635,0.00345,0.00642617,0.0053561,0.00271,0.00740083,0.00629623,0.003,0.00881052,0.00685669,0.00413,0.00510827,0.00763911,0.00368,0.00617418,0.01063894,0.00493,0.00937784,0.00870647,0.00645,0.00703304,0.00839835,0.00637,0.0078789,0.00760799,0.00616,0.0049118,0.00871373,0.00514,0.00514526,0.00583911,0.00443,0.00765335,0.00578167,0.00312,0.00567102,0.00717394,0.00415,0.00495267,0.00951307,0.00502,0.0131154,0.01101784,0.00712,0.00695338,0.00909833,0.00515,0.00717221,0.00836323,0.00459,0.00881593,0.00726071,0.00377,0.08595459,0.05568752,0.0186,0.04126199,0.07538057,0.0456,0.06726992,0.07290478,0.0275,0.03048557,0.03589294,0.00549,0.01507099,0.01455474,0.00838,0.02235999,0.03284031,0.0252
2.2,0.01009909,0.00888771,0.00589,0.00876267,0.00785687,0.00271,0.00983786,0.0091962,0.00227,0.00681928,0.00887596,0.00247,0.00404386,0.00487903,0.000644,0.0049832,0.00633614,0.00157,0.01197715,0.00158646,0.000429,0.2966391,0.1739906,0.0557,0.00507696,0.009366,0.00444,0.04284719,0.01971382,0.0037,0.07826164,0.08332238,0.0233,0.01987715,0.03748748,0.00524,0.00469357,0.00650029,0.00179,0.00705886,0.00682907,0.00208,0.00477903,0.00868984,0.00226,0.00711767,0.00770893,0.00244,0.00711962,0.00959808,0.00302,0.00861064,0.00907117,0.00242,0.00915035,0.011137,0.00259,0.00860084,0.00920678,0.00235,0.00716726,0.00715836,0.00252,0.00560455,0.00492972,0.00181,0.00654843,0.00629975,0.00222,0.00699048,0.00878874,0.00376,0.0043411,0.00880387,0.00382,0.00637858,0.01032009,0.00542,0.00751454,0.00694564,0.00474,0.00702181,0.00625615,0.00443,0.00675666,0.00616707,0.00385,0.00392634,0.00694002,0.0034,0.00416667,0.00485243,0.00281,0.00640197,0.00494358,0.00163,0.00454255,0.00909531,0.00394,0.00450983,0.0090556,0.00394,0.00971719,0.00798274,0.00493,0.00639033,0.00895534,0.0038,0.00621269,0.00563042,0.00289,0.00638729,0.00618586,0.00294,0.0516054,0.04203867,0.0146,0.03893711,0.04754242,0.051,0.05524699,0.05443924,0.0233,0.02278739,0.02815384,0.00444,0.0113774,0.01308039,0.00495,0.01805841,0.02615421,0.0241
2.4,0.00791792,0.00650398,0.00436,0.00751383,0.00686221,0.00234,0.00904439,0.00973273,0.00194,0.00600661,0.00738486,0.00256,0.00321019,0.00488697,0.000472,0.00367389,0.00527617,0.00174,0.01005292,0.00132619,0.000353,0.2740532,0.1618098,0.036,0.00445989,0.00841731,0.00401,0.03472208,0.0160259,0.00372,0.05483084,0.0731542,0.0189,0.02263718,0.0282509,0.00516,0.0039193,0.00655443,0.00179,0.00738967,0.00647969,0.00196,0.00432118,0.00709179,0.00231,0.00618282,0.00663397,0.00239,0.00654154,0.00771691,0.00286,0.0062561,0.00752205,0.00232,0.00598676,0.00821548,0.00253,0.00630975,0.00913863,0.00203,0.00643812,0.00685728,0.00197,0.00448977,0.00563051,0.00181,0.00540059,0.00632131,0.00165,0.00537068,0.00813427,0.00296,0.00425755,0.00666546,0.00263,0.00641336,0.00847754,0.00427,0.00559737,0.00626834,0.00408,0.00536355,0.00572855,0.00395,0.00540213,0.00636642,0.00297,0.00285803,0.00664701,0.00269,0.00341664,0.00355259,0.00234,0.00599742,0.00540909,0.00106,0.00521431,0.00760986,0.00284,0.00464981,0.00710344,0.00273,0.008724,0.00726195,0.00272,0.00633606,0.00728596,0.00257,0.00649897,0.00393207,0.00188,0.00360893,0.00455994,0.00237,0.03694855,0.03784329,0.011,0.03059355,0.03527797,0.048,0.04396295,0.04258706,0.0194,0.01726069,0.02220291,0.00382,0.00807994,0.01038019,0.00396,0.01458166,0.02154484,0.0228
2.5,0.00636285,0.00575518,0.00412,0.00657527,0.00653936,0.002,0.00840515,0.00914064,0.002,0.00572558,0.00673333,0.00192,0.00308061,0.005047,0.000439,0.00297498,0.00460454,0.00192,0.00878599,0.0012189,0.000326,0.218095,0.1468578,0.0381,0.00397881,0.00805289,0.00369,0.03049371,0.0144632,0.00379,0.04761057,0.0687627,0.017,0.02195955,0.02431821,0.00503,0.00341299,0.00720679,0.00176,0.00697099,0.00669902,0.00196,0.00400879,0.00711131,0.00213,0.00546459,0.00707786,0.00206,0.005837,0.00763872,0.00234,0.00582126,0.00707638,0.00186,0.00503563,0.00686137,0.00234,0.00543579,0.00669336,0.00186,0.00616693,0.00657508,0.00153,0.00394552,0.00573077,0.00182,0.00487752,0.00683196,0.00148,0.00504501,0.00828167,0.00248,0.00459641,0.00669043,0.00198,0.00566558,0.00706458,0.00348,0.00462566,0.00592794,0.00347,0.00506301,0.00528326,0.00307,0.00472184,0.00602418,0.00283,0.00227709,0.00615593,0.00226,0.00375519,0.00299706,0.00193,0.00647904,0.00502008,0.00109,0.00553653,0.00690441,0.00248,0.00480321,0.00590081,0.00222,0.00715827,0.00612009,0.00202,0.00569056,0.00613993,0.00207,0.00704176,0.00346929,0.00171,0.00314072,0.00427467,0.00225,0.03401471,0.03453503,0.00949,0.02551248,0.03824627,0.0408,0.04383672,0.03779265,0.0178,0.01511079,0.01979152,0.00351,0.00717847,0.00894411,0.00352,0.01313043,0.02097471,0.021
2.6,0.00570783,0.00494747,0.00351,0.00626456,0.00589611,0.0019,0.00755097,0.00843194,0.00212,0.00553334,0.00606324,0.00174,0.00276489,0.00477049,0.000404,0.00296654,0.00391507,0.00189,0.00739485,0.00112115,0.000298,0.213142,0.1082807,0.0401,0.00351846,0.00765992,0.00337,0.02664794,0.01418891,0.00378,0.04378143,0.0644812,0.0154,0.01960754,0.02100025,0.00488,0.00311042,0.00704098,0.00179,0.00675264,0.00661149,0.00186,0.00367202,0.00670133,0.00198,0.00483389,0.00703397,0.00183,0.00562718,0.0070854,0.002,0.0055109,0.00674516,0.00152,0.00489202,0.00674519,0.00202,0.00515809,0.00593685,0.00162,0.00600599,0.00597107,0.00122,0.00372234,0.00501703,0.00187,0.00519229,0.0065258,0.00131,0.0049434,0.00817162,0.00204,0.00454082,0.00610389,0.00158,0.00532536,0.00580845,0.00277,0.00420359,0.00521269,0.00279,0.00473622,0.00459211,0.00239,0.00468136,0.0047827,0.0024,0.00201186,0.00585881,0.00165,0.00369934,0.0028115,0.00156,0.00646531,0.00435543,0.00111,0.00569028,0.00569163,0.00238,0.00432931,0.00492639,0.0019,0.00548276,0.00513219,0.00168,0.00536726,0.0052865,0.00179,0.00642042,0.00290646,0.00155,0.00308486,0.00382688,0.00201,0.03131283,0.03111444,0.00881,0.02380856,0.04120123,0.0379,0.04168588,0.03470676,0.0162,0.01328629,0.01769264,0.00323,0.00675527,0.00767137,0.00335,0.01184718,0.02032666,0.0187
2.8,0.00467096,0.00399808,0.00284,0.00688921,0.00442395,0.00155,0.00769929,0.00585177,0.00212,0.00629237,0.00459152,0.00126,0.00260292,0.00366305,0.000337,0.00264145,0.003491,0.00133,0.00475891,0.00096475,0.00025,0.1914433,0.08640709,0.0412,0.00307148,0.00670019,0.00341,0.0231416,0.01373837,0.00366,0.0363339,0.05621298,0.0132,0.01880815,0.01899683,0.00437,0.00186484,0.00504892,0.00152,0.00656361,0.00520083,0.00152,0.00358962,0.00531932,0.00141,0.00487694,0.00592041,0.0014,0.00621979,0.00528408,0.00163,0.00594695,0.00495967,0.00117,0.00543807,0.005024,0.00144,0.00591394,0.00571073,0.0012,0.00598413,0.00445557,0.00109,0.00485897,0.00371108,0.00163,0.00694657,0.00494,0.00109,0.00558035,0.00649751,0.00129,0.00494417,0.00426289,0.00122,0.00435374,0.00395599,0.00228,0.00441728,0.00385737,0.00201,0.00452643,0.00357168,0.00169,0.00458671,0.00291805,0.0016,0.00155324,0.00562766,0.00131,0.00299749,0.00233554,0.00145,0.00585704,0.00336247,0.00099,0.00544236,0.00410851,0.00188,0.00348332,0.00337946,0.00209,0.00322808,0.0039817,0.00137,0.00420977,0.00344396,0.00128,0.00513876,0.00235717,0.00137,0.0029325,0.00322905,0.00144,0.02657669,0.02457471,0.0076,0.02704897,0.04223243,0.0306,0.03382801,0.03048621,0.0135,0.01041922,0.01427156,0.00274,0.00581447,0.00667791,0.00317,0.00971922,0.01833168,0.0158
3,0.00366684,0.00355382,0.00218,0.00700773,0.00341763,0.00143,0.00799677,0.00485557,0.00159,0.00665063,0.00336651,0.00153,0.00181545,0.00288072,0.000287,0.00218902,0.00374933,0.000965,0.00363696,0.00084208,0.000222,0.166804,0.08593378,0.0421,0.00260933,0.00561397,0.00336,0.02003697,0.01274293,0.00352,0.02961688,0.048358,0.011,0.01723532,0.01437227,0.00397,0.00142479,0.00425951,0.00113,0.00619629,0.00432182,0.00111,0.00314562,0.00410756,0.00124,0.00544336,0.0043594,0.00125,0.00669019,0.00359284,0.00126,0.00622468,0.00388193,0.00112,0.0058874,0.0036571,0.0012,0.00569304,0.00557779,0.00114,0.00585651,0.00380038,0.000969,0.0059287,0.00309586,0.0015,0.00779385,0.00354988,0.00081,0.00582261,0.00436247,0.000937,0.00456967,0.00285068,0.000909,0.0040637,0.0029826,0.00223,0.0050328,0.00285073,0.00198,0.00466284,0.00241089,0.00178,0.00398393,0.00245193,0.00159,0.00134626,0.00441063,0.00113,0.00279717,0.00271134,0.00122,0.00504847,0.00323434,0.000999,0.00546592,0.00337109,0.00134,0.00288517,0.00245154,0.00205,0.00263886,0.00310442,0.00117,0.00291736,0.00273137,0.000937,0.00352509,0.00199182,0.0011,0.00225721,0.00231007,0.00123,0.02263993,0.01874268,0.00659,0.03372229,0.04021887,0.0212,0.02658874,0.02500212,0.0113,0.00852053,0.01166351,0.00232,0.00489782,0.0056113,0.0028,0.00807022,0.01549295,0.0135
3.2,0.00306228,0.00324881,0.00181,0.00545409,0.00292049,0.00146,0.00669153,0.00395953,0.00151,0.00530145,0.00269446,0.00129,0.0016602,0.00258904,0.000234,0.00184286,0.00344216,0.00062,0.00282509,0.00073451,0.000193,0.1285216,0.07632487,0.0347,0.00226079,0.00524183,0.00313,0.0173986,0.01097934,0.0035,0.02392974,0.04140937,0.00937,0.01267106,0.01250817,0.00333,0.00120228,0.00338469,0.00096,0.00493065,0.003605,0.000747,0.00220628,0.00330328,0.00102,0.00529103,0.00299964,0.00128,0.00538565,0.00258643,0.000958,0.00512581,0.0034848,0.0011,0.00511468,0.00311442,0.00105,0.00501672,0.00520414,0.00139,0.00481871,0.00324387,0.000875,0.00483388,0.00297226,0.00128,0.00615893,0.00274392,0.000606,0.00469723,0.00284415,0.000971,0.00418405,0.0023841,0.000833,0.00383423,0.0023567,0.00171,0.00457891,0.00204764,0.00197,0.00458723,0.00200334,0.00167,0.00321347,0.00216153,0.00151,0.00115989,0.00383859,0.00092,0.00229674,0.00329827,0.000994,0.00426077,0.00326605,0.000965,0.00406437,0.00280434,0.0013,0.00245876,0.00205625,0.00146,0.00240065,0.002612,0.00109,0.00272668,0.00209374,0.000727,0.00227302,0.0019615,0.000983,0.0018674,0.00190489,0.000933,0.02066683,0.01738325,0.00575,0.0361736,0.03821866,0.0153,0.02536984,0.01988746,0.00943,0.00743272,0.00965995,0.00197,0.00465667,0.00466101,0.00232,0.00678756,0.01360257,0.0111
3.4,0.00256632,0.00294883,0.00155,0.00382105,0.00250643,0.0012,0.00487582,0.00369435,0.00113,0.00403918,0.00233408,0.001,0.00132863,0.00239906,0.000201,0.00181132,0.00293142,0.000483,0.00220153,0.00064742,0.000166,0.1095355,0.07123137,0.0287,0.00196275,0.00492218,0.0028,0.01489014,0.00940995,0.00325,0.01939065,0.03536178,0.00843,0.01076115,0.01246135,0.00279,0.00101473,0.00275981,0.000803,0.00357835,0.00289374,0.000598,0.00175604,0.00268909,0.000726,0.00475578,0.00203778,0.00113,0.00428222,0.00216243,0.000842,0.00376454,0.00287295,0.000899,0.00382757,0.00303806,0.00103,0.00382317,0.00515713,0.00119,0.00386404,0.00269533,0.000751,0.00327675,0.00297988,0.00111,0.0044083,0.00237824,0.000477,0.00368243,0.00221749,0.000745,0.00339651,0.00200207,0.000663,0.0030573,0.00203278,0.00144,0.00345348,0.00160988,0.0017,0.00352151,0.00179624,0.00159,0.00297761,0.00186781,0.00125,0.00098505,0.00369401,0.000661,0.00188501,0.0038117,0.000746,0.00359828,0.00330475,0.000776,0.00310903,0.0021546,0.00111,0.00216335,0.00186945,0.0012,0.00216779,0.00209925,0.000873,0.00243436,0.00160717,0.000598,0.00170934,0.00181318,0.000874,0.00135697,0.00171453,0.000753,0.01879877,0.01667289,0.00504,0.03971489,0.03605312,0.0103,0.0230833,0.01592444,0.0079,0.00651845,0.00810543,0.0017,0.00426734,0.00388862,0.00185,0.00578109,0.01244866,0.0088
3.5,0.00235515,0.00276172,0.00143,0.00321182,0.00230898,0.00116,0.00436853,0.00323388,0.000908,0.00352789,0.00218852,0.000857,0.00117561,0.00227865,0.000191,0.00174755,0.00292305,0.000423,0.00193254,0.00061154,0.000156,0.1022273,0.06604303,0.029,0.00203836,0.00475307,0.00262,0.0137103,0.00899223,0.00298,0.01750482,0.03269395,0.00799,0.01034555,0.01203838,0.00267,0.00100024,0.0024832,0.000714,0.00329808,0.0025052,0.000543,0.00161853,0.00240002,0.000624,0.00425614,0.00169795,0.00111,0.00378728,0.00207646,0.000804,0.00335814,0.00250129,0.000778,0.0034749,0.00273351,0.00111,0.00341593,0.00495437,0.00116,0.0035548,0.0023724,0.000702,0.00315694,0.00302692,0.00103,0.00404787,0.00230862,0.000441,0.00341207,0.00200649,0.000618,0.00298702,0.00183702,0.00057,0.00261476,0.00191017,0.00131,0.0028497,0.00155586,0.00154,0.00315032,0.00169478,0.00146,0.00294365,0.00180781,0.00115,0.00090228,0.00355364,0.00068,0.00183207,0.00363489,0.000722,0.00355993,0.00318378,0.000691,0.00283712,0.00204263,0.000906,0.00205368,0.00180154,0.00114,0.00205614,0.00191434,0.000762,0.00228968,0.00142118,0.00055,0.00149817,0.00165902,0.000797,0.00113993,0.0016563,0.000641,0.01780554,0.01618362,0.00473,0.04204506,0.03441838,0.00869,0.02176541,0.01480849,0.00724,0.00611633,0.00745972,0.00161,0.00404071,0.00356769,0.00165,0.00535959,0.01177248,0.00777
3.6,0.00216589,0.0025486,0.00132,0.00296677,0.00215354,0.00112,0.00415151,0.00272711,0.000767,0.00303869,0.00204106,0.00074,0.00108577,0.00212563,0.000181,0.00161745,0.00285644,0.000417,0.001785,0.00057929,0.000149,0.09578816,0.06820036,0.0285,0.00208862,0.00458092,0.00245,0.01262363,0.00851864,0.00275,0.01584736,0.03025621,0.00758,0.00989349,0.0114978,0.00255,0.00094092,0.00233911,0.000663,0.0031237,0.00220622,0.00049,0.00153285,0.00210894,0.000563,0.00386107,0.0015494,0.00102,0.00327174,0.002029,0.000775,0.00303837,0.0021277,0.000667,0.00322282,0.0022944,0.00114,0.00305723,0.00463379,0.00103,0.00340065,0.00202338,0.00066,0.00315178,0.0029568,0.000901,0.0039191,0.00218799,0.000397,0.00322184,0.00184747,0.000538,0.00261912,0.00168683,0.000489,0.00220579,0.00179369,0.00117,0.00260732,0.00149896,0.00153,0.00285612,0.00159777,0.0013,0.00293745,0.0017531,0.00108,0.00082336,0.0033509,0.000701,0.00190464,0.00308297,0.000666,0.00347398,0.00297777,0.000607,0.00266008,0.00189361,0.00075,0.0019852,0.00174246,0.00105,0.00194906,0.00177723,0.000699,0.00216402,0.00128938,0.000509,0.00139874,0.00147223,0.000712,0.00101749,0.0016104,0.000536,0.01679662,0.015628,0.00444,0.04259679,0.02960103,0.0073,0.02045114,0.01382047,0.0068,0.00574638,0.00688627,0.00153,0.00380453,0.00328576,0.0015,0.00498321,0.01105986,0.00683
3.8,0.00184443,0.00220989,0.00113,0.00284799,0.00182338,0.000899,0.00425368,0.00235358,0.000562,0.00227645,0.00172582,0.000619,0.00092756,0.00173219,0.000163,0.00197001,0.0023783,0.0004,0.00175554,0.00052128,0.000136,0.08322097,0.06588227,0.0262,0.00210305,0.00423437,0.00211,0.01092943,0.00750146,0.00253,0.01312069,0.02602108,0.00681,0.00896528,0.01027298,0.00228,0.0007339,0.00202639,0.000559,0.00287946,0.00173447,0.000385,0.00137105,0.00154729,0.000513,0.00331234,0.00141319,0.000873,0.00246206,0.00196419,0.000667,0.00263399,0.00154816,0.000518,0.0028546,0.00181214,0.00111,0.00255557,0.00430152,0.000862,0.00336391,0.0016102,0.000572,0.00314619,0.00250553,0.000706,0.00384273,0.00182252,0.000322,0.00289837,0.0016415,0.000455,0.0023335,0.00161669,0.000385,0.00208969,0.00158089,0.000952,0.00220748,0.00138094,0.0014,0.00254204,0.00141638,0.000987,0.00273822,0.00154248,0.000967,0.00067969,0.00280312,0.000746,0.0022343,0.00269465,0.000638,0.00320883,0.00240214,0.000482,0.00268409,0.00153154,0.00067,0.00184171,0.00162865,0.00097,0.00174957,0.00159683,0.000647,0.00189403,0.00106858,0.000443,0.00139115,0.00118362,0.000649,0.00104805,0.00143032,0.000402,0.0147905,0.01437835,0.00394,0.04062619,0.02049424,0.00626,0.01802682,0.01215225,0.00637,0.00509288,0.00591847,0.00138,0.00333418,0.00285325,0.00131,0.0043433,0.00959598,0.006
4,0.00158625,0.00188861,0.000966,0.00300951,0.00148754,0.000639,0.0038709,0.00259247,0.000449,0.00186314,0.00139898,0.00059,0.0008033,0.00131835,0.000147,0.00205436,0.00194212,0.000379,0.00171447,0.00046867,0.000123,0.07153141,0.05160488,0.0225,0.00200502,0.00389366,0.00182,0.00973418,0.00644212,0.00242,0.01102473,0.02253652,0.00612,0.00804919,0.00900789,0.002,0.00072105,0.00160801,0.00059,0.00287097,0.00147664,0.000329,0.00122271,0.00128139,0.000472,0.00285176,0.0012672,0.000689,0.00203481,0.00186824,0.000536,0.00235638,0.00130157,0.000464,0.00257928,0.00177453,0.000977,0.00243501,0.0039565,0.000698,0.00327327,0.00152457,0.000468,0.00278001,0.00198615,0.000579,0.00352605,0.00140255,0.000266,0.00252731,0.00151222,0.000446,0.00219489,0.00151698,0.000339,0.00190459,0.00139544,0.000902,0.00185345,0.00126312,0.00118,0.00224214,0.00137189,0.00075,0.00260198,0.00156764,0.000827,0.00066486,0.00219811,0.000787,0.00246049,0.00189828,0.000557,0.0031757,0.00177238,0.000404,0.00265545,0.00149018,0.000588,0.00184142,0.00150592,0.000921,0.00156981,0.00145642,0.000575,0.00173687,0.00098317,0.000401,0.00132647,0.00117838,0.00058,0.00105093,0.00116663,0.000308,0.01288817,0.01303564,0.00351,0.03710352,0.01608317,0.00591,0.01561226,0.01079955,0.00575,0.00453579,0.00525586,0.00125,0.0028967,0.00250768,0.00112,0.00382383,0.00818808,0.00531
4.2,0.00137792,0.00157127,0.000831,0.00289112,0.00123335,0.000491,0.0033748,0.00244277,0.000471,0.00166738,0.00114677,0.000608,0.00074264,0.00125972,0.000133,0.00178216,0.00163866,0.000369,0.00158774,0.00042186,0.000109,0.06102555,0.04595156,0.0186,0.00187723,0.00356647,0.00156,0.00907344,0.00559971,0.00214,0.00940271,0.01968047,0.00551,0.00718028,0.00781766,0.00173,0.00067443,0.00160239,0.00057,0.00266908,0.00147047,0.000305,0.00108865,0.00118235,0.000414,0.00255106,0.00112435,0.0005,0.00178864,0.00171797,0.000408,0.00226392,0.00113928,0.000452,0.00259536,0.00151215,0.000801,0.00226616,0.00369266,0.000554,0.00289098,0.00132025,0.000441,0.00253382,0.00191729,0.000501,0.00364121,0.00113033,0.000221,0.00208894,0.00139762,0.000425,0.00203168,0.00134712,0.00032,0.00176925,0.00123639,0.000833,0.00159703,0.00115154,0.000955,0.00206402,0.00151805,0.000611,0.00253644,0.00142943,0.000659,0.00061599,0.00168425,0.000702,0.00265352,0.00155871,0.00053,0.00338732,0.00153732,0.000395,0.00236999,0.00152224,0.000509,0.00176708,0.00137036,0.000832,0.00140976,0.00129683,0.00051,0.0014932,0.00092785,0.000365,0.00117451,0.00108688,0.000536,0.00099633,0.00093109,0.000275,0.01114916,0.01168475,0.00314,0.03432375,0.01429043,0.00465,0.01334912,0.00968122,0.00535,0.00405963,0.00475764,0.00114,0.00251205,0.00222553,0.000957,0.00339703,0.00739001,0.00468
4.4,0.00120863,0.00129005,0.00072,0.00279822,0.00109722,0.000437,0.00320629,0.00229489,0.000502,0.0015532,0.00100027,0.000611,0.00068726,0.00113055,0.000121,0.00135968,0.00143305,0.000366,0.00138913,0.0003821,9.72E-05,0.05180557,0.03679148,0.0169,0.00188238,0.00325825,0.00134,0.00841411,0.00480483,0.00178,0.00813349,0.01732635,0.00497,0.00638234,0.00673668,0.00146,0.00063063,0.00153912,0.000478,0.002399,0.00140478,0.000282,0.00096907,0.00117962,0.000358,0.00223037,0.00098946,0.000429,0.0016161,0.00152739,0.000346,0.00237933,0.00120239,0.000439,0.00258158,0.00120728,0.000622,0.00220594,0.0036763,0.000427,0.00283979,0.00112549,0.000438,0.00234273,0.00180991,0.000432,0.00342484,0.00094088,0.000201,0.00197374,0.0012701,0.000391,0.00177482,0.00132816,0.000308,0.00159901,0.00110031,0.00072,0.00142165,0.00104854,0.000769,0.00192453,0.00139552,0.000525,0.00223844,0.00117912,0.000513,0.00054595,0.00133261,0.000548,0.00236858,0.00140289,0.000538,0.00295965,0.00132909,0.00038,0.00197903,0.0014155,0.000437,0.00161125,0.00122654,0.000793,0.00126829,0.00110726,0.000459,0.00144729,0.00088607,0.000335,0.000971,0.00094948,0.000481,0.00089856,0.00087376,0.000244,0.00960579,0.01038596,0.00283,0.03050437,0.01508286,0.00447,0.01131301,0.00874003,0.00482,0.00365031,0.00432393,0.00104,0.00218576,0.00200783,0.00082,0.00304223,0.00657427,0.00412
4.6,0.00107626,0.00107544,0.000629,0.00261075,0.00096094,0.000401,0.00302349,0.00205525,0.000492,0.00145804,0.00087509,0.000583,0.00063667,0.00101894,0.00011,0.00101779,0.00132288,0.000356,0.00119018,0.00034922,8.89E-05,0.04384802,0.02685588,0.0151,0.0018476,0.00297387,0.00116,0.00777233,0.00408232,0.00152,0.00712711,0.01537314,0.00449,0.00566389,0.00577,0.00123,0.00057759,0.00141644,0.000387,0.00221861,0.00127737,0.000259,0.00086354,0.00112534,0.000322,0.00187174,0.00086485,0.000406,0.00147116,0.00131963,0.000312,0.00237967,0.00130444,0.000407,0.00245242,0.00097085,0.000606,0.00219496,0.00348777,0.000361,0.00260118,0.00095328,0.000392,0.00221233,0.00156873,0.000351,0.00324011,0.00075656,0.000182,0.00178769,0.00112391,0.00035,0.00154033,0.00131205,0.000288,0.00139271,0.00103537,0.000595,0.00127429,0.0009545,0.000638,0.00179615,0.00114331,0.00048,0.00199525,0.00095607,0.000436,0.00046903,0.00113677,0.000411,0.0018498,0.00122922,0.000529,0.00243984,0.00109333,0.000342,0.00166113,0.00130514,0.00039,0.00139189,0.00108367,0.000628,0.00114376,0.00102297,0.000421,0.00128441,0.00085459,0.000307,0.00080581,0.00080073,0.00042,0.00078044,0.00081001,0.000215,0.00862756,0.00917763,0.00256,0.02709772,0.01241098,0.00443,0.00996097,0.00793656,0.00433,0.00329655,0.00394476,0.000959,0.00191493,0.00185136,0.000715,0.00274402,0.00578061,0.00365
4.8,0.0009748,0.00099853,0.000553,0.00261303,0.00085661,0.000374,0.00279091,0.0018127,0.000439,0.00134808,0.00076306,0.000595,0.00059772,0.00090015,9.99E-05,0.00087852,0.00125496,0.00033,0.00116719,0.00032178,8.01E-05,0.03753939,0.02544513,0.0143,0.0017805,0.00271345,0.00101,0.00716009,0.00371205,0.00135,0.00631785,0.01374114,0.0041,0.00502507,0.00492704,0.00102,0.00050727,0.00132469,0.000321,0.00193292,0.0011144,0.000238,0.0007711,0.00103296,0.000302,0.00167259,0.00075275,0.000382,0.00139691,0.00111458,0.000282,0.00223934,0.00142277,0.000358,0.00222436,0.0008833,0.000565,0.00206494,0.0030177,0.000306,0.00220575,0.00089135,0.000332,0.00190722,0.00139763,0.000276,0.0030896,0.00067893,0.00018,0.00182093,0.00100473,0.000307,0.00139387,0.00125171,0.000257,0.00116553,0.00101587,0.000475,0.00118238,0.00090506,0.000559,0.00177596,0.00093694,0.000449,0.00178011,0.00081491,0.000365,0.00039553,0.00104687,0.000347,0.00159092,0.00110943,0.000481,0.0022755,0.00086965,0.000283,0.00140827,0.00121195,0.000382,0.00120563,0.00094741,0.000641,0.00103433,0.00102221,0.00039,0.00108616,0.00082698,0.00028,0.00069557,0.00068848,0.000357,0.00068797,0.00074346,0.000205,0.00821342,0.0080777,0.00233,0.02501858,0.00916684,0.00415,0.0089731,0.00724254,0.00401,0.00298939,0.00361184,0.000884,0.00176499,0.00170732,0.000672,0.00249076,0.00543581,0.00325
5,0.00088668,0.00090752,0.00049,0.00239073,0.00075873,0.000386,0.0024477,0.00169083,0.000363,0.00121563,0.00065739,0.000563,0.00057383,0.00078615,9.13E-05,0.00079742,0.0011397,0.000291,0.0011159,0.00029804,7.45E-05,0.03224577,0.02297781,0.0134,0.0016881,0.00247426,0.000879,0.00658517,0.00355667,0.00119,0.00565785,0.0123666,0.00375,0.00446164,0.00420892,0.000871,0.000433,0.00122528,0.000274,0.00160846,0.00105596,0.000218,0.00069054,0.00091813,0.000287,0.00156094,0.00070896,0.000356,0.00130156,0.00092674,0.000256,0.00198313,0.00147365,0.000301,0.00193543,0.00081107,0.000514,0.00184181,0.00246684,0.000298,0.00174832,0.00087436,0.000285,0.00168464,0.00131498,0.000256,0.00275186,0.00066243,0.000177,0.00182091,0.00098324,0.000266,0.00138215,0.00106674,0.00022,0.0009595,0.00096396,0.000388,0.00108828,0.00079725,0.000515,0.00165695,0.00085534,0.000422,0.00157039,0.00075347,0.000348,0.00034869,0.00100763,0.000297,0.00127593,0.00106912,0.000407,0.00214148,0.00067934,0.000257,0.00118128,0.00111019,0.000359,0.00113792,0.00082277,0.000593,0.00097059,0.00097385,0.000361,0.0008709,0.00079361,0.000256,0.000676,0.00059509,0.0003,0.00065438,0.00067752,0.000196,0.0077969,0.00709349,0.00212,0.02261304,0.00714679,0.00372,0.0081038,0.00663724,0.0037,0.00272146,0.00331867,0.000817,0.00163732,0.00157545,0.000636,0.00227373,0.00510856,0.00289
5.5,0.00071157,0.00072239,0.000374,0.00193909,0.00056831,0.000427,0.00186092,0.00151725,0.000254,0.00101534,0.00052392,0.000419,0.0004679,0.00055978,7.79E-05,0.00055421,0.00073493,0.000207,0.00094408,0.00024749,6.42E-05,0.02411424,0.01600903,0.00963,0.00139022,0.00203091,0.000652,0.00534548,0.00309081,0.000964,0.00445346,0.00975254,0.00302,0.00333989,0.00290899,0.000721,0.00043338,0.00078413,0.000188,0.00101786,0.00086637,0.000182,0.00058249,0.00080354,0.000231,0.00115221,0.00065332,0.000295,0.00098148,0.00071456,0.000202,0.00174541,0.00114895,0.000264,0.00140748,0.0007025,0.000381,0.00128057,0.00145216,0.000304,0.00129883,0.00086405,0.000208,0.0011064,0.00106689,0.000231,0.00194814,0.00058104,0.00016,0.00159071,0.00089668,0.000197,0.00137493,0.00084343,0.000171,0.0007758,0.00074178,0.000405,0.00080732,0.00063675,0.000468,0.00110854,0.00063188,0.000353,0.00111375,0.00071623,0.000325,0.0002977,0.00091211,0.000202,0.00095455,0.00091534,0.000254,0.0015915,0.00067693,0.00023,0.0008731,0.00072825,0.000271,0.00088471,0.00057525,0.000397,0.00082981,0.00082419,0.000297,0.00080662,0.00064777,0.000202,0.00056838,0.00040536,0.000186,0.00054203,0.00052958,0.000168,0.00678831,0.00521729,0.00171,0.01769883,0.00548805,0.00288,0.00635212,0.00543883,0.00301,0.00218642,0.00272241,0.00068,0.00134661,0.00129574,0.000557,0.00184811,0.00432866,0.00232
6,0.00058329,0.000652,0.000297,0.00180162,0.00046254,0.00036,0.00147899,0.00093391,0.000214,0.00088585,0.00042518,0.00038,0.00038603,0.00041987,6.79E-05,0.00042438,0.00051154,0.000164,0.00080252,0.0002056,5.24E-05,0.01934586,0.01107654,0.00621,0.00107164,0.00169125,0.000534,0.00435735,0.00262479,0.000784,0.00364626,0.00792804,0.00248,0.00254136,0.0023304,0.000623,0.00035434,0.00072476,0.000144,0.00077238,0.00082355,0.000174,0.00050598,0.00078158,0.000163,0.00080347,0.00056552,0.000311,0.00083628,0.00060305,0.000184,0.00155756,0.00091381,0.000196,0.00119822,0.00058624,0.000281,0.00109555,0.00111455,0.000259,0.00093989,0.00061968,0.00019,0.00084001,0.00077403,0.000213,0.00125327,0.00050822,0.00013,0.00123314,0.00079174,0.000149,0.00117277,0.00064039,0.000145,0.00055361,0.00053605,0.000376,0.0005732,0.00051911,0.00042,0.00083814,0.00046438,0.000283,0.00070058,0.00057312,0.000268,0.00023619,0.00072216,0.000171,0.00065644,0.00080778,0.000217,0.00110123,0.00053909,0.000178,0.00059043,0.00063973,0.000283,0.00063488,0.0005143,0.000308,0.00072489,0.00064185,0.000243,0.00068695,0.00044504,0.000169,0.00048692,0.00031641,0.000152,0.00043611,0.00041536,0.000134,0.00587026,0.00434775,0.00141,0.01421367,0.0055557,0.00242,0.00506258,0.00450295,0.00246,0.00179178,0.00227172,0.000574,0.00110681,0.00107779,0.000482,0.0015382,0.00364604,0.00191
6.5,0.00048683,0.00054747,0.000243,0.00139354,0.00038432,0.000255,0.00104312,0.00076844,0.000193,0.00072498,0.00034334,0.000333,0.00032842,0.0003387,5.84E-05,0.00035368,0.00036991,0.000116,0.00070271,0.00017263,4.55E-05,0.01628584,0.00843891,0.0058,0.00080814,0.00140644,0.000507,0.00358635,0.0022145,0.000651,0.00306859,0.00659765,0.00205,0.00199449,0.00200625,0.000542,0.00024383,0.0005619,0.000135,0.0005698,0.00067672,0.000183,0.00044064,0.00067035,0.000127,0.00070549,0.00046813,0.000271,0.00072237,0.0005139,0.000164,0.00121932,0.00079171,0.000136,0.00094612,0.00045228,0.000215,0.00091586,0.00087405,0.000189,0.0005894,0.00050014,0.000169,0.00064953,0.00055587,0.000171,0.00092183,0.00046212,0.000107,0.00091504,0.00070263,0.000123,0.00090544,0.00053209,0.000124,0.00043319,0.00047085,0.000356,0.00049204,0.00042968,0.000354,0.00066184,0.0003568,0.000226,0.0005576,0.00038101,0.000208,0.00019678,0.00063645,0.00015,0.00053218,0.00079108,0.000209,0.00073155,0.00048614,0.000168,0.00049602,0.00055034,0.000255,0.00044885,0.00046429,0.000243,0.00058064,0.00048334,0.000202,0.0005613,0.00032625,0.000144,0.00039344,0.00027237,0.000151,0.00035627,0.00033223,0.00011,0.00507071,0.00351281,0.00118,0.01223662,0.00470306,0.00225,0.00409999,0.00379681,0.00201,0.00149356,0.00192357,0.000491,0.00091677,0.00090815,0.000411,0.00130397,0.00307351,0.00159
7,0.00041258,0.00047092,0.000204,0.00105466,0.00032492,0.000185,0.00077305,0.0008844,0.000157,0.00057357,0.00027997,0.000284,0.00028198,0.00029366,4.99E-05,0.00027484,0.00029449,8.18E-05,0.00062164,0.00014783,3.99E-05,0.01299465,0.00709329,0.00533,0.00069681,0.00117068,0.000453,0.00298802,0.00187141,0.00054,0.00263322,0.00559238,0.00172,0.00168618,0.00174759,0.000476,0.00020353,0.00049797,0.000127,0.00042873,0.00058953,0.000138,0.00038502,0.00053498,0.000111,0.00057532,0.00037889,0.000211,0.00059552,0.00044196,0.000135,0.00087572,0.00065731,0.000126,0.00072463,0.00047273,0.000174,0.00070626,0.00065879,0.000148,0.0005149,0.00041219,0.000141,0.00050398,0.00055911,0.000149,0.00072726,0.00039094,8.75E-05,0.00067586,0.00055891,0.000101,0.00065723,0.00045931,0.000107,0.00037048,0.00041332,0.000307,0.00040578,0.00036079,0.000287,0.00055847,0.00031634,0.000201,0.00048744,0.00038149,0.000168,0.00017257,0.00060246,0.000123,0.00045459,0.00066425,0.000177,0.00058616,0.00040054,0.000126,0.00041851,0.00051193,0.000183,0.00035647,0.00035175,0.000193,0.00051858,0.00041119,0.000172,0.0004454,0.00028817,0.000123,0.00031173,0.00024297,0.000141,0.0002995,0.00027248,9.50E-05,0.00438979,0.00280419,0.001,0.01047868,0.00385045,0.00178,0.00337077,0.00324111,0.00166,0.00126336,0.00164942,0.000425,0.00076823,0.00077501,0.000348,0.00112165,0.00260176,0.00135
7.5,0.00035424,0.00042431,0.000174,0.00089402,0.00027874,0.000158,0.00064881,0.00084506,0.000119,0.00044897,0.00024738,0.000236,0.00024427,0.00025683,4.27E-05,0.00020801,0.00024113,6.89E-05,0.00054734,0.00012908,3.41E-05,0.01119658,0.0064614,0.00458,0.0006149,0.00097775,0.000376,0.00252182,0.00159178,0.00045,0.00229192,0.00481101,0.00146,0.00144065,0.00153579,0.000421,0.00020725,0.00043756,0.000108,0.0003789,0.00048113,0.000108,0.00033779,0.00040709,0.000107,0.00045164,0.0003185,0.000155,0.00048056,0.00038336,0.000108,0.00064022,0.00050476,0.000124,0.00055413,0.00043661,0.000145,0.00052168,0.00058664,0.000129,0.00046254,0.0003181,0.000115,0.00041988,0.00051177,0.000126,0.00060507,0.00033089,7.17E-05,0.00051205,0.00043881,8.28E-05,0.00047136,0.00041484,9.38E-05,0.00030789,0.00036092,0.000252,0.00034676,0.00031393,0.00023,0.00049365,0.00030071,0.000176,0.00042547,0.00034315,0.000146,0.00015174,0.0005392,0.0001,0.00039064,0.00060311,0.00014,0.00051112,0.00031339,0.000102,0.00035518,0.00046403,0.000141,0.00028837,0.00030186,0.000151,0.00045456,0.00035673,0.000149,0.0004695,0.00024916,0.000106,0.00027061,0.00023006,0.000119,0.00025834,0.000229,8.20E-05,0.00381557,0.00235551,0.000864,0.00879868,0.003084,0.00133,0.0028095,0.00279661,0.00142,0.00108228,0.00142988,0.000371,0.00065327,0.00066917,0.000295,0.00097636,0.00221564,0.00116
8,0.00030756,0.00037471,0.000151,0.00079308,0.00024206,0.000137,0.00058115,0.00073097,0.000103,0.00035379,0.0002274,0.000192,0.00021336,0.00022754,3.67E-05,0.00017071,0.00020248,6.53E-05,0.0004785,0.00011434,2.88E-05,0.00968572,0.00562275,0.00379,0.00053379,0.00081897,0.000302,0.00215527,0.00136577,0.000378,0.00201642,0.00418876,0.00125,0.00124271,0.00135937,0.000375,0.00020468,0.00037733,8.22E-05,0.00033517,0.00040981,9.60E-05,0.00029773,0.00030235,0.000101,0.00038369,0.00027976,0.000113,0.00038619,0.00033522,9.07E-05,0.00053897,0.00043248,0.000116,0.00043014,0.00037828,0.000125,0.0003786,0.0005021,0.00011,0.0004138,0.00028542,9.34E-05,0.00038137,0.00044019,0.00011,0.00050127,0.00026893,6.08E-05,0.00040435,0.000399,6.82E-05,0.00041518,0.00034998,8.25E-05,0.00025327,0.00031381,0.000217,0.000301,0.00026415,0.000187,0.00043982,0.00026123,0.000153,0.00037182,0.00029139,0.000134,0.00013391,0.00046543,8.48E-05,0.00033791,0.0005648,0.000135,0.00044784,0.00026901,0.000104,0.00030384,0.00040794,0.000108,0.0002523,0.00026887,0.000133,0.00039089,0.00031215,0.000132,0.00045604,0.00020957,9.17E-05,0.00023633,0.00021499,9.60E-05,0.00022693,0.00019656,7.08E-05,0.00333326,0.00210234,0.000752,0.00731477,0.00226635,0.00101,0.00245569,0.00243607,0.00125,0.00093743,0.00125141,0.000327,0.00058444,0.00058786,0.00025,0.00085835,0.00189978,0.001
8.5,0.00026963,0.00032631,0.000133,0.00074011,0.00021242,0.000118,0.00051791,0.00068721,9.62E-05,0.00028391,0.00020423,0.000154,0.00018777,0.00020443,3.17E-05,0.00015263,0.00017404,5.80E-05,0.00041698,0.00010222,2.51E-05,0.00842123,0.00502346,0.00308,0.00046434,0.00068603,0.000283,0.00186368,0.00118296,0.000319,0.00178916,0.00368374,0.00108,0.00108132,0.00121065,0.000335,0.0001955,0.00033968,6.48E-05,0.00029724,0.00036426,8.32E-05,0.00026369,0.00026079,9.03E-05,0.0003533,0.00024724,8.57E-05,0.00031296,0.00029533,8.03E-05,0.00049363,0.0003838,0.000103,0.00034213,0.00032071,0.000109,0.00030173,0.00041602,9.20E-05,0.00036979,0.00027735,7.96E-05,0.00033216,0.00036428,9.50E-05,0.00043489,0.00023244,5.05E-05,0.00033336,0.00036105,5.98E-05,0.00035765,0.00030867,7.30E-05,0.00021627,0.0002723,0.00018,0.00026295,0.00022971,0.000156,0.00038208,0.00021563,0.000132,0.00032591,0.00024289,0.000125,0.00011867,0.00039421,7.48E-05,0.00029427,0.0004503,0.000121,0.00039437,0.0002542,9.94E-05,0.0002622,0.00035858,8.62E-05,0.00022346,0.00023997,0.000136,0.00033341,0.00027526,0.000118,0.00041559,0.00018594,8.01E-05,0.00020767,0.00019805,7.54E-05,0.00020168,0.00017165,6.13E-05,0.00292805,0.00188735,0.00066,0.00605244,0.00174749,0.000814,0.00216418,0.00213993,0.00112,0.00081984,0.00110442,0.00029,0.00052593,0.00052102,0.000214,0.00076099,0.0016458,0.000876
9,0.00023838,0.00028185,0.000118,0.00064592,0.00018807,0.000103,0.000447,0.0005638,8.42E-05,0.00023709,0.00018212,0.000122,0.00016639,0.00018397,2.77E-05,0.00013961,0.00015348,5.13E-05,0.00036396,9.19E-05,2.32E-05,0.00736234,0.00445805,0.00249,0.00042179,0.00059694,0.000265,0.00162877,0.00103423,0.000271,0.00159863,0.00326736,0.000942,0.00094837,0.00108413,0.000302,0.00018167,0.00030661,5.44E-05,0.00026453,0.000324,7.10E-05,0.0002347,0.00023608,7.81E-05,0.00031221,0.00021974,7.21E-05,0.00025772,0.00026195,7.15E-05,0.00044466,0.00034114,8.92E-05,0.00027979,0.00027298,9.63E-05,0.00027438,0.00036065,7.74E-05,0.00033069,0.00026069,7.15E-05,0.00028184,0.0002979,8.15E-05,0.0003853,0.00021375,4.37E-05,0.000285,0.000326,5.50E-05,0.00030936,0.00027396,6.51E-05,0.00019439,0.00023635,0.000154,0.00023116,0.00020159,0.000133,0.00032758,0.0001745,0.000114,0.00028678,0.0002044,0.000116,0.00010565,0.00033157,6.78E-05,0.00025798,0.00041243,0.000103,0.00034913,0.00023431,8.90E-05,0.00022825,0.00029967,7.42E-05,0.00019902,0.00021478,0.000129,0.00028385,0.00024444,0.000106,0.00036174,0.00016673,7.05E-05,0.00018358,0.00018042,6.49E-05,0.00018059,0.00015191,5.33E-05,0.00258667,0.00170321,0.000584,0.00499871,0.00141168,0.000699,0.00191293,0.00189398,0.000998,0.00072312,0.00098194,0.000259,0.00047539,0.00046477,0.00019,0.00067958,0.00143539,0.000773
9.5,0.00021232,0.00024258,0.000106,0.0005417,0.0001678,9.08E-05,0.00037343,0.00040278,7.10E-05,0.00021127,0.00016267,9.75E-05,0.0001484,0.00016566,2.43E-05,0.0001267,0.00013829,4.98E-05,0.00031943,8.29E-05,2.14E-05,0.0064736,0.00393537,0.0021,0.0003711,0.00051456,0.000248,0.00143707,0.00091224,0.000232,0.00143687,0.00291945,0.000828,0.00083778,0.00097568,0.000273,0.00016538,0.0002619,5.18E-05,0.00023635,0.00028874,6.33E-05,0.00020992,0.00021346,6.60E-05,0.00026917,0.00019634,6.50E-05,0.00021964,0.00023378,6.40E-05,0.00039338,0.00029828,7.58E-05,0.00023511,0.00023581,8.55E-05,0.00024792,0.00033185,7.15E-05,0.0002963,0.00023943,6.41E-05,0.00024235,0.0002915,6.99E-05,0.0003429,0.00019369,3.83E-05,0.00025027,0.00029427,4.88E-05,0.0002655,0.0002446,5.83E-05,0.00017533,0.00020562,0.000136,0.00020524,0.00017837,0.000117,0.00027912,0.00014745,9.96E-05,0.00025348,0.00017634,0.000107,9.45E-05,0.00027941,6.22E-05,0.00022761,0.00036633,8.50E-05,0.00031073,0.00021238,7.65E-05,0.00020036,0.00024763,6.46E-05,0.0001782,0.00019285,0.000116,0.00024216,0.00021845,9.56E-05,0.00030628,0.00015003,6.25E-05,0.00016323,0.00016314,5.91E-05,0.00016252,0.00013585,4.66E-05,0.00229804,0.00154432,0.00052,0.00413149,0.00126315,0.000624,0.00169702,0.00168767,0.000899,0.00064262,0.0008788,0.000233,0.00043129,0.00041702,0.000173,0.00061076,0.00125969,0.000687
10,0.00019036,0.00020879,9.52E-05,0.00046946,0.00015073,8.02E-05,0.00030521,0.00032635,5.85E-05,0.00018746,0.00014601,7.94E-05,0.00013312,0.0001493,2.15E-05,0.0001143,0.00012652,4.76E-05,0.0002824,7.51E-05,1.96E-05,0.00572402,0.00346586,0.00185,0.00031852,0.00044136,0.000229,0.0012787,0.00081122,0.000199,0.00129818,0.00262543,0.000733,0.00074498,0.00088214,0.000248,0.00014841,0.00023304,5.04E-05,0.00021205,0.00025803,5.83E-05,0.00018865,0.00019302,5.54E-05,0.00022926,0.00017631,5.87E-05,0.00019831,0.00020983,5.76E-05,0.00034351,0.00025838,6.40E-05,0.00020244,0.00020716,7.63E-05,0.00022094,0.00030261,6.67E-05,0.00026621,0.00021668,5.75E-05,0.00021752,0.00027602,6.01E-05,0.00030653,0.00017393,3.63E-05,0.00022372,0.0002658,4.42E-05,0.00022682,0.00021959,5.25E-05,0.00015871,0.00018608,0.00012,0.0001819,0.00015896,0.000105,0.00023747,0.0001274,8.74E-05,0.00022509,0.00015657,9.78E-05,8.49E-05,0.00023728,5.72E-05,0.00020203,0.00032417,6.99E-05,0.00027799,0.00019038,6.42E-05,0.00018011,0.00022197,5.81E-05,0.00016035,0.00017376,0.000102,0.00020757,0.00019635,8.65E-05,0.00025553,0.00013549,5.59E-05,0.00014593,0.00014691,5.52E-05,0.00014683,0.00012249,4.10E-05,0.00205256,0.00140634,0.000467,0.00348795,0.00105979,0.000568,0.00151174,0.00151305,0.000813,0.00057491,0.00079114,0.00021,0.00039258,0.00037618,0.000158,0.00055199,0.00111212,0.000614
11,0.00015615,0.0001605,7.87E-05,0.00035114,0.00012371,6.35E-05,0.00020805,0.000261,4.08E-05,0.00014752,0.00011943,6.44E-05,0.00010881,0.00012185,1.73E-05,9.77E-05,0.00010844,4.19E-05,0.00022609,6.21E-05,1.62E-05,0.00454822,0.00269789,0.00146,0.00022681,0.00032772,0.000191,0.00103451,0.0006554,0.000155,0.00107394,0.0021584,0.000586,0.00059952,0.00073016,0.000207,0.00011663,0.00024132,4.44E-05,0.00017289,0.00020808,4.93E-05,0.00015438,0.00015853,4.46E-05,0.00017475,0.00014415,4.81E-05,0.00016051,0.00017164,4.72E-05,0.00025771,0.00020233,5.49E-05,0.00015878,0.00016628,6.17E-05,0.00017256,0.00024704,5.66E-05,0.000217,0.00017307,4.67E-05,0.00018918,0.00022172,4.50E-05,0.00024822,0.00013862,3.04E-05,0.00018429,0.00021793,3.93E-05,0.00016558,0.00017964,4.31E-05,0.00013144,0.00015464,8.71E-05,0.00014631,0.00012865,8.73E-05,0.00018432,0.00010302,6.89E-05,0.00018715,0.00013214,8.09E-05,6.94E-05,0.0001772,4.84E-05,0.00016187,0.00024747,5.30E-05,0.00022575,0.00015059,4.43E-05,0.00014591,0.00016649,4.90E-05,0.00013164,0.00014258,7.39E-05,0.00016083,0.00016108,7.15E-05,0.00017643,0.00011166,4.55E-05,0.00011843,0.00011881,4.74E-05,0.00012102,0.00010143,3.25E-05,0.00166221,0.00117988,0.000382,0.00273498,0.00092727,0.000476,0.00121524,0.00123589,0.000675,0.00047842,0.00065113,0.000174,0.00032822,0.00031047,0.000132,0.00045747,0.0008816,0.0005
12,0.00013133,0.00014362,6.62E-05,0.000258,0.00010348,5.14E-05,0.00017906,0.00023176,3.61E-05,0.00011789,9.92E-05,5.52E-05,9.06E-05,0.00010045,1.42E-05,8.21E-05,9.39E-05,3.54E-05,0.00018629,5.21E-05,1.33E-05,0.00368629,0.00213503,0.00123,0.00017069,0.00025436,0.000156,0.00085693,0.00054233,0.000133,0.00090212,0.00180716,0.000479,0.00049233,0.0006134,0.000176,9.06E-05,0.0002128,3.71E-05,0.0001432,0.00017019,4.16E-05,0.00012841,0.0001313,3.76E-05,0.00015385,0.00011982,4.23E-05,0.00013041,0.00014292,3.94E-05,0.00019309,0.00018077,4.82E-05,0.000131,0.00013757,5.08E-05,0.00013479,0.00019957,4.71E-05,0.00017931,0.00013672,3.85E-05,0.00016054,0.00018378,3.61E-05,0.00020441,0.00011051,2.39E-05,0.0001549,0.00018034,3.39E-05,0.00012363,0.00014954,3.60E-05,0.00011035,0.00013294,7.37E-05,0.00012356,0.00010633,7.44E-05,0.00015642,8.52E-05,5.61E-05,0.00015442,0.00011683,6.69E-05,5.77E-05,0.00013922,4.08E-05,0.00013229,0.00019378,4.83E-05,0.0001866,0.00011875,3.13E-05,0.00011814,0.00011808,4.10E-05,0.00010987,0.00011864,5.34E-05,0.0001311,0.00013448,5.97E-05,0.00013859,9.33E-05,3.78E-05,9.79E-05,9.67E-05,4.03E-05,0.00010099,8.55E-05,2.71E-05,0.00137062,0.00100329,0.000318,0.00230314,0.00080701,0.000395,0.00099335,0.00102827,0.00057,0.00040633,0.00054535,0.000147,0.00027751,0.00026048,0.000112,0.00038541,0.00071334,0.000415
13,0.00011204,0.00012756,5.66E-05,0.00021765,8.79E-05,4.23E-05,0.00014658,0.00019471,3.05E-05,0.00010107,8.34E-05,4.64E-05,7.65E-05,8.38E-05,1.19E-05,6.68E-05,8.15E-05,2.96E-05,0.00015695,4.42E-05,1.11E-05,0.00304067,0.00172834,0.00105,0.00013321,0.00020901,0.000127,0.00072326,0.00045747,0.000115,0.00076773,0.00153592,0.000398,0.0004113,0.00052203,0.000151,7.33E-05,0.00016685,3.03E-05,0.00012032,0.00014114,3.55E-05,0.00010834,0.00010986,3.10E-05,0.00013256,0.00010105,3.80E-05,0.0001072,0.0001208,3.33E-05,0.00015226,0.00014754,4.15E-05,0.00011138,0.00011558,4.25E-05,0.00010669,0.00016145,3.93E-05,0.00015014,0.00010851,3.27E-05,0.00013521,0.0001521,3.12E-05,0.00017093,8.91E-05,2.06E-05,0.00013158,0.00015083,2.89E-05,0.00010823,0.00012635,3.05E-05,9.38E-05,0.00011524,6.19E-05,0.00010687,8.94E-05,6.41E-05,0.00013313,7.17E-05,4.85E-05,0.00012572,0.00010442,5.59E-05,4.86E-05,0.00011429,3.45E-05,0.00011113,0.00015757,4.14E-05,0.00015664,9.45E-05,2.69E-05,9.68E-05,0.00010442,3.50E-05,9.30E-05,0.00010002,4.45E-05,0.00010874,0.00011396,5.05E-05,0.00011565,7.89E-05,3.20E-05,8.21E-05,7.97E-05,3.42E-05,8.53E-05,7.31E-05,2.31E-05,0.00114818,0.0008631,0.000269,0.00195234,0.00066391,0.000328,0.00082477,0.00086886,0.000487,0.0003493,0.00046346,0.000125,0.00023709,0.0002216,9.53E-05,0.00032916,0.00058772,0.000351
14,9.67E-05,0.00011286,4.90E-05,0.00018321,7.56E-05,3.63E-05,0.00011798,0.00016033,2.52E-05,8.81E-05,7.09E-05,3.87E-05,6.55E-05,7.09E-05,1.02E-05,5.40E-05,7.07E-05,2.46E-05,0.00013445,3.80E-05,9.35E-06,0.00254714,0.00143175,0.000904,0.00010689,0.00017966,0.000105,0.00061975,0.00039194,0.0001,0.00066079,0.00132189,0.000336,0.00034866,0.00044936,0.000131,6.35E-05,0.00012443,2.48E-05,0.0001024,0.00011858,3.05E-05,9.26E-05,9.29E-05,2.55E-05,0.00011328,8.63E-05,3.37E-05,9.08E-05,0.00010344,2.86E-05,0.00012939,0.00011597,3.55E-05,9.65E-05,9.82E-05,3.60E-05,9.11E-05,0.00013174,3.32E-05,0.00012726,8.72E-05,2.82E-05,0.00011414,0.00012669,2.59E-05,0.00014486,7.29E-05,1.78E-05,0.00011271,0.00012751,2.54E-05,9.54E-05,0.00010815,2.61E-05,8.06E-05,0.00010042,5.14E-05,9.28E-05,7.63E-05,5.56E-05,0.00011399,6.24E-05,4.23E-05,0.0001022,9.31E-05,4.74E-05,4.15E-05,9.70E-05,2.94E-05,9.36E-05,0.00012998,3.45E-05,0.00013328,7.64E-05,2.31E-05,8.22E-05,9.32E-05,2.91E-05,7.97E-05,8.53E-05,3.79E-05,9.16E-05,9.78E-05,4.32E-05,9.77E-05,6.74E-05,2.74E-05,6.99E-05,6.66E-05,2.92E-05,7.29E-05,6.32E-05,1.99E-05,0.00097517,0.00075003,0.000231,0.00166799,0.00052878,0.000275,0.00069446,0.00074387,0.000421,0.00030342,0.00039879,0.000108,0.00020452,0.00019079,8.19E-05,0.00028439,0.0004919,0.0003
15,8.44E-05,9.97E-05,4.28E-05,0.00015175,6.58E-05,3.18E-05,9.54E-05,0.00013179,2.08E-05,7.86E-05,6.10E-05,3.25E-05,5.67E-05,6.07E-05,8.80E-06,4.40E-05,6.15E-05,2.05E-05,0.00011663,3.30E-05,8.11E-06,0.0021628,0.0012108,0.000788,9.26E-05,0.00015846,8.85E-05,0.00053768,0.0003401,8.81E-05,0.00057442,0.00114993,0.000288,0.0002993,0.0003907,0.000114,5.39E-05,0.00010072,2.06E-05,8.82E-05,0.00010082,2.63E-05,8.00E-05,7.94E-05,2.15E-05,9.68E-05,7.45E-05,2.97E-05,7.86E-05,8.96E-05,2.47E-05,0.00011069,9.07E-05,3.03E-05,8.46E-05,8.43E-05,3.10E-05,7.78E-05,0.0001088,2.84E-05,0.00010909,7.12E-05,2.45E-05,9.71E-05,0.00010659,2.23E-05,0.00012425,6.07E-05,1.55E-05,9.73E-05,0.00010892,2.24E-05,8.46E-05,9.36E-05,2.26E-05,7.00E-05,8.80E-05,4.26E-05,8.10E-05,6.59E-05,4.84E-05,9.83E-05,5.52E-05,3.70E-05,8.65E-05,8.27E-05,4.08E-05,3.58E-05,8.42E-05,2.54E-05,7.94E-05,0.00010867,2.93E-05,0.00011474,6.29E-05,1.99E-05,7.07E-05,8.27E-05,2.42E-05,6.91E-05,7.36E-05,3.25E-05,7.81E-05,8.48E-05,3.74E-05,8.35E-05,5.83E-05,2.38E-05,6.02E-05,5.65E-05,2.51E-05,6.29E-05,5.51E-05,1.74E-05,0.00083823,0.00065759,0.0002,0.00143682,0.00046911,0.000233,0.00059209,0.00064409,0.000367,0.00026595,0.0003468,9.41E-05,0.00017799,0.00016598,7.10E-05,0.00024818,0.0004174,0.000259
20,4.77E-05,6.23E-05,2.43E-05,7.58E-05,3.69E-05,1.58E-05,5.67E-05,6.99E-05,1.25E-05,4.76E-05,3.31E-05,1.53E-05,3.13E-05,3.25E-05,4.97E-06,2.35E-05,3.28E-05,9.34E-06,6.48E-05,1.86E-05,4.58E-06,0.0011236,0.00066014,0.000444,5.19E-05,9.00E-05,4.74E-05,0.0003008,0.00019079,5.14E-05,0.00031968,0.00064459,0.000153,0.00016023,0.00021782,6.52E-05,2.37E-05,5.25E-05,1.14E-05,4.75E-05,5.16E-05,1.40E-05,4.36E-05,4.11E-05,1.31E-05,4.87E-05,4.06E-05,1.58E-05,4.70E-05,4.94E-05,1.36E-05,5.65E-05,4.25E-05,1.52E-05,4.86E-05,4.55E-05,1.68E-05,4.13E-05,5.80E-05,1.55E-05,5.77E-05,3.41E-05,1.36E-05,5.16E-05,5.29E-05,1.19E-05,6.61E-05,3.19E-05,8.53E-06,5.24E-05,5.64E-05,1.28E-05,5.03E-05,5.15E-05,1.25E-05,3.88E-05,4.97E-05,1.89E-05,4.47E-05,3.61E-05,2.66E-05,5.21E-05,3.21E-05,2.05E-05,4.46E-05,4.55E-05,2.26E-05,1.95E-05,4.88E-05,1.40E-05,4.19E-05,5.27E-05,1.82E-05,6.20E-05,3.51E-05,1.05E-05,3.84E-05,4.70E-05,1.17E-05,3.81E-05,4.09E-05,1.69E-05,4.09E-05,4.71E-05,2.06E-05,4.36E-05,3.17E-05,1.33E-05,3.25E-05,2.96E-05,1.34E-05,3.44E-05,3.09E-05,9.73E-06,0.00045011,0.00037741,0.000111,0.00076502,0.00026526,0.000127,0.00032592,0.00035518,0.000208,0.00015258,0.00019408,5.31E-05,9.90E-05,9.29E-05,3.88E-05,0.00014043,0.00021416,0.000143
